jahr,alter,maennlich,weiblich,gesamt,source,variante
1871,0,511443,504995,1016438,original,original
1871,1,544113,544497,1088610,original,original
1871,2,554560,550592,1105152,original,original
1871,3,500910,498312,999222,original,original
1871,4,491422,491871,983293,original,original
1871,5,498685,498699,997384,original,original
1871,6,462317,464648,926965,original,original
1871,7,458566,459612,918178,original,original
1871,8,456919,456416,913335,original,original
1871,9,436150,433660,869810,original,original
1871,10,424913,420727,845640,original,original
1871,11,441360,436287,877647,original,original
1871,12,441638,439096,880734,original,original
1871,13,422970,420002,842972,original,original
1871,14,413223,410354,823577,original,original
1871,15,390631,388791,779422,original,original
1871,16,365743,362380,728123,original,original
1871,17,373866,383656,757522,original,original
1871,18,366510,380780,747290,original,original
1871,19,355540,377854,733394,original,original
1871,20,360021,377098,737119,original,original
1871,21,369045,383901,752946,original,original
1871,22,365286,377474,742760,original,original
1871,23,323437,354803,678240,original,original
1871,24,303949,332100,636049,original,original
1871,25,310116,339368,649484,original,original
1871,26,321735,348535,670270,original,original
1871,27,305973,328483,634456,original,original
1871,28,299652,319643,619295,original,original
1871,29,308495,334247,642742,original,original
1871,30,292403,304909,597312,original,original
1871,31,301981,317382,619363,original,original
1871,32,281446,296269,577715,original,original
1871,33,274952,287525,562477,original,original
1871,34,261980,272243,534223,original,original
1871,35,266773,287585,554358,original,original
1871,36,265280,277195,542475,original,original
1871,37,255956,265233,521189,original,original
1871,38,243996,249077,493073,original,original
1871,39,227482,242476,469958,original,original
1871,40,226693,234589,461282,original,original
1871,41,233736,243745,477481,original,original
1871,42,212577,233490,446067,original,original
1871,43,213161,225007,438168,original,original
1871,44,210870,222451,433321,original,original
1871,45,214729,229362,444091,original,original
1871,46,209230,219298,428528,original,original
1871,47,207046,223473,430519,original,original
1871,48,201800,212483,414283,original,original
1871,49,200163,211559,411722,original,original
1871,50,209384,223377,432761,original,original
1871,51,202816,216085,418901,original,original
1871,52,191407,198308,389715,original,original
1871,53,174327,183805,358132,original,original
1871,54,163025,175472,338497,original,original
1871,55,161311,173062,334373,original,original
1871,56,160514,169072,329586,original,original
1871,57,135135,144683,279818,original,original
1871,58,133841,145040,278881,original,original
1871,59,130867,141334,272201,original,original
1871,60,146333,167344,313677,original,original
1871,61,128569,142333,270902,original,original
1871,62,113153,122888,236041,original,original
1871,63,108772,116630,225402,original,original
1871,64,101695,111525,213220,original,original
1871,65,90966,104129,195095,original,original
1871,66,89269,99474,188743,original,original
1871,67,85424,93691,179115,original,original
1871,68,78280,85349,163629,original,original
1871,69,74429,79086,153515,original,original
1871,70,75042,86271,161313,original,original
1871,71,66741,79597,146338,original,original
1871,72,49045,49335,98380,original,original
1871,73,43980,48129,92109,original,original
1871,74,41679,44587,86266,original,original
1871,75,36188,40446,76634,original,original
1871,76,29911,32461,62372,original,original
1871,77,24922,28197,53119,original,original
1871,78,21425,23714,45139,original,original
1871,79,18780,20260,39040,original,original
1871,80,14733,17690,32423,original,original
1871,81,12924,16028,28952,original,original
1871,82,8228,9920,18148,original,original
1871,83,6960,8629,15589,original,original
1871,84,5570,7150,12720,original,original
1871,85,4600,5892,10492,original,original
1871,86,3467,4494,7961,original,original
1871,87,2739,3459,6198,original,original
1871,88,2016,2541,4557,original,original
1871,89,1391,1881,3272,original,original
1871,90,1042,1536,2578,original,original
1871,91,0,0,0,original,original
1871,92,0,0,0,original,original
1871,93,0,0,0,original,original
1871,94,0,0,0,original,original
1871,95,0,0,0,original,original
1871,96,0,0,0,original,original
1871,97,0,0,0,original,original
1871,98,0,0,0,original,original
1871,99,0,0,0,original,original
1872,0,829689,793133,1622822,reconstructed,reconstructed
1872,1,396416,407803,804219,reconstructed,reconstructed
1872,2,512793,513490,1026283,reconstructed,reconstructed
1872,3,534503,531083,1065586,reconstructed,reconstructed
1872,4,490312,488041,978353,reconstructed,reconstructed
1872,5,482173,482315,964488,reconstructed,reconstructed
1872,6,491957,491863,983820,reconstructed,reconstructed
1872,7,456407,458369,914776,reconstructed,reconstructed
1872,8,455539,456876,912415,reconstructed,reconstructed
1872,9,453199,453498,906697,reconstructed,reconstructed
1872,10,432349,431746,864095,reconstructed,reconstructed
1872,11,420184,417229,837413,reconstructed,reconstructed
1872,12,437580,434737,872317,reconstructed,reconstructed
1872,13,436934,435896,872830,reconstructed,reconstructed
1872,14,419614,417929,837543,reconstructed,reconstructed
1872,15,409078,407141,816219,reconstructed,reconstructed
1872,16,386233,386840,773073,reconstructed,reconstructed
1872,17,361741,359650,721391,reconstructed,reconstructed
1872,18,369761,381351,751112,reconstructed,reconstructed
1872,19,362379,376516,738895,reconstructed,reconstructed
1872,20,352501,375181,727682,reconstructed,reconstructed
1872,21,354976,370553,725529,reconstructed,reconstructed
1872,22,365904,381461,747365,reconstructed,reconstructed
1872,23,359797,372140,731937,reconstructed,reconstructed
1872,24,319902,350942,670844,reconstructed,reconstructed
1872,25,300567,327202,627769,reconstructed,reconstructed
1872,26,306465,334350,640815,reconstructed,reconstructed
1872,27,318423,344302,662725,reconstructed,reconstructed
1872,28,303309,324886,628195,reconstructed,reconstructed
1872,29,295981,314761,610742,reconstructed,reconstructed
1872,30,306030,331558,637588,reconstructed,reconstructed
1872,31,287446,298152,585598,reconstructed,reconstructed
1872,32,300123,316358,616481,reconstructed,reconstructed
1872,33,277850,291989,569839,reconstructed,reconstructed
1872,34,272092,284425,556517,reconstructed,reconstructed
1872,35,258564,268632,527196,reconstructed,reconstructed
1872,36,263713,284158,547871,reconstructed,reconstructed
1872,37,261787,273484,535271,reconstructed,reconstructed
1872,38,252326,261645,513971,reconstructed,reconstructed
1872,39,240237,245133,485370,reconstructed,reconstructed
1872,40,224706,239851,464557,reconstructed,reconstructed
1872,41,221619,228929,450548,reconstructed,reconstructed
1872,42,231406,243020,474426,reconstructed,reconstructed
1872,43,208566,228236,436802,reconstructed,reconstructed
1872,44,209803,222012,431815,reconstructed,reconstructed
1872,45,206881,218968,425849,reconstructed,reconstructed
1872,46,210358,225717,436075,reconstructed,reconstructed
1872,47,205564,216672,422236,reconstructed,reconstructed
1872,48,203498,220797,424295,reconstructed,reconstructed
1872,49,196950,208222,405172,reconstructed,reconstructed
1872,50,195885,208326,404211,reconstructed,reconstructed
1872,51,202825,216727,419552,reconstructed,reconstructed
1872,52,199558,214877,414435,reconstructed,reconstructed
1872,53,186348,193758,380106,reconstructed,reconstructed
1872,54,170135,180527,350662,reconstructed,reconstructed
1872,55,158577,171587,330164,reconstructed,reconstructed
1872,56,156378,168865,325243,reconstructed,reconstructed
1872,57,155765,165221,320986,reconstructed,reconstructed
1872,58,131277,141692,272969,reconstructed,reconstructed
1872,59,129438,141240,270678,reconstructed,reconstructed
1872,60,126115,137032,263147,reconstructed,reconstructed
1872,61,139226,159358,298584,reconstructed,reconstructed
1872,62,123542,138011,261553,reconstructed,reconstructed
1872,63,107470,116982,224452,reconstructed,reconstructed
1872,64,103231,111251,214482,reconstructed,reconstructed
1872,65,96162,105610,201772,reconstructed,reconstructed
1872,66,85597,98349,183946,reconstructed,reconstructed
1872,67,83723,93823,177546,reconstructed,reconstructed
1872,68,79833,88108,167941,reconstructed,reconstructed
1872,69,72760,80121,152881,reconstructed,reconstructed
1872,70,69073,74194,143267,reconstructed,reconstructed
1872,71,68454,79068,147522,reconstructed,reconstructed
1872,72,60747,73425,134172,reconstructed,reconstructed
1872,73,44140,44524,88664,reconstructed,reconstructed
1872,74,39150,43002,82152,reconstructed,reconstructed
1872,75,37200,40247,77447,reconstructed,reconstructed
1872,76,31810,35901,67711,reconstructed,reconstructed
1872,77,26023,28577,54600,reconstructed,reconstructed
1872,78,21458,24581,46039,reconstructed,reconstructed
1872,79,18274,20492,38766,reconstructed,reconstructed
1872,80,15731,17514,33245,reconstructed,reconstructed
1872,81,12081,14733,26814,reconstructed,reconstructed
1872,82,10714,13415,24129,reconstructed,reconstructed
1872,83,6576,8004,14580,reconstructed,reconstructed
1872,84,5466,6844,12310,reconstructed,reconstructed
1872,85,4294,5567,9861,reconstructed,reconstructed
1872,86,3479,4499,7978,reconstructed,reconstructed
1872,87,2571,3363,5934,reconstructed,reconstructed
1872,88,1990,2535,4525,reconstructed,reconstructed
1872,89,1434,1823,3257,reconstructed,reconstructed
1872,90,969,1320,2289,reconstructed,reconstructed
1872,91,0,0,0,reconstructed,reconstructed
1872,92,0,0,0,reconstructed,reconstructed
1872,93,0,0,0,reconstructed,reconstructed
1872,94,0,0,0,reconstructed,reconstructed
1872,95,0,0,0,reconstructed,reconstructed
1872,96,0,0,0,reconstructed,reconstructed
1872,97,0,0,0,reconstructed,reconstructed
1872,98,0,0,0,reconstructed,reconstructed
1872,99,0,0,0,reconstructed,reconstructed
1873,0,812247,774225,1586472,reconstructed,reconstructed
1873,1,620002,620706,1240708,reconstructed,reconstructed
1873,2,383987,393642,777629,reconstructed,reconstructed
1873,3,499645,500287,999932,reconstructed,reconstructed
1873,4,520549,517582,1038131,reconstructed,reconstructed
1873,5,482904,480748,963652,reconstructed,reconstructed
1873,6,475047,474865,949912,reconstructed,reconstructed
1873,7,486647,486496,973143,reconstructed,reconstructed
1873,8,451526,453083,904609,reconstructed,reconstructed
1873,9,453238,454827,908065,reconstructed,reconstructed
1873,10,450037,451089,901126,reconstructed,reconstructed
1873,11,428929,430169,859098,reconstructed,reconstructed
1873,12,415727,413958,829685,reconstructed,reconstructed
1873,13,434002,433305,867307,reconstructed,reconstructed
1873,14,432349,432745,865094,reconstructed,reconstructed
1873,15,416256,415832,832088,reconstructed,reconstructed
1873,16,404815,403867,808682,reconstructed,reconstructed
1873,17,381617,384786,766403,reconstructed,reconstructed
1873,18,357481,356809,714290,reconstructed,reconstructed
1873,19,365398,378906,744304,reconstructed,reconstructed
1873,20,358015,372125,730140,reconstructed,reconstructed
1873,21,349259,372360,721619,reconstructed,reconstructed
1873,22,349792,363913,713705,reconstructed,reconstructed
1873,23,362613,378872,741485,reconstructed,reconstructed
1873,24,354380,366707,721087,reconstructed,reconstructed
1873,25,316421,346978,663399,reconstructed,reconstructed
1873,26,297218,322240,619458,reconstructed,reconstructed
1873,27,302832,329279,632111,reconstructed,reconstructed
1873,28,315102,340009,655111,reconstructed,reconstructed
1873,29,300617,321236,621853,reconstructed,reconstructed
1873,30,292293,309861,602154,reconstructed,reconstructed
1873,31,303514,328803,632317,reconstructed,reconstructed
1873,32,282482,291417,573899,reconstructed,reconstructed
1873,33,298183,315234,613417,reconstructed,reconstructed
1873,34,274201,287679,561880,reconstructed,reconstructed
1873,35,269156,281273,550429,reconstructed,reconstructed
1873,36,255080,264987,520067,reconstructed,reconstructed
1873,37,260564,280686,541250,reconstructed,reconstructed
1873,38,258206,269744,527950,reconstructed,reconstructed
1873,39,248611,258041,506652,reconstructed,reconstructed
1873,40,236402,241204,477606,reconstructed,reconstructed
1873,41,221839,237226,459065,reconstructed,reconstructed
1873,42,216520,223358,439878,reconstructed,reconstructed
1873,43,228963,242271,471234,reconstructed,reconstructed
1873,44,204498,223077,427575,reconstructed,reconstructed
1873,45,206355,219034,425389,reconstructed,reconstructed
1873,46,202812,215493,418305,reconstructed,reconstructed
1873,47,205903,222038,427941,reconstructed,reconstructed
1873,48,201784,213947,415731,reconstructed,reconstructed
1873,49,199822,217998,417820,reconstructed,reconstructed
1873,50,192019,203873,395892,reconstructed,reconstructed
1873,51,191493,204955,396448,reconstructed,reconstructed
1873,52,196229,210030,406259,reconstructed,reconstructed
1873,53,196107,213431,409538,reconstructed,reconstructed
1873,54,181185,189096,370281,reconstructed,reconstructed
1873,55,165809,177091,342900,reconstructed,reconstructed
1873,56,154012,167548,321560,reconstructed,reconstructed
1873,57,151336,164490,315826,reconstructed,reconstructed
1873,58,150872,161135,312007,reconstructed,reconstructed
1873,59,127260,138439,265699,reconstructed,reconstructed
1873,60,124886,137178,262064,reconstructed,reconstructed
1873,61,121218,132478,253696,reconstructed,reconstructed
1873,62,132063,151245,283308,reconstructed,reconstructed
1873,63,118329,133371,251700,reconstructed,reconstructed
1873,64,101707,110953,212660,reconstructed,reconstructed
1873,65,97590,105713,203303,reconstructed,reconstructed
1873,66,90544,99593,190137,reconstructed,reconstructed
1873,67,80171,92476,172647,reconstructed,reconstructed
1873,68,78125,88071,166196,reconstructed,reconstructed
1873,69,74199,82431,156630,reconstructed,reconstructed
1873,70,67224,74792,142016,reconstructed,reconstructed
1873,71,63681,69163,132844,reconstructed,reconstructed
1873,72,61991,71938,133929,reconstructed,reconstructed
1873,73,54855,67166,122021,reconstructed,reconstructed
1873,74,39383,39805,79188,reconstructed,reconstructed
1873,75,34522,38032,72554,reconstructed,reconstructed
1873,76,32866,35939,68805,reconstructed,reconstructed
1873,77,27655,31512,59167,reconstructed,reconstructed
1873,78,22373,24864,47237,reconstructed,reconstructed
1873,79,18241,21170,39411,reconstructed,reconstructed
1873,80,15374,17483,32857,reconstructed,reconstructed
1873,81,12985,14930,27915,reconstructed,reconstructed
1873,82,9752,12095,21847,reconstructed,reconstructed
1873,83,8731,11047,19778,reconstructed,reconstructed
1873,84,5165,6349,11514,reconstructed,reconstructed
1873,85,4214,5329,9543,reconstructed,reconstructed
1873,86,3248,4252,7500,reconstructed,reconstructed
1873,87,2580,3367,5947,reconstructed,reconstructed
1873,88,1868,2465,4333,reconstructed,reconstructed
1873,89,1416,1819,3235,reconstructed,reconstructed
1873,90,999,1280,2279,reconstructed,reconstructed
1873,91,0,0,0,reconstructed,reconstructed
1873,92,0,0,0,reconstructed,reconstructed
1873,93,0,0,0,reconstructed,reconstructed
1873,94,0,0,0,reconstructed,reconstructed
1873,95,0,0,0,reconstructed,reconstructed
1873,96,0,0,0,reconstructed,reconstructed
1873,97,0,0,0,reconstructed,reconstructed
1873,98,0,0,0,reconstructed,reconstructed
1873,99,0,0,0,reconstructed,reconstructed
1874,0,852883,814982,1667865,reconstructed,reconstructed
1874,1,606968,605908,1212876,reconstructed,reconstructed
1874,2,579751,581204,1160955,reconstructed,reconstructed
1874,3,384107,392225,776332,reconstructed,reconstructed
1874,4,491890,492462,984352,reconstructed,reconstructed
1874,5,510088,507340,1017428,reconstructed,reconstructed
1874,6,477566,475488,953054,reconstructed,reconstructed
1874,7,469304,468853,938157,reconstructed,reconstructed
1874,8,482415,482159,964574,reconstructed,reconstructed
1874,9,447393,448516,895909,reconstructed,reconstructed
1874,10,451479,453278,904757,reconstructed,reconstructed
1874,11,447265,449035,896300,reconstructed,reconstructed
1874,12,425776,428808,854584,reconstructed,reconstructed
1874,13,411470,410814,822284,reconstructed,reconstructed
1874,14,430535,431908,862443,reconstructed,reconstructed
1874,15,427770,429578,857348,reconstructed,reconstructed
1874,16,412771,413662,826433,reconstructed,reconstructed
1874,17,400321,400496,800817,reconstructed,reconstructed
1874,18,376732,382604,759336,reconstructed,reconstructed
1874,19,352975,353844,706819,reconstructed,reconstructed
1874,20,360802,376314,737116,reconstructed,reconstructed
1874,21,353462,367609,721071,reconstructed,reconstructed
1874,22,345853,369397,715250,reconstructed,reconstructed
1874,23,344502,357190,701692,reconstructed,reconstructed
1874,24,359356,376142,735498,reconstructed,reconstructed
1874,25,349045,361189,710234,reconstructed,reconstructed
1874,26,312972,342928,655900,reconstructed,reconstructed
1874,27,293883,317228,611111,reconstructed,reconstructed
1874,28,299200,324169,623369,reconstructed,reconstructed
1874,29,311761,335671,647432,reconstructed,reconstructed
1874,30,297888,317543,615431,reconstructed,reconstructed
1874,31,288581,304944,593525,reconstructed,reconstructed
1874,32,300939,325982,626921,reconstructed,reconstructed
1874,33,277502,284706,562208,reconstructed,reconstructed
1874,34,296148,314004,610152,reconstructed,reconstructed
1874,35,270491,283341,553832,reconstructed,reconstructed
1874,36,266136,278071,544207,reconstructed,reconstructed
1874,37,251522,261311,512833,reconstructed,reconstructed
1874,38,257319,277177,534496,reconstructed,reconstructed
1874,39,254534,265990,520524,reconstructed,reconstructed
1874,40,244813,254440,499253,reconstructed,reconstructed
1874,41,232497,237305,469802,reconstructed,reconstructed
1874,42,218887,234615,453502,reconstructed,reconstructed
1874,43,211400,217885,429285,reconstructed,reconstructed
1874,44,226399,241504,467903,reconstructed,reconstructed
1874,45,200368,217987,418355,reconstructed,reconstructed
1874,46,202810,216052,418862,reconstructed,reconstructed
1874,47,198656,211985,410641,reconstructed,reconstructed
1874,48,201361,218283,419644,reconstructed,reconstructed
1874,49,197886,211106,408992,reconstructed,reconstructed
1874,50,196013,215059,411072,reconstructed,reconstructed
1874,51,187006,199426,386432,reconstructed,reconstructed
1874,52,186987,201444,388431,reconstructed,reconstructed
1874,53,189598,203290,392888,reconstructed,reconstructed
1874,54,192457,211729,404186,reconstructed,reconstructed
1874,55,175914,184316,360230,reconstructed,reconstructed
1874,56,161343,173472,334815,reconstructed,reconstructed
1874,57,149322,163327,312649,reconstructed,reconstructed
1874,58,146179,159907,306086,reconstructed,reconstructed
1874,59,145827,156788,302615,reconstructed,reconstructed
1874,60,123077,134903,257980,reconstructed,reconstructed
1874,61,120180,132849,253029,reconstructed,reconstructed
1874,62,116171,127678,243849,reconstructed,reconstructed
1874,63,124850,143033,267883,reconstructed,reconstructed
1874,64,112933,128425,241358,reconstructed,reconstructed
1874,65,95875,104823,200698,reconstructed,reconstructed
1874,66,91865,100036,191901,reconstructed,reconstructed
1874,67,84859,93498,178357,reconstructed,reconstructed
1874,68,74711,86538,161249,reconstructed,reconstructed
1874,69,72502,82245,154747,reconstructed,reconstructed
1874,70,68549,76688,145237,reconstructed,reconstructed
1874,71,61701,69378,131079,reconstructed,reconstructed
1874,72,58286,64006,122292,reconstructed,reconstructed
1874,73,55693,64900,120593,reconstructed,reconstructed
1874,74,49109,60869,109978,reconstructed,reconstructed
1874,75,34810,35227,70037,reconstructed,reconstructed
1874,76,30132,33275,63407,reconstructed,reconstructed
1874,77,28719,31731,60450,reconstructed,reconstructed
1874,78,23761,27337,51098,reconstructed,reconstructed
1874,79,18992,21372,40364,reconstructed,reconstructed
1874,80,15297,18002,33299,reconstructed,reconstructed
1874,81,12746,14716,27462,reconstructed,reconstructed
1874,82,10551,12536,23087,reconstructed,reconstructed
1874,83,7742,9773,17515,reconstructed,reconstructed
1874,84,6989,8938,15927,reconstructed,reconstructed
1874,85,3982,4943,8925,reconstructed,reconstructed
1874,86,3187,4070,7257,reconstructed,reconstructed
1874,87,2409,3182,5591,reconstructed,reconstructed
1874,88,1875,2468,4343,reconstructed,reconstructed
1874,89,1329,1769,3098,reconstructed,reconstructed
1874,90,986,1277,2263,reconstructed,reconstructed
1874,91,0,0,0,reconstructed,reconstructed
1874,92,0,0,0,reconstructed,reconstructed
1874,93,0,0,0,reconstructed,reconstructed
1874,94,0,0,0,reconstructed,reconstructed
1874,95,0,0,0,reconstructed,reconstructed
1874,96,0,0,0,reconstructed,reconstructed
1874,97,0,0,0,reconstructed,reconstructed
1874,98,0,0,0,reconstructed,reconstructed
1874,99,0,0,0,reconstructed,reconstructed
1875,0,882768,841813,1724581,reconstructed,reconstructed
1875,1,637334,637805,1275139,reconstructed,reconstructed
1875,2,567564,567348,1134912,reconstructed,reconstructed
1875,3,560510,562269,1122779,reconstructed,reconstructed
1875,4,387805,394539,782344,reconstructed,reconstructed
1875,5,487221,487542,974763,reconstructed,reconstructed
1875,6,501892,499320,1001212,reconstructed,reconstructed
1875,7,473577,471618,945195,reconstructed,reconstructed
1875,8,464613,463850,928463,reconstructed,reconstructed
1875,9,478968,478569,957537,reconstructed,reconstructed
1875,10,443816,444473,888289,reconstructed,reconstructed
1875,11,450096,452077,902173,reconstructed,reconstructed
1875,12,444764,447211,891975,reconstructed,reconstructed
1875,13,422816,427562,850378,reconstructed,reconstructed
1875,14,407324,407718,815042,reconstructed,reconstructed
1875,15,427065,430481,857546,reconstructed,reconstructed
1875,16,423069,426343,849412,reconstructed,reconstructed
1875,17,409044,411383,820427,reconstructed,reconstructed
1875,18,395541,397003,792544,reconstructed,reconstructed
1875,19,371593,380282,751875,reconstructed,reconstructed
1875,20,348248,350749,698997,reconstructed,reconstructed
1875,21,356019,373574,729593,reconstructed,reconstructed
1875,22,348764,362974,711738,reconstructed,reconstructed
1875,23,342314,366298,708612,reconstructed,reconstructed
1875,24,339281,350395,689676,reconstructed,reconstructed
1875,25,356146,373280,729426,reconstructed,reconstructed
1875,26,343773,355602,699375,reconstructed,reconstructed
1875,27,309536,338804,648340,reconstructed,reconstructed
1875,28,290545,312181,602726,reconstructed,reconstructed
1875,29,295557,319033,614590,reconstructed,reconstructed
1875,30,308393,331296,639689,reconstructed,reconstructed
1875,31,295116,313808,608924,reconstructed,reconstructed
1875,32,284837,300012,584849,reconstructed,reconstructed
1875,33,298295,323093,621388,reconstructed,reconstructed
1875,34,272496,278018,550514,reconstructed,reconstructed
1875,35,294007,312671,606678,reconstructed,reconstructed
1875,36,266713,278979,545692,reconstructed,reconstructed
1875,37,263024,274823,537847,reconstructed,reconstructed
1875,38,247884,257611,505495,reconstructed,reconstructed
1875,39,253976,273646,527622,reconstructed,reconstructed
1875,40,250774,262240,513014,reconstructed,reconstructed
1875,41,240937,250858,491795,reconstructed,reconstructed
1875,42,228527,233451,461978,reconstructed,reconstructed
1875,43,215849,232027,447876,reconstructed,reconstructed
1875,44,206253,212514,418767,reconstructed,reconstructed
1875,45,223705,240694,464399,reconstructed,reconstructed
1875,46,196167,212947,409114,reconstructed,reconstructed
1875,47,199161,213025,412186,reconstructed,reconstructed
1875,48,194412,208404,402816,reconstructed,reconstructed
1875,49,196730,214437,411167,reconstructed,reconstructed
1875,50,193867,208134,402001,reconstructed,reconstructed
1875,51,192070,211965,404035,reconstructed,reconstructed
1875,52,181914,194881,376795,reconstructed,reconstructed
1875,53,182366,197792,380158,reconstructed,reconstructed
1875,54,182933,196504,379437,reconstructed,reconstructed
1875,55,188599,209759,398358,reconstructed,reconstructed
1875,56,170530,179394,349924,reconstructed,reconstructed
1875,57,156728,169639,326367,reconstructed,reconstructed
1875,58,144502,158894,303396,reconstructed,reconstructed
1875,59,140901,155093,295994,reconstructed,reconstructed
1875,60,140620,152158,292778,reconstructed,reconstructed
1875,61,118719,131075,249794,reconstructed,reconstructed
1875,62,115315,128257,243572,reconstructed,reconstructed
1875,63,110976,122643,233619,reconstructed,reconstructed
1875,64,117597,134750,252347,reconstructed,reconstructed
1875,65,107364,123185,230549,reconstructed,reconstructed
1875,66,89990,98615,188605,reconstructed,reconstructed
1875,67,86076,94245,180321,reconstructed,reconstructed
1875,68,79131,87354,166485,reconstructed,reconstructed
1875,69,69239,80560,149799,reconstructed,reconstructed
1875,70,66880,76374,143254,reconstructed,reconstructed
1875,71,62913,70896,133809,reconstructed,reconstructed
1875,72,56224,63893,120117,reconstructed,reconstructed
1875,73,52927,58738,111665,reconstructed,reconstructed
1875,74,49602,58003,107605,reconstructed,reconstructed
1875,75,43554,54609,98163,reconstructed,reconstructed
1875,76,30455,30841,61296,reconstructed,reconstructed
1875,77,26011,28786,54797,reconstructed,reconstructed
1875,78,24800,27688,52488,reconstructed,reconstructed
1875,79,20157,23430,43587,reconstructed,reconstructed
1875,80,15904,18139,34043,reconstructed,reconstructed
1875,81,12641,15103,27744,reconstructed,reconstructed
1875,82,10403,12207,22610,reconstructed,reconstructed
1875,83,8433,10356,18789,reconstructed,reconstructed
1875,84,6039,7762,13801,reconstructed,reconstructed
1875,85,5490,7097,12587,reconstructed,reconstructed
1875,86,3012,3775,6787,reconstructed,reconstructed
1875,87,2364,3046,5410,reconstructed,reconstructed
1875,88,1750,2332,4082,reconstructed,reconstructed
1875,89,1334,1771,3105,reconstructed,reconstructed
1875,90,925,1242,2167,reconstructed,reconstructed
1875,91,0,0,0,reconstructed,reconstructed
1875,92,0,0,0,reconstructed,reconstructed
1875,93,0,0,0,reconstructed,reconstructed
1875,94,0,0,0,reconstructed,reconstructed
1875,95,0,0,0,reconstructed,reconstructed
1875,96,0,0,0,reconstructed,reconstructed
1875,97,0,0,0,reconstructed,reconstructed
1875,98,0,0,0,reconstructed,reconstructed
1875,99,0,0,0,reconstructed,reconstructed
1876,0,907724,866000,1773724,reconstructed,reconstructed
1876,1,659666,658803,1318469,reconstructed,reconstructed
1876,2,595958,597215,1193173,reconstructed,reconstructed
1876,3,548726,548864,1097590,reconstructed,reconstructed
1876,4,547567,549601,1097168,reconstructed,reconstructed
1876,5,393546,398846,792392,reconstructed,reconstructed
1876,6,484556,484613,969169,reconstructed,reconstructed
1876,7,495174,492817,987991,reconstructed,reconstructed
1876,8,470615,468723,939338,reconstructed,reconstructed
1876,9,460686,459577,920263,reconstructed,reconstructed
1876,10,476105,475522,951627,reconstructed,reconstructed
1876,11,440628,440797,881425,reconstructed,reconstructed
1876,12,448973,451099,900072,reconstructed,reconstructed
1876,13,442458,445510,887968,reconstructed,reconstructed
1876,14,419960,426349,846309,reconstructed,reconstructed
1876,15,403181,404607,807788,reconstructed,reconstructed
1876,16,423466,428973,852439,reconstructed,reconstructed
1876,17,418129,423005,841134,reconstructed,reconstructed
1876,18,405017,408968,813985,reconstructed,reconstructed
1876,19,390491,393377,783868,reconstructed,reconstructed
1876,20,366226,377810,744036,reconstructed,reconstructed
1876,21,343344,347524,690868,reconstructed,reconstructed
1876,22,351092,370689,721781,reconstructed,reconstructed
1876,23,343952,358229,702181,reconstructed,reconstructed
1876,24,338814,363071,701885,reconstructed,reconstructed
1876,25,334140,343542,677682,reconstructed,reconstructed
1876,26,352961,370303,723264,reconstructed,reconstructed
1876,27,338540,349962,688502,reconstructed,reconstructed
1876,28,306097,334621,640718,reconstructed,reconstructed
1876,29,287193,307112,594305,reconstructed,reconstructed
1876,30,291896,313881,605777,reconstructed,reconstructed
1876,31,304990,326888,631878,reconstructed,reconstructed
1876,32,292292,310031,602323,reconstructed,reconstructed
1876,33,281054,295064,576118,reconstructed,reconstructed
1876,34,295570,320132,615702,reconstructed,reconstructed
1876,35,267458,271356,538814,reconstructed,reconstructed
1876,36,291751,311236,602987,reconstructed,reconstructed
1876,37,262860,274595,537455,reconstructed,reconstructed
1876,38,259815,271536,531351,reconstructed,reconstructed
1876,39,244164,253900,498064,reconstructed,reconstructed
1876,40,250537,270111,520648,reconstructed,reconstructed
1876,41,246931,258510,505441,reconstructed,reconstructed
1876,42,236989,247310,484299,reconstructed,reconstructed
1876,43,224492,229652,454144,reconstructed,reconstructed
1876,44,212720,229467,442187,reconstructed,reconstructed
1876,45,201075,207220,408295,reconstructed,reconstructed
1876,46,220871,239819,460690,reconstructed,reconstructed
1876,47,191894,207914,399808,reconstructed,reconstructed
1876,48,195404,209912,405316,reconstructed,reconstructed
1876,49,190077,204737,394814,reconstructed,reconstructed
1876,50,192009,210485,402494,reconstructed,reconstructed
1876,51,189726,205016,394742,reconstructed,reconstructed
1876,52,187993,208714,396707,reconstructed,reconstructed
1876,53,176742,190239,366981,reconstructed,reconstructed
1876,54,177628,193988,371616,reconstructed,reconstructed
1876,55,176232,189671,365903,reconstructed,reconstructed
1876,56,184524,207484,392008,reconstructed,reconstructed
1876,57,165028,174305,339333,reconstructed,reconstructed
1876,58,151958,165560,317518,reconstructed,reconstructed
1876,59,139544,154225,293769,reconstructed,reconstructed
1876,60,135495,150027,285522,reconstructed,reconstructed
1876,61,135245,147238,282483,reconstructed,reconstructed
1876,62,114181,126958,241139,reconstructed,reconstructed
1876,63,110290,123412,233702,reconstructed,reconstructed
1876,64,105638,117388,223026,reconstructed,reconstructed
1876,65,110322,126427,236749,reconstructed,reconstructed
1876,66,101637,117671,219308,reconstructed,reconstructed
1876,67,84074,92356,176430,reconstructed,reconstructed
1876,68,80245,88364,168609,reconstructed,reconstructed
1876,69,73383,81188,154571,reconstructed,reconstructed
1876,70,63783,74573,138356,reconstructed,reconstructed
1876,71,61287,70475,131762,reconstructed,reconstructed
1876,72,57324,65070,122394,reconstructed,reconstructed
1876,73,50829,58351,109180,reconstructed,reconstructed
1876,74,47647,53400,101047,reconstructed,reconstructed
1876,75,43762,51313,95075,reconstructed,reconstructed
1876,76,38236,48471,86707,reconstructed,reconstructed
1876,77,26353,26698,53051,reconstructed,reconstructed
1876,78,22188,24611,46799,reconstructed,reconstructed
1876,79,21144,23867,45011,reconstructed,reconstructed
1876,80,16867,19829,36696,reconstructed,reconstructed
1876,81,13123,15190,28313,reconstructed,reconstructed
1876,82,10283,12488,22771,reconstructed,reconstructed
1876,83,8350,9966,18316,reconstructed,reconstructed
1876,84,6622,8404,15026,reconstructed,reconstructed
1876,85,4624,6052,10676,reconstructed,reconstructed
1876,86,4229,5525,9754,reconstructed,reconstructed
1876,87,2233,2825,5058,reconstructed,reconstructed
1876,88,1717,2232,3949,reconstructed,reconstructed
1876,89,1245,1673,2918,reconstructed,reconstructed
1876,90,929,1243,2172,reconstructed,reconstructed
1876,91,0,0,0,reconstructed,reconstructed
1876,92,0,0,0,reconstructed,reconstructed
1876,93,0,0,0,reconstructed,reconstructed
1876,94,0,0,0,reconstructed,reconstructed
1876,95,0,0,0,reconstructed,reconstructed
1876,96,0,0,0,reconstructed,reconstructed
1876,97,0,0,0,reconstructed,reconstructed
1876,98,0,0,0,reconstructed,reconstructed
1876,99,0,0,0,reconstructed,reconstructed
1877,0,892326,847195,1739521,reconstructed,reconstructed
1877,1,678315,677732,1356047,reconstructed,reconstructed
1877,2,616841,616876,1233717,reconstructed,reconstructed
1877,3,576178,577758,1153936,reconstructed,reconstructed
1877,4,536056,536498,1072554,reconstructed,reconstructed
1877,5,538231,540329,1078560,reconstructed,reconstructed
1877,6,400623,404534,805157,reconstructed,reconstructed
1877,7,483197,483044,966241,reconstructed,reconstructed
1877,8,489577,487376,976953,reconstructed,reconstructed
1877,9,468402,466535,934937,reconstructed,reconstructed
1877,10,457329,455835,913164,reconstructed,reconstructed
1877,11,473650,472854,946504,reconstructed,reconstructed
1877,12,437711,437361,875072,reconstructed,reconstructed
1877,13,448036,450239,898275,reconstructed,reconstructed
1877,14,440255,443847,884102,reconstructed,reconstructed
1877,15,417097,425105,842202,reconstructed,reconstructed
1877,16,398923,401434,800357,reconstructed,reconstructed
1877,17,419619,427344,846963,reconstructed,reconstructed
1877,18,412893,419537,832430,reconstructed,reconstructed
1877,19,400702,406404,807106,reconstructed,reconstructed
1877,20,385196,389610,774806,reconstructed,reconstructed
1877,21,360679,375188,735867,reconstructed,reconstructed
1877,22,338306,344173,682479,reconstructed,reconstructed
1877,23,346055,367667,713722,reconstructed,reconstructed
1877,24,339201,353383,692584,reconstructed,reconstructed
1877,25,335365,359726,695091,reconstructed,reconstructed
1877,26,329058,336650,665708,reconstructed,reconstructed
1877,27,349780,367223,717003,reconstructed,reconstructed
1877,28,333329,344285,677614,reconstructed,reconstructed
1877,29,302642,330392,633034,reconstructed,reconstructed
1877,30,283822,302030,585852,reconstructed,reconstructed
1877,31,288211,308717,596928,reconstructed,reconstructed
1877,32,301543,322447,623990,reconstructed,reconstructed
1877,33,289408,306212,595620,reconstructed,reconstructed
1877,34,277219,290098,567317,reconstructed,reconstructed
1877,35,292754,317101,609855,reconstructed,reconstructed
1877,36,262383,264725,527108,reconstructed,reconstructed
1877,37,289372,309700,599072,reconstructed,reconstructed
1877,38,258927,270199,529126,reconstructed,reconstructed
1877,39,256505,268222,524727,reconstructed,reconstructed
1877,40,240363,250196,490559,reconstructed,reconstructed
1877,41,247007,266588,513595,reconstructed,reconstructed
1877,42,243011,254816,497827,reconstructed,reconstructed
1877,43,232970,243807,476777,reconstructed,reconstructed
1877,44,220388,225911,446299,reconstructed,reconstructed
1877,45,209490,226913,436403,reconstructed,reconstructed
1877,46,195862,201984,397846,reconstructed,reconstructed
1877,47,217890,238831,456721,reconstructed,reconstructed
1877,48,187543,202854,390397,reconstructed,reconstructed
1877,49,191536,206697,398233,reconstructed,reconstructed
1877,50,185649,200969,386618,reconstructed,reconstructed
1877,51,187198,206416,393614,reconstructed,reconstructed
1877,52,185463,201749,387212,reconstructed,reconstructed
1877,53,183780,205302,389082,reconstructed,reconstructed
1877,54,171490,185492,356982,reconstructed,reconstructed
1877,55,172768,190025,362793,reconstructed,reconstructed
1877,56,169495,182772,352267,reconstructed,reconstructed
1877,57,180222,204863,385085,reconstructed,reconstructed
1877,58,159401,169018,328419,reconstructed,reconstructed
1877,59,147024,161206,308230,reconstructed,reconstructed
1877,60,134441,149299,283740,reconstructed,reconstructed
1877,61,129955,144708,274663,reconstructed,reconstructed
1877,62,129697,142035,271732,reconstructed,reconstructed
1877,63,109462,122560,232022,reconstructed,reconstructed
1877,64,105109,118327,223436,reconstructed,reconstructed
1877,65,100165,111928,212093,reconstructed,reconstructed
1877,66,103044,118099,221143,reconstructed,reconstructed
1877,67,95771,111902,207673,reconstructed,reconstructed
1877,68,78147,86075,164222,reconstructed,reconstructed
1877,69,74398,82423,156821,reconstructed,reconstructed
1877,70,67645,75031,142676,reconstructed,reconstructed
1877,71,58369,68594,126963,reconstructed,reconstructed
1877,72,55757,64565,120322,reconstructed,reconstructed
1877,73,51820,59226,111046,reconstructed,reconstructed
1877,74,45556,52795,98351,reconstructed,reconstructed
1877,75,42493,48058,90551,reconstructed,reconstructed
1877,76,38216,44908,83124,reconstructed,reconstructed
1877,77,33201,42543,75744,reconstructed,reconstructed
1877,78,22535,22840,45375,reconstructed,reconstructed
1877,79,18686,20785,39471,reconstructed,reconstructed
1877,80,17783,20314,38097,reconstructed,reconstructed
1877,81,13909,16558,30467,reconstructed,reconstructed
1877,82,10661,12537,23198,reconstructed,reconstructed
1877,83,8228,10164,18392,reconstructed,reconstructed
1877,84,6585,7996,14581,reconstructed,reconstructed
1877,85,5105,6692,11797,reconstructed,reconstructed
1877,86,3473,4628,8101,reconstructed,reconstructed
1877,87,3193,4213,7406,reconstructed,reconstructed
1877,88,1623,2071,3694,reconstructed,reconstructed
1877,89,1222,1602,2824,reconstructed,reconstructed
1877,90,867,1175,2042,reconstructed,reconstructed
1877,91,0,0,0,reconstructed,reconstructed
1877,92,0,0,0,reconstructed,reconstructed
1877,93,0,0,0,reconstructed,reconstructed
1877,94,0,0,0,reconstructed,reconstructed
1877,95,0,0,0,reconstructed,reconstructed
1877,96,0,0,0,reconstructed,reconstructed
1877,97,0,0,0,reconstructed,reconstructed
1877,98,0,0,0,reconstructed,reconstructed
1877,99,0,0,0,reconstructed,reconstructed
1878,0,881249,840047,1721296,reconstructed,reconstructed
1878,1,667903,664004,1331907,reconstructed,reconstructed
1878,2,634368,634734,1269102,reconstructed,reconstructed
1878,3,596452,596864,1193316,reconstructed,reconstructed
1878,4,562940,564798,1127738,reconstructed,reconstructed
1878,5,526971,527492,1054463,reconstructed,reconstructed
1878,6,531291,533421,1064712,reconstructed,reconstructed
1878,7,408601,411196,819797,reconstructed,reconstructed
1878,8,482870,482449,965319,reconstructed,reconstructed
1878,9,484832,482729,967561,reconstructed,reconstructed
1878,10,466778,464881,931659,reconstructed,reconstructed
1878,11,454397,452485,906882,reconstructed,reconstructed
1878,12,471501,470452,941953,reconstructed,reconstructed
1878,13,435010,434072,869082,reconstructed,reconstructed
1878,14,447213,449419,896632,reconstructed,reconstructed
1878,15,438060,442166,880226,reconstructed,reconstructed
1878,16,414124,423790,837914,reconstructed,reconstructed
1878,17,394456,398174,792630,reconstructed,reconstructed
1878,18,415487,425582,841069,reconstructed,reconstructed
1878,19,407408,415948,823356,reconstructed,reconstructed
1878,20,396162,403712,799874,reconstructed,reconstructed
1878,21,379748,385738,765486,reconstructed,reconstructed
1878,22,355045,372458,727503,reconstructed,reconstructed
1878,23,333223,340741,673964,reconstructed,reconstructed
1878,24,341139,364556,705695,reconstructed,reconstructed
1878,25,334575,348490,683065,reconstructed,reconstructed
1878,26,331996,356323,688319,reconstructed,reconstructed
1878,27,324062,329776,653838,reconstructed,reconstructed
1878,28,346629,364100,710729,reconstructed,reconstructed
1878,29,328168,338627,666795,reconstructed,reconstructed
1878,30,299200,326167,625367,reconstructed,reconstructed
1878,31,280453,296976,577429,reconstructed,reconstructed
1878,32,284521,303578,588099,reconstructed,reconstructed
1878,33,298068,318009,616077,reconstructed,reconstructed
1878,34,286471,302384,588855,reconstructed,reconstructed
1878,35,273344,285156,558500,reconstructed,reconstructed
1878,36,289855,314047,603902,reconstructed,reconstructed
1878,37,257278,258167,515445,reconstructed,reconstructed
1878,38,286880,308119,594999,reconstructed,reconstructed
1878,39,254932,265847,520779,reconstructed,reconstructed
1878,40,253116,264944,518060,reconstructed,reconstructed
1878,41,236508,246551,483059,reconstructed,reconstructed
1878,42,243410,263134,506544,reconstructed,reconstructed
1878,43,239035,251205,490240,reconstructed,reconstructed
1878,44,228898,240387,469285,reconstructed,reconstructed
1878,45,216230,222237,438467,reconstructed,reconstructed
1878,46,206173,224374,430547,reconstructed,reconstructed
1878,47,190633,196799,387432,reconstructed,reconstructed
1878,48,214788,237727,452515,reconstructed,reconstructed
1878,49,183145,197790,380935,reconstructed,reconstructed
1878,50,187584,203404,390988,reconstructed,reconstructed
1878,51,181154,197124,378278,reconstructed,reconstructed
1878,52,182325,202264,384589,reconstructed,reconstructed
1878,53,181106,198371,379477,reconstructed,reconstructed
1878,54,179456,201759,381215,reconstructed,reconstructed
1878,55,166180,180669,346849,reconstructed,reconstructed
1878,56,167804,185906,353710,reconstructed,reconstructed
1878,57,162740,175816,338556,reconstructed,reconstructed
1878,58,175713,201895,377608,reconstructed,reconstructed
1878,59,153673,163550,317223,reconstructed,reconstructed
1878,60,141941,156593,298534,reconstructed,reconstructed
1878,61,129206,144151,273357,reconstructed,reconstructed
1878,62,124302,139185,263487,reconstructed,reconstructed
1878,63,124008,136610,260618,reconstructed,reconstructed
1878,64,104594,117934,222528,reconstructed,reconstructed
1878,65,99811,113057,212868,reconstructed,reconstructed
1878,66,94601,106319,200920,reconstructed,reconstructed
1878,67,95824,109843,205667,reconstructed,reconstructed
1878,68,89831,105960,195791,reconstructed,reconstructed
1878,69,72276,79843,152119,reconstructed,reconstructed
1878,70,68600,76484,145084,reconstructed,reconstructed
1878,71,61978,68925,130903,reconstructed,reconstructed
1878,72,53058,62661,115719,reconstructed,reconstructed
1878,73,50354,58681,109035,reconstructed,reconstructed
1878,74,46467,53435,99902,reconstructed,reconstructed
1878,75,40468,47317,87785,reconstructed,reconstructed
1878,76,37527,42810,80337,reconstructed,reconstructed
1878,77,33023,38887,71910,reconstructed,reconstructed
1878,78,28506,36946,65452,reconstructed,reconstructed
1878,79,19034,19325,38359,reconstructed,reconstructed
1878,80,15529,17349,32878,reconstructed,reconstructed
1878,81,14745,17073,31818,reconstructed,reconstructed
1878,82,11295,13639,24934,reconstructed,reconstructed
1878,83,8519,10193,18712,reconstructed,reconstructed
1878,84,6468,8137,14605,reconstructed,reconstructed
1878,85,5097,6304,11401,reconstructed,reconstructed
1878,86,3859,5229,9088,reconstructed,reconstructed
1878,87,2555,3472,6027,reconstructed,reconstructed
1878,88,2358,3149,5507,reconstructed,reconstructed
1878,89,1152,1488,2640,reconstructed,reconstructed
1878,90,849,1126,1975,reconstructed,reconstructed
1878,91,0,0,0,reconstructed,reconstructed
1878,92,0,0,0,reconstructed,reconstructed
1878,93,0,0,0,reconstructed,reconstructed
1878,94,0,0,0,reconstructed,reconstructed
1878,95,0,0,0,reconstructed,reconstructed
1878,96,0,0,0,reconstructed,reconstructed
1878,97,0,0,0,reconstructed,reconstructed
1878,98,0,0,0,reconstructed,reconstructed
1878,99,0,0,0,reconstructed,reconstructed
1879,0,843442,801283,1644725,reconstructed,reconstructed
1879,1,660693,659383,1320076,reconstructed,reconstructed
1879,2,624719,622008,1246727,reconstructed,reconstructed
1879,3,613487,614229,1227716,reconstructed,reconstructed
1879,4,582815,583534,1166349,reconstructed,reconstructed
1879,5,553456,555364,1108820,reconstructed,reconstructed
1879,6,520230,520793,1041023,reconstructed,reconstructed
1879,7,525915,528108,1054023,reconstructed,reconstructed
1879,8,417278,418538,835816,reconstructed,reconstructed
1879,9,483308,482575,965883,reconstructed,reconstructed
1879,10,480724,478663,959387,reconstructed,reconstructed
1879,11,465567,463603,929170,reconstructed,reconstructed
1879,12,451760,449394,901154,reconstructed,reconstructed
1879,13,469574,468192,937766,reconstructed,reconstructed
1879,14,432430,430839,863269,reconstructed,reconstructed
1879,15,446389,448576,894965,reconstructed,reconstructed
1879,16,435744,440413,876157,reconstructed,reconstructed
1879,17,410922,422363,833285,reconstructed,reconstructed
1879,18,389735,394810,784545,reconstructed,reconstructed
1879,19,411098,423689,834787,reconstructed,reconstructed
1879,20,401713,412246,813959,reconstructed,reconstructed
1879,21,391456,400905,792361,reconstructed,reconstructed
1879,22,374212,381775,755987,reconstructed,reconstructed
1879,23,349381,369631,719012,reconstructed,reconstructed
1879,24,328259,337237,665496,reconstructed,reconstructed
1879,25,336348,361369,697717,reconstructed,reconstructed
1879,26,330043,343567,673610,reconstructed,reconstructed
1879,27,328680,352876,681556,reconstructed,reconstructed
1879,28,319126,322933,642059,reconstructed,reconstructed
1879,29,343488,360945,704433,reconstructed,reconstructed
1879,30,323043,332997,656040,reconstructed,reconstructed
1879,31,295757,321949,617706,reconstructed,reconstructed
1879,32,277073,291945,569018,reconstructed,reconstructed
1879,33,280808,298459,579267,reconstructed,reconstructed
1879,34,294545,313573,608118,reconstructed,reconstructed
1879,35,283469,298555,582024,reconstructed,reconstructed
1879,36,269415,280241,549656,reconstructed,reconstructed
1879,37,286863,310973,597836,reconstructed,reconstructed
1879,38,252146,251694,503840,reconstructed,reconstructed
1879,39,284279,306513,590792,reconstructed,reconstructed
1879,40,250876,261552,512428,reconstructed,reconstructed
1879,41,249652,261711,511363,reconstructed,reconstructed
1879,42,232601,242978,475579,reconstructed,reconstructed
1879,43,239751,259756,499507,reconstructed,reconstructed
1879,44,235003,247680,482683,reconstructed,reconstructed
1879,45,224761,237026,461787,reconstructed,reconstructed
1879,46,212008,218607,430615,reconstructed,reconstructed
1879,47,202771,221812,424583,reconstructed,reconstructed
1879,48,185398,191637,377035,reconstructed,reconstructed
1879,49,211563,236492,448055,reconstructed,reconstructed
1879,50,178689,192707,371396,reconstructed,reconstructed
1879,51,183539,200016,383555,reconstructed,reconstructed
1879,52,176593,193200,369793,reconstructed,reconstructed
1879,53,177394,198033,375427,reconstructed,reconstructed
1879,54,176650,194867,371517,reconstructed,reconstructed
1879,55,175012,198066,373078,reconstructed,reconstructed
1879,56,160801,175737,336538,reconstructed,reconstructed
1879,57,162724,181601,344325,reconstructed,reconstructed
1879,58,155978,168795,324773,reconstructed,reconstructed
1879,59,170990,198544,369534,reconstructed,reconstructed
1879,60,147821,157876,305697,reconstructed,reconstructed
1879,61,136694,151715,288409,reconstructed,reconstructed
1879,62,123842,138796,262638,reconstructed,reconstructed
1879,63,118549,133481,252030,reconstructed,reconstructed
1879,64,118184,130974,249158,reconstructed,reconstructed
1879,65,99581,113081,212662,reconstructed,reconstructed
1879,66,94407,107612,202019,reconstructed,reconstructed
1879,67,88971,100591,189562,reconstructed,reconstructed
1879,68,88701,101709,190410,reconstructed,reconstructed
1879,69,83849,99873,183722,reconstructed,reconstructed
1879,70,66480,73668,140148,reconstructed,reconstructed
1879,71,62871,70544,133415,reconstructed,reconstructed
1879,72,56408,62880,119288,reconstructed,reconstructed
1879,73,47877,56791,104668,reconstructed,reconstructed
1879,74,45107,52873,97980,reconstructed,reconstructed
1879,75,41293,47759,89052,reconstructed,reconstructed
1879,76,35595,41973,77568,reconstructed,reconstructed
1879,77,32796,37741,70537,reconstructed,reconstructed
1879,78,28216,33329,61545,reconstructed,reconstructed
1879,79,24174,31735,55909,reconstructed,reconstructed
1879,80,15866,16157,32023,reconstructed,reconstructed
1879,81,12724,14298,27022,reconstructed,reconstructed
1879,82,12039,14151,26190,reconstructed,reconstructed
1879,83,9022,11066,20088,reconstructed,reconstructed
1879,84,6688,8153,14841,reconstructed,reconstructed
1879,85,4990,6401,11391,reconstructed,reconstructed
1879,86,3868,4878,8746,reconstructed,reconstructed
1879,87,2856,4007,6863,reconstructed,reconstructed
1879,88,1838,2555,4393,reconstructed,reconstructed
1879,89,1701,2307,4008,reconstructed,reconstructed
1879,90,798,1047,1845,reconstructed,reconstructed
1879,91,0,0,0,reconstructed,reconstructed
1879,92,0,0,0,reconstructed,reconstructed
1879,93,0,0,0,reconstructed,reconstructed
1879,94,0,0,0,reconstructed,reconstructed
1879,95,0,0,0,reconstructed,reconstructed
1879,96,0,0,0,reconstructed,reconstructed
1879,97,0,0,0,reconstructed,reconstructed
1879,98,0,0,0,reconstructed,reconstructed
1879,99,0,0,0,reconstructed,reconstructed
1880,0,636949,626423,1263372,original,original
1880,1,633383,629891,1263274,original,original
1880,2,618063,617809,1235872,original,original
1880,3,604241,602000,1206241,original,original
1880,4,599530,600573,1200103,original,original
1880,5,573055,573836,1146891,original,original
1880,6,546434,548357,1094791,original,original
1880,7,515014,515635,1030649,original,original
1880,8,521713,523910,1045623,original,original
1880,9,426489,426395,852884,original,original
1880,10,484319,483224,967543,original,original
1880,11,477061,475006,952067,original,original
1880,12,464639,462570,927209,original,original
1880,13,449337,446441,895778,original,original
1880,14,467770,465978,933748,original,original
1880,15,429862,427603,857465,original,original
1880,16,445432,447653,893085,original,original
1880,17,433180,438547,871727,original,original
1880,18,407446,420812,828258,original,original
1880,19,384788,391349,776137,original,original
1880,20,406490,421672,828162,original,original
1880,21,395872,408447,804319,original,original
1880,22,386656,397992,784648,original,original
1880,23,368650,377729,746379,original,original
1880,24,343847,366714,710561,original,original
1880,25,323416,333673,657089,original,original
1880,26,331648,358124,689772,original,original
1880,27,325582,338630,664212,original,original
1880,28,325395,349394,674789,original,original
1880,29,314231,316130,630361,original,original
1880,30,340343,357768,698111,original,original
1880,31,317938,327398,645336,original,original
1880,32,292295,317730,610025,original,original
1880,33,273660,286934,560594,original,original
1880,34,277054,293364,570418,original,original
1880,35,290965,309150,600115,original,original
1880,36,280389,294728,575117,original,original
1880,37,265426,275357,540783,original,original
1880,38,283782,307898,591680,original,original
1880,39,246992,245320,492312,original,original
1880,40,281563,304892,586455,original,original
1880,41,246763,257327,504090,original,original
1880,42,246118,258537,504655,original,original
1880,43,228652,239482,468134,original,original
1880,44,236028,256457,492485,original,original
1880,45,230900,244216,475116,original,original
1880,46,220553,233699,454252,original,original
1880,47,207730,214986,422716,original,original
1880,48,199294,219196,418490,original,original
1880,49,180153,186486,366639,original,original
1880,50,208196,235093,443289,original,original
1880,51,174172,187592,361764,original,original
1880,52,179408,196533,375941,original,original
1880,53,171971,189199,361170,original,original
1880,54,172396,193706,366102,original,original
1880,55,172084,191220,363304,original,original
1880,56,170431,194186,364617,original,original
1880,57,155346,170676,326022,original,original
1880,58,157546,177105,334651,original,original
1880,59,149203,161691,310894,original,original
1880,60,166011,194757,360768,original,original
1880,61,141836,152002,293838,original,original
1880,62,131295,146591,277886,original,original
1880,63,118365,133256,251621,original,original
1880,64,112697,127605,240302,original,original
1880,65,112226,125125,237351,original,original
1880,66,94436,108015,202451,original,original
1880,67,88926,102029,190955,original,original
1880,68,83312,94785,178097,original,original
1880,69,81702,93724,175426,original,original
1880,70,77841,93632,171473,original,original
1880,71,60777,67546,128323,original,original
1880,72,57237,64620,121857,original,original
1880,73,50962,56916,107878,original,original
1880,74,42850,51030,93880,original,original
1880,75,40040,47196,87236,original,original
1880,76,36331,42244,78575,original,original
1880,77,30985,36857,67842,original,original
1880,78,28347,32946,61293,original,original
1880,79,23811,28251,52062,original,original
1880,80,20232,26934,47166,original,original
1880,81,13040,13336,26376,original,original
1880,82,10264,11620,21884,original,original
1880,83,9666,11554,21220,original,original
1880,84,7078,8834,15912,original,original
1880,85,5151,6408,11559,original,original
1880,86,3772,4944,8716,original,original
1880,87,2872,3704,6576,original,original
1880,88,2066,3010,5076,original,original
1880,89,1291,1842,3133,original,original
1880,90,1195,1654,2849,original,original
1880,91,0,0,0,original,original
1880,92,0,0,0,original,original
1880,93,0,0,0,original,original
1880,94,0,0,0,original,original
1880,95,0,0,0,original,original
1880,96,0,0,0,original,original
1880,97,0,0,0,original,original
1880,98,0,0,0,original,original
1880,99,0,0,0,original,original
1881,0,847217,803896,1651113,reconstructed,reconstructed
1881,1,510024,521145,1031169,reconstructed,reconstructed
1881,2,598768,596381,1195149,reconstructed,reconstructed
1881,3,595181,595330,1190511,reconstructed,reconstructed
1881,4,587207,585190,1172397,reconstructed,reconstructed
1881,5,586204,587009,1173213,reconstructed,reconstructed
1881,6,564942,565669,1130611,reconstructed,reconstructed
1881,7,539747,541640,1081387,reconstructed,reconstructed
1881,8,512992,513421,1026413,reconstructed,reconstructed
1881,9,517142,519300,1036442,reconstructed,reconstructed
1881,10,423294,422940,846234,reconstructed,reconstructed
1881,11,480274,479233,959507,reconstructed,reconstructed
1881,12,473200,471737,944937,reconstructed,reconstructed
1881,13,458052,457762,915814,reconstructed,reconstructed
1881,14,443658,443157,886815,reconstructed,reconstructed
1881,15,459765,461299,921064,reconstructed,reconstructed
1881,16,425260,426325,851585,reconstructed,reconstructed
1881,17,438022,442652,880674,reconstructed,reconstructed
1881,18,427552,434482,862034,reconstructed,reconstructed
1881,19,401561,415271,816832,reconstructed,reconstructed
1881,20,379541,386554,766095,reconstructed,reconstructed
1881,21,400668,415842,816510,reconstructed,reconstructed
1881,22,388741,403228,791969,reconstructed,reconstructed
1881,23,378672,391043,769715,reconstructed,reconstructed
1881,24,362317,372521,734838,reconstructed,reconstructed
1881,25,337067,359506,696573,reconstructed,reconstructed
1881,26,319652,330302,649954,reconstructed,reconstructed
1881,27,326140,351479,677619,reconstructed,reconstructed
1881,28,321008,334351,655359,reconstructed,reconstructed
1881,29,321026,344479,665505,reconstructed,reconstructed
1881,30,310388,312375,622763,reconstructed,reconstructed
1881,31,334015,350461,684476,reconstructed,reconstructed
1881,32,314127,324480,638607,reconstructed,reconstructed
1881,33,287701,313093,600794,reconstructed,reconstructed
1881,34,269460,282877,552337,reconstructed,reconstructed
1881,35,272443,288761,561204,reconstructed,reconstructed
1881,36,288518,307786,596304,reconstructed,reconstructed
1881,37,275015,288979,563994,reconstructed,reconstructed
1881,38,262083,272946,535029,reconstructed,reconstructed
1881,39,279727,304104,583831,reconstructed,reconstructed
1881,40,243978,243072,487050,reconstructed,reconstructed
1881,41,276127,298707,574834,reconstructed,reconstructed
1881,42,242985,254205,497190,reconstructed,reconstructed
1881,43,240889,253391,494280,reconstructed,reconstructed
1881,44,224975,236507,461482,reconstructed,reconstructed
1881,45,230676,251171,481847,reconstructed,reconstructed
1881,46,227713,243420,471133,reconstructed,reconstructed
1881,47,215560,229167,444727,reconstructed,reconstructed
1881,48,203971,212716,416687,reconstructed,reconstructed
1881,49,194897,215635,410532,reconstructed,reconstructed
1881,50,176477,184012,360489,reconstructed,reconstructed
1881,51,202204,229035,431239,reconstructed,reconstructed
1881,52,170400,185102,355502,reconstructed,reconstructed
1881,53,174182,191973,366155,reconstructed,reconstructed
1881,54,167129,184875,352004,reconstructed,reconstructed
1881,55,166809,188169,354978,reconstructed,reconstructed
1881,56,168382,189308,357690,reconstructed,reconstructed
1881,57,164272,187886,352158,reconstructed,reconstructed
1881,58,151199,167495,318694,reconstructed,reconstructed
1881,59,152601,172790,325391,reconstructed,reconstructed
1881,60,144443,157930,302373,reconstructed,reconstructed
1881,61,158509,186872,345381,reconstructed,reconstructed
1881,62,136605,148066,284671,reconstructed,reconstructed
1881,63,125304,140728,266032,reconstructed,reconstructed
1881,64,112284,127057,239341,reconstructed,reconstructed
1881,65,106219,120115,226334,reconstructed,reconstructed
1881,66,106634,120545,227179,reconstructed,reconstructed
1881,67,88073,100573,188646,reconstructed,reconstructed
1881,68,83278,96296,179574,reconstructed,reconstructed
1881,69,77649,88973,166622,reconstructed,reconstructed
1881,70,75911,87953,163864,reconstructed,reconstructed
1881,71,71372,86456,157828,reconstructed,reconstructed
1881,72,55728,62837,118565,reconstructed,reconstructed
1881,73,51702,58810,110512,reconstructed,reconstructed
1881,74,45784,51610,97394,reconstructed,reconstructed
1881,75,37971,45185,83156,reconstructed,reconstructed
1881,76,35392,42247,77639,reconstructed,reconstructed
1881,77,31410,36606,68016,reconstructed,reconstructed
1881,78,26761,32149,58910,reconstructed,reconstructed
1881,79,24183,28474,52657,reconstructed,reconstructed
1881,80,20292,24483,44775,reconstructed,reconstructed
1881,81,16722,22588,39310,reconstructed,reconstructed
1881,82,10711,11167,21878,reconstructed,reconstructed
1881,83,8183,9552,17735,reconstructed,reconstructed
1881,84,7752,9540,17292,reconstructed,reconstructed
1881,85,5415,6850,12265,reconstructed,reconstructed
1881,86,3980,5139,9119,reconstructed,reconstructed
1881,87,2787,3716,6503,reconstructed,reconstructed
1881,88,2075,2728,4803,reconstructed,reconstructed
1881,89,1458,2170,3628,reconstructed,reconstructed
1881,90,889,1299,2188,reconstructed,reconstructed
1881,91,0,0,0,reconstructed,reconstructed
1881,92,0,0,0,reconstructed,reconstructed
1881,93,0,0,0,reconstructed,reconstructed
1881,94,0,0,0,reconstructed,reconstructed
1881,95,0,0,0,reconstructed,reconstructed
1881,96,0,0,0,reconstructed,reconstructed
1881,97,0,0,0,reconstructed,reconstructed
1881,98,0,0,0,reconstructed,reconstructed
1881,99,0,0,0,reconstructed,reconstructed
1882,0,851315,812114,1663429,reconstructed,reconstructed
1882,1,638296,633823,1272119,reconstructed,reconstructed
1882,2,506189,514718,1020907,reconstructed,reconstructed
1882,3,585272,583249,1168521,reconstructed,reconstructed
1882,4,579129,579579,1158708,reconstructed,reconstructed
1882,5,574191,572134,1146325,reconstructed,reconstructed
1882,6,575585,576114,1151699,reconstructed,reconstructed
1882,7,558487,559164,1117651,reconstructed,reconstructed
1882,8,534261,536071,1070332,reconstructed,reconstructed
1882,9,511812,512008,1023820,reconstructed,reconstructed
1882,10,513238,515309,1028547,reconstructed,reconstructed
1882,11,420481,419840,840321,reconstructed,reconstructed
1882,12,476537,475515,952052,reconstructed,reconstructed
1882,13,469564,468605,938169,reconstructed,reconstructed
1882,14,451614,453012,904626,reconstructed,reconstructed
1882,15,438013,439873,877886,reconstructed,reconstructed
1882,16,451674,456568,908242,reconstructed,reconstructed
1882,17,420436,424932,845368,reconstructed,reconstructed
1882,18,430367,437562,867929,reconstructed,reconstructed
1882,19,421695,430333,852028,reconstructed,reconstructed
1882,20,395492,409664,805156,reconstructed,reconstructed
1882,21,374167,381695,755862,reconstructed,reconstructed
1882,22,394783,409945,804728,reconstructed,reconstructed
1882,23,381632,397936,779568,reconstructed,reconstructed
1882,24,370855,384055,754910,reconstructed,reconstructed
1882,25,356121,367267,723388,reconstructed,reconstructed
1882,26,330398,352305,682703,reconstructed,reconstructed
1882,27,315942,326898,642840,reconstructed,reconstructed
1882,28,320695,344850,665545,reconstructed,reconstructed
1882,29,316464,330063,646527,reconstructed,reconstructed
1882,30,316672,339579,656251,reconstructed,reconstructed
1882,31,306540,308621,615161,reconstructed,reconstructed
1882,32,327701,343199,670900,reconstructed,reconstructed
1882,33,310267,321531,631798,reconstructed,reconstructed
1882,34,283074,308469,591543,reconstructed,reconstructed
1882,35,265226,278838,544064,reconstructed,reconstructed
1882,36,267788,284181,551969,reconstructed,reconstructed
1882,37,285966,306371,592337,reconstructed,reconstructed
1882,38,269621,283299,552920,reconstructed,reconstructed
1882,39,258676,270543,529219,reconstructed,reconstructed
1882,40,275596,300342,575938,reconstructed,reconstructed
1882,41,240882,240844,481726,reconstructed,reconstructed
1882,42,270658,292642,563300,reconstructed,reconstructed
1882,43,239159,251149,490308,reconstructed,reconstructed
1882,44,235646,248365,484011,reconstructed,reconstructed
1882,45,221222,233585,454807,reconstructed,reconstructed
1882,46,225286,245961,471247,reconstructed,reconstructed
1882,47,224432,242559,466991,reconstructed,reconstructed
1882,48,210549,224640,435189,reconstructed,reconstructed
1882,49,200131,210370,410501,reconstructed,reconstructed
1882,50,190415,211991,402406,reconstructed,reconstructed
1882,51,172708,181435,354143,reconstructed,reconstructed
1882,52,196185,222937,419122,reconstructed,reconstructed
1882,53,166546,182499,349045,reconstructed,reconstructed
1882,54,168908,187335,356243,reconstructed,reconstructed
1882,55,162212,180448,342660,reconstructed,reconstructed
1882,56,161157,182530,343687,reconstructed,reconstructed
1882,57,164492,187111,351603,reconstructed,reconstructed
1882,58,158089,181497,339586,reconstructed,reconstructed
1882,59,146895,164047,310942,reconstructed,reconstructed
1882,60,147462,168170,315632,reconstructed,reconstructed
1882,61,139480,153860,293340,reconstructed,reconstructed
1882,62,150956,178820,329776,reconstructed,reconstructed
1882,63,131209,143819,275028,reconstructed,reconstructed
1882,64,119206,134674,253880,reconstructed,reconstructed
1882,65,106127,120706,226833,reconstructed,reconstructed
1882,66,99718,112610,212328,reconstructed,reconstructed
1882,67,100912,115674,216586,reconstructed,reconstructed
1882,68,81791,93257,175048,reconstructed,reconstructed
1882,69,77628,90485,168113,reconstructed,reconstructed
1882,70,71980,83059,155039,reconstructed,reconstructed
1882,71,70104,82012,152116,reconstructed,reconstructed
1882,72,65005,79284,144289,reconstructed,reconstructed
1882,73,50725,58003,108728,reconstructed,reconstructed
1882,74,46320,53077,99397,reconstructed,reconstructed
1882,75,40754,46369,87123,reconstructed,reconstructed
1882,76,33307,39584,72891,reconstructed,reconstructed
1882,77,30965,37445,68410,reconstructed,reconstructed
1882,78,26863,31432,58295,reconstructed,reconstructed
1882,79,22824,27739,50563,reconstructed,reconstructed
1882,80,20359,24307,44666,reconstructed,reconstructed
1882,81,17048,20932,37980,reconstructed,reconstructed
1882,82,13604,18681,32285,reconstructed,reconstructed
1882,83,8648,9208,17856,reconstructed,reconstructed
1882,84,6405,7723,14128,reconstructed,reconstructed
1882,85,6093,7732,13825,reconstructed,reconstructed
1882,86,4057,5216,9273,reconstructed,reconstructed
1882,87,3006,4037,7043,reconstructed,reconstructed
1882,88,2010,2740,4750,reconstructed,reconstructed
1882,89,1462,1969,3431,reconstructed,reconstructed
1882,90,1002,1532,2534,reconstructed,reconstructed
1882,91,0,0,0,reconstructed,reconstructed
1882,92,0,0,0,reconstructed,reconstructed
1882,93,0,0,0,reconstructed,reconstructed
1882,94,0,0,0,reconstructed,reconstructed
1882,95,0,0,0,reconstructed,reconstructed
1882,96,0,0,0,reconstructed,reconstructed
1882,97,0,0,0,reconstructed,reconstructed
1882,98,0,0,0,reconstructed,reconstructed
1882,99,0,0,0,reconstructed,reconstructed
1883,0,839460,799693,1639153,reconstructed,reconstructed
1883,1,642428,641251,1283679,reconstructed,reconstructed
1883,2,597364,594235,1191599,reconstructed,reconstructed
1883,3,517805,523768,1041573,reconstructed,reconstructed
1883,4,577991,576213,1154204,reconstructed,reconstructed
1883,5,567004,567502,1134506,reconstructed,reconstructed
1883,6,563826,561675,1125501,reconstructed,reconstructed
1883,7,566699,566952,1133651,reconstructed,reconstructed
1883,8,553255,553828,1107083,reconstructed,reconstructed
1883,9,529703,531388,1061091,reconstructed,reconstructed
1883,10,511252,511169,1022421,reconstructed,reconstructed
1883,11,509792,511747,1021539,reconstructed,reconstructed
1883,12,417926,416974,834900,reconstructed,reconstructed
1883,13,473021,471933,944954,reconstructed,reconstructed
1883,14,466057,465514,931571,reconstructed,reconstructed
1883,15,445215,448274,893489,reconstructed,reconstructed
1883,16,432274,436531,868805,reconstructed,reconstructed
1883,17,443372,451742,895114,reconstructed,reconstructed
1883,18,415359,423428,838787,reconstructed,reconstructed
1883,19,422508,432407,854915,reconstructed,reconstructed
1883,20,415647,426108,841755,reconstructed,reconstructed
1883,21,389304,404002,793306,reconstructed,reconstructed
1883,22,368741,376773,745514,reconstructed,reconstructed
1883,23,388912,403984,792896,reconstructed,reconstructed
1883,24,374673,392581,767254,reconstructed,reconstructed
1883,25,363193,377042,740235,reconstructed,reconstructed
1883,26,350023,361989,712012,reconstructed,reconstructed
1883,27,323827,345123,668950,reconstructed,reconstructed
1883,28,312265,323462,635727,reconstructed,reconstructed
1883,29,315291,338246,653537,reconstructed,reconstructed
1883,30,311934,325781,637715,reconstructed,reconstructed
1883,31,312316,334696,647012,reconstructed,reconstructed
1883,32,302664,304858,607522,reconstructed,reconstructed
1883,33,321371,335981,657352,reconstructed,reconstructed
1883,34,306346,318563,624909,reconstructed,reconstructed
1883,35,278416,303871,582287,reconstructed,reconstructed
1883,36,260942,274812,535754,reconstructed,reconstructed
1883,37,263086,279624,542710,reconstructed,reconstructed
1883,38,283329,304932,588261,reconstructed,reconstructed
1883,39,264211,277700,541911,reconstructed,reconstructed
1883,40,255191,268146,523337,reconstructed,reconstructed
1883,41,271390,296627,568017,reconstructed,reconstructed
1883,42,237714,238647,476361,reconstructed,reconstructed
1883,43,265174,286707,551881,reconstructed,reconstructed
1883,44,235283,248165,483448,reconstructed,reconstructed
1883,45,230365,243439,473804,reconstructed,reconstructed
1883,46,217389,230687,448076,reconstructed,reconstructed
1883,47,219881,240794,460675,reconstructed,reconstructed
1883,48,221074,241611,462685,reconstructed,reconstructed
1883,49,205496,220089,425585,reconstructed,reconstructed
1883,50,196174,207909,404083,reconstructed,reconstructed
1883,51,185853,208249,394102,reconstructed,reconstructed
1883,52,168860,178757,347617,reconstructed,reconstructed
1883,53,190150,216806,406956,reconstructed,reconstructed
1883,54,162592,179760,342352,reconstructed,reconstructed
1883,55,163575,182598,346173,reconstructed,reconstructed
1883,56,157202,175884,333086,reconstructed,reconstructed
1883,57,155441,176779,332220,reconstructed,reconstructed
1883,58,160452,184650,345102,reconstructed,reconstructed
1883,59,151860,174972,326832,reconstructed,reconstructed
1883,60,142369,160273,302642,reconstructed,reconstructed
1883,61,142134,163260,305394,reconstructed,reconstructed
1883,62,134353,149501,283854,reconstructed,reconstructed
1883,63,143372,170631,314003,reconstructed,reconstructed
1883,64,125627,139246,264873,reconstructed,reconstructed
1883,65,112992,128413,241405,reconstructed,reconstructed
1883,66,99916,114233,214149,reconstructed,reconstructed
1883,67,93239,105157,198396,reconstructed,reconstructed
1883,68,95112,110568,205680,reconstructed,reconstructed
1883,69,75603,86068,161671,reconstructed,reconstructed
1883,70,71971,84550,156521,reconstructed,reconstructed
1883,71,66321,77039,143360,reconstructed,reconstructed
1883,72,64310,75947,140257,reconstructed,reconstructed
1883,73,58773,72154,130927,reconstructed,reconstructed
1883,74,45792,53095,98887,reconstructed,reconstructed
1883,75,41113,47466,88579,reconstructed,reconstructed
1883,76,35908,41216,77124,reconstructed,reconstructed
1883,77,28921,34341,63262,reconstructed,reconstructed
1883,78,26804,32901,59705,reconstructed,reconstructed
1883,79,22682,26695,49377,reconstructed,reconstructed
1883,80,19210,23637,42847,reconstructed,reconstructed
1883,81,16901,20479,37380,reconstructed,reconstructed
1883,82,14092,17638,31730,reconstructed,reconstructed
1883,83,10878,15219,26097,reconstructed,reconstructed
1883,84,6854,7468,14322,reconstructed,reconstructed
1883,85,4914,6137,11051,reconstructed,reconstructed
1883,86,4687,6148,10835,reconstructed,reconstructed
1883,87,2971,3898,6869,reconstructed,reconstructed
1883,88,2215,3104,5319,reconstructed,reconstructed
1883,89,1413,1980,3393,reconstructed,reconstructed
1883,90,1002,1392,2394,reconstructed,reconstructed
1883,91,0,0,0,reconstructed,reconstructed
1883,92,0,0,0,reconstructed,reconstructed
1883,93,0,0,0,reconstructed,reconstructed
1883,94,0,0,0,reconstructed,reconstructed
1883,95,0,0,0,reconstructed,reconstructed
1883,96,0,0,0,reconstructed,reconstructed
1883,97,0,0,0,reconstructed,reconstructed
1883,98,0,0,0,reconstructed,reconstructed
1883,99,0,0,0,reconstructed,reconstructed
1884,0,818829,779593,1598422,reconstructed,reconstructed
1884,1,634511,632377,1266888,reconstructed,reconstructed
1884,2,601316,601324,1202640,reconstructed,reconstructed
1884,3,578109,575448,1153557,reconstructed,reconstructed
1884,4,533637,537170,1070807,reconstructed,reconstructed
1884,5,574284,572492,1146776,reconstructed,reconstructed
1884,6,557477,557976,1115453,reconstructed,reconstructed
1884,7,555150,552885,1108035,reconstructed,reconstructed
1884,8,559082,559010,1118092,reconstructed,reconstructed
1884,9,548979,549406,1098385,reconstructed,reconstructed
1884,10,525821,527337,1053158,reconstructed,reconstructed
1884,11,511113,510722,1021835,reconstructed,reconstructed
1884,12,506655,508467,1015122,reconstructed,reconstructed
1884,13,415557,414219,829776,reconstructed,reconstructed
1884,14,469633,468392,938025,reconstructed,reconstructed
1884,15,462572,462423,924995,reconstructed,reconstructed
1884,16,438726,443488,882214,reconstructed,reconstructed
1884,17,426316,433087,859403,reconstructed,reconstructed
1884,18,434837,446833,881670,reconstructed,reconstructed
1884,19,410068,421836,831904,reconstructed,reconstructed
1884,20,414489,427193,841682,reconstructed,reconstructed
1884,21,409476,421817,831293,reconstructed,reconstructed
1884,22,383080,398284,781364,reconstructed,reconstructed
1884,23,363341,371787,735128,reconstructed,reconstructed
1884,24,383174,397967,781141,reconstructed,reconstructed
1884,25,367853,387178,755031,reconstructed,reconstructed
1884,26,355645,370031,725676,reconstructed,reconstructed
1884,27,344009,356700,700709,reconstructed,reconstructed
1884,28,317330,337964,655294,reconstructed,reconstructed
1884,29,308598,320002,628600,reconstructed,reconstructed
1884,30,309912,331687,641599,reconstructed,reconstructed
1884,31,307405,321510,628915,reconstructed,reconstructed
1884,32,307937,329815,637752,reconstructed,reconstructed
1884,33,298733,301081,599814,reconstructed,reconstructed
1884,34,315020,328824,643844,reconstructed,reconstructed
1884,35,302369,315588,617957,reconstructed,reconstructed
1884,36,273707,299292,572999,reconstructed,reconstructed
1884,37,256606,270801,527407,reconstructed,reconstructed
1884,38,258363,275120,533483,reconstructed,reconstructed
1884,39,280607,303483,584090,reconstructed,reconstructed
1884,40,258767,272174,530941,reconstructed,reconstructed
1884,41,251626,265767,517393,reconstructed,reconstructed
1884,42,267123,292970,560093,reconstructed,reconstructed
1884,43,234489,236494,470983,reconstructed,reconstructed
1884,44,259672,280910,540582,reconstructed,reconstructed
1884,45,231327,245234,476561,reconstructed,reconstructed
1884,46,225044,238582,463626,reconstructed,reconstructed
1884,47,213502,227784,441286,reconstructed,reconstructed
1884,48,214483,235652,450135,reconstructed,reconstructed
1884,49,217606,240541,458147,reconstructed,reconstructed
1884,50,200361,215473,415834,reconstructed,reconstructed
1884,51,192106,205321,397427,reconstructed,reconstructed
1884,52,181229,204417,385646,reconstructed,reconstructed
1884,53,164942,175983,340925,reconstructed,reconstructed
1884,54,184075,210618,394693,reconstructed,reconstructed
1884,55,158525,176862,335387,reconstructed,reconstructed
1884,56,158166,177730,335896,reconstructed,reconstructed
1884,57,152100,171175,323275,reconstructed,reconstructed
1884,58,149710,170958,320668,reconstructed,reconstructed
1884,59,156232,181856,338088,reconstructed,reconstructed
1884,60,145512,168248,313760,reconstructed,reconstructed
1884,61,137626,156189,293815,reconstructed,reconstructed
1884,62,136666,158089,294755,reconstructed,reconstructed
1884,63,129079,144870,273949,reconstructed,reconstructed
1884,64,135735,162298,298033,reconstructed,reconstructed
1884,65,119843,134315,254158,reconstructed,reconstructed
1884,66,106687,121976,228663,reconstructed,reconstructed
1884,67,93699,107706,201405,reconstructed,reconstructed
1884,68,86834,97819,184653,reconstructed,reconstructed
1884,69,89241,105214,194455,reconstructed,reconstructed
1884,70,69501,78958,148459,reconstructed,reconstructed
1884,71,66321,78487,144808,reconstructed,reconstructed
1884,72,60701,70967,131668,reconstructed,reconstructed
1884,73,58565,69799,128364,reconstructed,reconstructed
1884,74,52700,65134,117834,reconstructed,reconstructed
1884,75,40952,48156,89108,reconstructed,reconstructed
1884,76,36116,41992,78108,reconstructed,reconstructed
1884,77,31322,36293,67615,reconstructed,reconstructed
1884,78,24848,29545,54393,reconstructed,reconstructed
1884,79,22908,28595,51503,reconstructed,reconstructed
1884,80,18899,22385,41284,reconstructed,reconstructed
1884,81,15943,19878,35821,reconstructed,reconstructed
1884,82,13807,17013,30820,reconstructed,reconstructed
1884,83,11446,14633,26079,reconstructed,reconstructed
1884,84,8537,12199,20736,reconstructed,reconstructed
1884,85,5323,5953,11276,reconstructed,reconstructed
1884,86,3691,4790,8481,reconstructed,reconstructed
1884,87,3522,4793,8315,reconstructed,reconstructed
1884,88,2123,2857,4980,reconstructed,reconstructed
1884,89,1588,2336,3924,reconstructed,reconstructed
1884,90,966,1401,2367,reconstructed,reconstructed
1884,91,0,0,0,reconstructed,reconstructed
1884,92,0,0,0,reconstructed,reconstructed
1884,93,0,0,0,reconstructed,reconstructed
1884,94,0,0,0,reconstructed,reconstructed
1884,95,0,0,0,reconstructed,reconstructed
1884,96,0,0,0,reconstructed,reconstructed
1884,97,0,0,0,reconstructed,reconstructed
1884,98,0,0,0,reconstructed,reconstructed
1884,99,0,0,0,reconstructed,reconstructed
1885,0,662438,651434,1313872,original,original
1885,1,619922,617393,1237315,original,original
1885,2,593990,593127,1187117,original,original
1885,3,582016,582396,1164412,original,original
1885,4,565285,562938,1128223,original,original
1885,5,551903,552903,1104806,original,original
1885,6,572968,571106,1144074,original,original
1885,7,549596,550072,1099668,original,original
1885,8,547705,545274,1092979,original,original
1885,9,552465,552031,1104496,original,original
1885,10,545396,545631,1091027,original,original
1885,11,522398,523719,1046117,original,original
1885,12,511253,510528,1021781,original,original
1885,13,503741,505315,1009056,original,original
1885,14,413295,411495,824790,original,original
1885,15,466267,464856,931123,original,original
1885,16,458972,459268,918240,original,original
1885,17,432019,438608,870627,original,original
1885,18,420120,429557,849677,original,original
1885,19,426119,441872,867991,original,original
1885,20,404599,420162,824761,original,original
1885,21,406378,421932,828310,original,original
1885,22,403272,417453,820725,original,original
1885,23,376905,392505,769410,original,original
1885,24,358062,366743,724805,original,original
1885,25,377551,391909,769460,original,original
1885,26,361128,381751,742879,original,original
1885,27,348200,363032,711232,original,original
1885,28,338057,351399,689456,original,original
1885,29,310883,330836,641719,original,original
1885,30,304928,316538,621466,original,original
1885,31,304545,325176,629721,original,original
1885,32,302851,317230,620081,original,original
1885,33,303502,324933,628435,original,original
1885,34,294741,297310,592051,original,original
1885,35,308655,321742,630397,original,original
1885,36,298312,312599,610911,original,original
1885,37,268947,294735,563682,original,original
1885,38,252247,266836,519083,original,original
1885,39,253620,270675,524295,original,original
1885,40,277775,302010,579785,original,original
1885,41,253290,266732,520022,original,original
1885,42,247996,263417,511413,original,original
1885,43,262815,289386,552201,original,original
1885,44,231205,234392,465597,original,original
1885,45,254118,275229,529347,original,original
1885,46,227288,242326,469614,original,original
1885,47,219716,233766,453482,original,original
1885,48,209583,224862,434445,original,original
1885,49,209055,230499,439554,original,original
1885,50,213977,239294,453271,original,original
1885,51,195154,210782,405936,original,original
1885,52,187949,202611,390560,original,original
1885,53,176553,200500,377053,original,original
1885,54,160929,173086,334015,original,original
1885,55,177949,204348,382297,original,original
1885,56,154325,173767,328092,original,original
1885,57,152683,172727,325410,original,original
1885,58,146963,166370,313333,original,original
1885,59,143933,165005,308938,original,original
1885,60,151739,178640,330379,original,original
1885,61,139062,161365,300427,original,original
1885,62,132724,151823,284547,original,original
1885,63,131077,152676,283753,original,original
1885,64,123625,139942,263567,original,original
1885,65,128028,153789,281817,original,original
1885,66,113885,129055,242940,original,original
1885,67,100348,115442,215790,original,original
1885,68,87533,101191,188724,original,original
1885,69,80508,90582,171090,original,original
1885,70,83281,99530,182811,original,original
1885,71,63497,71931,135428,original,original
1885,72,60709,72361,133070,original,original
1885,73,55153,64886,120039,original,original
1885,74,52893,63635,116528,original,original
1885,75,46808,58266,105074,original,original
1885,76,36245,43198,79443,original,original
1885,77,31412,36808,68220,original,original
1885,78,27038,31710,58748,original,original
1885,79,21076,25143,46219,original,original
1885,80,19320,24535,43855,original,original
1885,81,15527,18521,34048,original,original
1885,82,13019,16482,29501,original,original
1885,83,11083,13920,25003,original,original
1885,84,9121,11940,21061,original,original
1885,85,6565,9614,16179,original,original
1885,86,4045,4661,8706,original,original
1885,87,2707,3669,6376,original,original
1885,88,2579,3661,6240,original,original
1885,89,1476,2053,3529,original,original
1885,90,1106,1720,2826,original,original
1885,91,0,0,0,original,original
1885,92,0,0,0,original,original
1885,93,0,0,0,original,original
1885,94,0,0,0,original,original
1885,95,0,0,0,original,original
1885,96,0,0,0,original,original
1885,97,0,0,0,original,original
1885,98,0,0,0,original,original
1885,99,0,0,0,original,original
1886,0,881001,840823,1721824,reconstructed,reconstructed
1886,1,535062,545934,1080996,reconstructed,reconstructed
1886,2,587437,586029,1173466,reconstructed,reconstructed
1886,3,574246,573527,1147773,reconstructed,reconstructed
1886,4,570088,570669,1140757,reconstructed,reconstructed
1886,5,554631,552227,1106858,reconstructed,reconstructed
1886,6,546697,546910,1093607,reconstructed,reconstructed
1886,7,564634,562620,1127254,reconstructed,reconstructed
1886,8,547747,547643,1095390,reconstructed,reconstructed
1886,9,546121,543403,1089524,reconstructed,reconstructed
1886,10,549673,549160,1098833,reconstructed,reconstructed
1886,11,541051,540864,1081915,reconstructed,reconstructed
1886,12,519631,520891,1040522,reconstructed,reconstructed
1886,13,506866,506742,1013608,reconstructed,reconstructed
1886,14,499682,503459,1003141,reconstructed,reconstructed
1886,15,409608,408767,818375,reconstructed,reconstructed
1886,16,463074,463528,926602,reconstructed,reconstructed
1886,17,454776,455578,910354,reconstructed,reconstructed
1886,18,428881,435303,864184,reconstructed,reconstructed
1886,19,416824,425807,842631,reconstructed,reconstructed
1886,20,422729,438985,861714,reconstructed,reconstructed
1886,21,400417,415731,816148,reconstructed,reconstructed
1886,22,402113,418459,820572,reconstructed,reconstructed
1886,23,397986,412090,810076,reconstructed,reconstructed
1886,24,373161,388401,761562,reconstructed,reconstructed
1886,25,354359,361909,716268,reconstructed,reconstructed
1886,26,374614,388745,763359,reconstructed,reconstructed
1886,27,358436,377618,736054,reconstructed,reconstructed
1886,28,345602,359748,705350,reconstructed,reconstructed
1886,29,335091,347590,682681,reconstructed,reconstructed
1886,30,308630,327961,636591,reconstructed,reconstructed
1886,31,300556,311130,611686,reconstructed,reconstructed
1886,32,302670,323206,625876,reconstructed,reconstructed
1886,33,299661,313263,612924,reconstructed,reconstructed
1886,34,299936,321221,621157,reconstructed,reconstructed
1886,35,291646,294129,585775,reconstructed,reconstructed
1886,36,305915,320334,626249,reconstructed,reconstructed
1886,37,294345,307965,602310,reconstructed,reconstructed
1886,38,266161,291958,558119,reconstructed,reconstructed
1886,39,248656,263303,511959,reconstructed,reconstructed
1886,40,250857,268525,519382,reconstructed,reconstructed
1886,41,273587,297338,570925,reconstructed,reconstructed
1886,42,250699,264966,515665,reconstructed,reconstructed
1886,43,243831,259031,502862,reconstructed,reconstructed
1886,44,258754,285702,544456,reconstructed,reconstructed
1886,45,227271,230945,458216,reconstructed,reconstructed
1886,46,250062,273229,523291,reconstructed,reconstructed
1886,47,223134,238598,461732,reconstructed,reconstructed
1886,48,216242,231328,447570,reconstructed,reconstructed
1886,49,205527,221667,427194,reconstructed,reconstructed
1886,50,205181,227877,433058,reconstructed,reconstructed
1886,51,207722,232642,440364,reconstructed,reconstructed
1886,52,191842,208705,400547,reconstructed,reconstructed
1886,53,183465,198729,382194,reconstructed,reconstructed
1886,54,172027,196304,368331,reconstructed,reconstructed
1886,55,156816,169236,326052,reconstructed,reconstructed
1886,56,173478,201229,374707,reconstructed,reconstructed
1886,57,149406,168530,317936,reconstructed,reconstructed
1886,58,148467,169092,317559,reconstructed,reconstructed
1886,59,142650,162693,305343,reconstructed,reconstructed
1886,60,139520,161286,300806,reconstructed,reconstructed
1886,61,144737,170879,315616,reconstructed,reconstructed
1886,62,134363,157576,291939,reconstructed,reconstructed
1886,63,127248,146409,273657,reconstructed,reconstructed
1886,64,124993,146328,271321,reconstructed,reconstructed
1886,65,117355,132956,250311,reconstructed,reconstructed
1886,66,121441,147137,268578,reconstructed,reconstructed
1886,67,105387,121044,226431,reconstructed,reconstructed
1886,68,94232,109236,203468,reconstructed,reconstructed
1886,69,82012,95583,177595,reconstructed,reconstructed
1886,70,75212,85434,160646,reconstructed,reconstructed
1886,71,76482,91481,167963,reconstructed,reconstructed
1886,72,58636,67235,125871,reconstructed,reconstructed
1886,73,55186,66279,121465,reconstructed,reconstructed
1886,74,49712,59119,108831,reconstructed,reconstructed
1886,75,47096,56781,103877,reconstructed,reconstructed
1886,76,41291,51990,93281,reconstructed,reconstructed
1886,77,31428,37568,68996,reconstructed,reconstructed
1886,78,27074,31970,59044,reconstructed,reconstructed
1886,79,22970,27303,50273,reconstructed,reconstructed
1886,80,17820,21897,39717,reconstructed,reconstructed
1886,81,15952,20421,36373,reconstructed,reconstructed
1886,82,12819,15638,28457,reconstructed,reconstructed
1886,83,10439,13534,23973,reconstructed,reconstructed
1886,84,8748,11204,19952,reconstructed,reconstructed
1886,85,7066,9285,16351,reconstructed,reconstructed
1886,86,5092,7716,12808,reconstructed,reconstructed
1886,87,2975,3523,6498,reconstructed,reconstructed
1886,88,1942,2717,4659,reconstructed,reconstructed
1886,89,1802,2655,4457,reconstructed,reconstructed
1886,90,1003,1457,2460,reconstructed,reconstructed
1886,91,0,0,0,reconstructed,reconstructed
1886,92,0,0,0,reconstructed,reconstructed
1886,93,0,0,0,reconstructed,reconstructed
1886,94,0,0,0,reconstructed,reconstructed
1886,95,0,0,0,reconstructed,reconstructed
1886,96,0,0,0,reconstructed,reconstructed
1886,97,0,0,0,reconstructed,reconstructed
1886,98,0,0,0,reconstructed,reconstructed
1886,99,0,0,0,reconstructed,reconstructed
1887,0,902473,859362,1761835,reconstructed,reconstructed
1887,1,670195,668676,1338871,reconstructed,reconstructed
1887,2,532320,540332,1072652,reconstructed,reconstructed
1887,3,575934,574753,1150687,reconstructed,reconstructed
1887,4,561162,560453,1121615,reconstructed,reconstructed
1887,5,562025,562573,1124598,reconstructed,reconstructed
1887,6,546599,544094,1090693,reconstructed,reconstructed
1887,7,543079,542503,1085582,reconstructed,reconstructed
1887,8,557580,555390,1112970,reconstructed,reconstructed
1887,9,546837,546144,1092981,reconstructed,reconstructed
1887,10,545210,542178,1087388,reconstructed,reconstructed
1887,11,547350,546748,1094098,reconstructed,reconstructed
1887,12,537030,536415,1073445,reconstructed,reconstructed
1887,13,517087,518199,1035286,reconstructed,reconstructed
1887,14,502615,503006,1005621,reconstructed,reconstructed
1887,15,495644,501609,997253,reconstructed,reconstructed
1887,16,405818,405992,811810,reconstructed,reconstructed
1887,17,459619,462083,921702,reconstructed,reconstructed
1887,18,450310,451816,902126,reconstructed,reconstructed
1887,19,425513,431951,857464,reconstructed,reconstructed
1887,20,413323,422002,835325,reconstructed,reconstructed
1887,21,419185,436023,855208,reconstructed,reconstructed
1887,22,396180,411220,807400,reconstructed,reconstructed
1887,23,397864,414879,812743,reconstructed,reconstructed
1887,24,392793,406649,799442,reconstructed,reconstructed
1887,25,369472,384222,753694,reconstructed,reconstructed
1887,26,350680,357040,707720,reconstructed,reconstructed
1887,27,371693,385521,757214,reconstructed,reconstructed
1887,28,355742,373440,729182,reconstructed,reconstructed
1887,29,342981,356422,699403,reconstructed,reconstructed
1887,30,332102,343776,675878,reconstructed,reconstructed
1887,31,306337,325070,631407,reconstructed,reconstructed
1887,32,296163,305735,601898,reconstructed,reconstructed
1887,33,300708,321188,621896,reconstructed,reconstructed
1887,34,296419,309312,605731,reconstructed,reconstructed
1887,35,296338,317528,613866,reconstructed,reconstructed
1887,36,288489,290944,579433,reconstructed,reconstructed
1887,37,303103,318880,621983,reconstructed,reconstructed
1887,38,290371,303387,593758,reconstructed,reconstructed
1887,39,263339,289203,552542,reconstructed,reconstructed
1887,40,245021,259793,504814,reconstructed,reconstructed
1887,41,248026,266382,514408,reconstructed,reconstructed
1887,42,269369,292743,562112,reconstructed,reconstructed
1887,43,248062,263232,511294,reconstructed,reconstructed
1887,44,239654,254746,494400,reconstructed,reconstructed
1887,45,254623,282088,536711,reconstructed,reconstructed
1887,46,223279,227533,450812,reconstructed,reconstructed
1887,47,245965,271190,517155,reconstructed,reconstructed
1887,48,218972,234860,453832,reconstructed,reconstructed
1887,49,212674,228803,441477,reconstructed,reconstructed
1887,50,201349,218351,419700,reconstructed,reconstructed
1887,51,201186,225103,426289,reconstructed,reconstructed
1887,52,201459,225956,427415,reconstructed,reconstructed
1887,53,188417,206477,394894,reconstructed,reconstructed
1887,54,178887,194725,373612,reconstructed,reconstructed
1887,55,167403,191969,359372,reconstructed,reconstructed
1887,56,152580,165239,317819,reconstructed,reconstructed
1887,57,168855,197869,366724,reconstructed,reconstructed
1887,58,144462,163238,307700,reconstructed,reconstructed
1887,59,144117,165224,309341,reconstructed,reconstructed
1887,60,138113,158697,296810,reconstructed,reconstructed
1887,61,134899,157262,292161,reconstructed,reconstructed
1887,62,137732,163024,300756,reconstructed,reconstructed
1887,63,129501,153455,282956,reconstructed,reconstructed
1887,64,121619,140743,262362,reconstructed,reconstructed
1887,65,118752,139715,258467,reconstructed,reconstructed
1887,66,110974,125834,236808,reconstructed,reconstructed
1887,67,114762,140271,255033,reconstructed,reconstructed
1887,68,97121,113118,210239,reconstructed,reconstructed
1887,69,88089,102907,190996,reconstructed,reconstructed
1887,70,76408,89739,166147,reconstructed,reconstructed
1887,71,69821,80026,149847,reconstructed,reconstructed
1887,72,69755,83504,153259,reconstructed,reconstructed
1887,73,53737,62371,116108,reconstructed,reconstructed
1887,74,49739,60231,109970,reconstructed,reconstructed
1887,75,44376,53381,97757,reconstructed,reconstructed
1887,76,41494,50111,91605,reconstructed,reconstructed
1887,77,36066,45971,82037,reconstructed,reconstructed
1887,78,26970,32417,59387,reconstructed,reconstructed
1887,79,23032,27453,50485,reconstructed,reconstructed
1887,80,19254,23191,42445,reconstructed,reconstructed
1887,81,14858,18798,33656,reconstructed,reconstructed
1887,82,12956,16750,29706,reconstructed,reconstructed
1887,83,10394,12991,23385,reconstructed,reconstructed
1887,84,8211,10930,19141,reconstructed,reconstructed
1887,85,6765,8864,15629,reconstructed,reconstructed
1887,86,5358,7092,12450,reconstructed,reconstructed
1887,87,3857,6067,9924,reconstructed,reconstructed
1887,88,2135,2610,4745,reconstructed,reconstructed
1887,89,1358,1971,3329,reconstructed,reconstructed
1887,90,1226,1884,3110,reconstructed,reconstructed
1887,91,0,0,0,reconstructed,reconstructed
1887,92,0,0,0,reconstructed,reconstructed
1887,93,0,0,0,reconstructed,reconstructed
1887,94,0,0,0,reconstructed,reconstructed
1887,95,0,0,0,reconstructed,reconstructed
1887,96,0,0,0,reconstructed,reconstructed
1887,97,0,0,0,reconstructed,reconstructed
1887,98,0,0,0,reconstructed,reconstructed
1887,99,0,0,0,reconstructed,reconstructed
1888,0,886134,841653,1727787,reconstructed,reconstructed
1888,1,688703,685270,1373973,reconstructed,reconstructed
1888,2,629168,628957,1258125,reconstructed,reconstructed
1888,3,545907,550938,1096845,reconstructed,reconstructed
1888,4,570553,569459,1140012,reconstructed,reconstructed
1888,5,551838,550918,1102756,reconstructed,reconstructed
1888,6,556483,556963,1113446,reconstructed,reconstructed
1888,7,540176,537546,1077722,reconstructed,reconstructed
1888,8,540590,539215,1079805,reconstructed,reconstructed
1888,9,551526,549141,1100667,reconstructed,reconstructed
1888,10,546577,545272,1091849,reconstructed,reconstructed
1888,11,544735,541378,1086113,reconstructed,reconstructed
1888,12,545331,544628,1089959,reconstructed,reconstructed
1888,13,533244,532114,1065358,reconstructed,reconstructed
1888,14,514664,515546,1030210,reconstructed,reconstructed
1888,15,498380,499286,997666,reconstructed,reconstructed
1888,16,491477,499688,991165,reconstructed,reconstructed
1888,17,401808,403128,804936,reconstructed,reconstructed
1888,18,455888,460546,916434,reconstructed,reconstructed
1888,19,445618,448007,893625,reconstructed,reconstructed
1888,20,421939,428539,850478,reconstructed,reconstructed
1888,21,409679,418138,827817,reconstructed,reconstructed
1888,22,415576,432962,848538,reconstructed,reconstructed
1888,23,391961,406620,798581,reconstructed,reconstructed
1888,24,393695,411202,804897,reconstructed,reconstructed
1888,25,387675,401146,788821,reconstructed,reconstructed
1888,26,365805,379993,745798,reconstructed,reconstructed
1888,27,347029,352144,699173,reconstructed,reconstructed
1888,28,368774,382240,751014,reconstructed,reconstructed
1888,29,353029,369235,722264,reconstructed,reconstructed
1888,30,340333,353083,693416,reconstructed,reconstructed
1888,31,329081,339959,669040,reconstructed,reconstructed
1888,32,303990,322149,626139,reconstructed,reconstructed
1888,33,291733,300360,592093,reconstructed,reconstructed
1888,34,298672,319152,617824,reconstructed,reconstructed
1888,35,293140,305385,598525,reconstructed,reconstructed
1888,36,292688,313833,606521,reconstructed,reconstructed
1888,37,285279,287756,573035,reconstructed,reconstructed
1888,38,300255,317420,617675,reconstructed,reconstructed
1888,39,286379,298868,585247,reconstructed,reconstructed
1888,40,260450,286450,546900,reconstructed,reconstructed
1888,41,241343,256321,497664,reconstructed,reconstructed
1888,42,245143,264265,509408,reconstructed,reconstructed
1888,43,265140,288239,553379,reconstructed,reconstructed
1888,44,245369,261541,506910,reconstructed,reconstructed
1888,45,235424,250543,485967,reconstructed,reconstructed
1888,46,250419,278500,528919,reconstructed,reconstructed
1888,47,219263,224127,443390,reconstructed,reconstructed
1888,48,241841,269087,510928,reconstructed,reconstructed
1888,49,214737,231065,445802,reconstructed,reconstructed
1888,50,208961,226136,435097,reconstructed,reconstructed
1888,51,197069,214913,411982,reconstructed,reconstructed
1888,52,197100,222189,419289,reconstructed,reconstructed
1888,53,195197,219243,414440,reconstructed,reconstructed
1888,54,184843,204065,388908,reconstructed,reconstructed
1888,55,174203,190581,364784,reconstructed,reconstructed
1888,56,162661,187471,350132,reconstructed,reconstructed
1888,57,148228,161106,309334,reconstructed,reconstructed
1888,58,164150,194317,358467,reconstructed,reconstructed
1888,59,139438,157807,297245,reconstructed,reconstructed
1888,60,139545,161044,300589,reconstructed,reconstructed
1888,61,133386,154426,287812,reconstructed,reconstructed
1888,62,130132,152960,283092,reconstructed,reconstructed
1888,63,130733,155092,285825,reconstructed,reconstructed
1888,64,124426,148959,273385,reconstructed,reconstructed
1888,65,115810,134793,250603,reconstructed,reconstructed
1888,66,112392,132902,245294,reconstructed,reconstructed
1888,67,104551,118664,223215,reconstructed,reconstructed
1888,68,108043,133253,241296,reconstructed,reconstructed
1888,69,89060,105227,194287,reconstructed,reconstructed
1888,70,81884,96361,178245,reconstructed,reconstructed
1888,71,70743,83687,154430,reconstructed,reconstructed
1888,72,64370,74444,138814,reconstructed,reconstructed
1888,73,63137,75650,138787,reconstructed,reconstructed
1888,74,48830,57396,106226,reconstructed,reconstructed
1888,75,44398,54250,98648,reconstructed,reconstructed
1888,76,39195,47678,86873,reconstructed,reconstructed
1888,77,36198,43818,80016,reconstructed,reconstructed
1888,78,31182,40333,71515,reconstructed,reconstructed
1888,79,22840,27653,50493,reconstructed,reconstructed
1888,80,19331,23255,42586,reconstructed,reconstructed
1888,81,15918,19429,35347,reconstructed,reconstructed
1888,82,12185,15893,28078,reconstructed,reconstructed
1888,83,10333,13521,23854,reconstructed,reconstructed
1888,84,8267,10610,18877,reconstructed,reconstructed
1888,85,6330,8678,15008,reconstructed,reconstructed
1888,86,5123,6888,12011,reconstructed,reconstructed
1888,87,3972,5312,9284,reconstructed,reconstructed
1888,88,2850,4669,7519,reconstructed,reconstructed
1888,89,1495,1895,3390,reconstructed,reconstructed
1888,90,924,1400,2324,reconstructed,reconstructed
1888,91,0,0,0,reconstructed,reconstructed
1888,92,0,0,0,reconstructed,reconstructed
1888,93,0,0,0,reconstructed,reconstructed
1888,94,0,0,0,reconstructed,reconstructed
1888,95,0,0,0,reconstructed,reconstructed
1888,96,0,0,0,reconstructed,reconstructed
1888,97,0,0,0,reconstructed,reconstructed
1888,98,0,0,0,reconstructed,reconstructed
1888,99,0,0,0,reconstructed,reconstructed
1889,0,844376,805801,1650177,reconstructed,reconstructed
1889,1,678370,672961,1351331,reconstructed,reconstructed
1889,2,647410,645411,1292821,reconstructed,reconstructed
1889,3,610563,610742,1221305,reconstructed,reconstructed
1889,4,563955,566106,1130061,reconstructed,reconstructed
1889,5,568616,567395,1136011,reconstructed,reconstructed
1889,6,544966,543797,1088763,reconstructed,reconstructed
1889,7,552484,552878,1105362,reconstructed,reconstructed
1889,8,534890,532113,1067003,reconstructed,reconstructed
1889,9,538988,536806,1075794,reconstructed,reconstructed
1889,10,546162,543556,1089718,reconstructed,reconstructed
1889,11,546735,544812,1091547,reconstructed,reconstructed
1889,12,544541,540848,1085389,reconstructed,reconstructed
1889,13,543532,542639,1086171,reconstructed,reconstructed
1889,14,529581,527860,1057441,reconstructed,reconstructed
1889,15,512240,512897,1025137,reconstructed,reconstructed
1889,16,494016,495508,989524,reconstructed,reconstructed
1889,17,487042,497646,984688,reconstructed,reconstructed
1889,18,397568,400198,797766,reconstructed,reconstructed
1889,19,451923,458940,910863,reconstructed,reconstructed
1889,20,440727,444141,884868,reconstructed,reconstructed
1889,21,418226,425064,843290,reconstructed,reconstructed
1889,22,405980,414192,820172,reconstructed,reconstructed
1889,23,411978,429791,841769,reconstructed,reconstructed
1889,24,387823,401942,789765,reconstructed,reconstructed
1889,25,389586,407439,797025,reconstructed,reconstructed
1889,26,382597,395606,778203,reconstructed,reconstructed
1889,27,362166,375724,737890,reconstructed,reconstructed
1889,28,343396,347230,690626,reconstructed,reconstructed
1889,29,365842,378921,744763,reconstructed,reconstructed
1889,30,350289,365028,715317,reconstructed,reconstructed
1889,31,337647,349731,687378,reconstructed,reconstructed
1889,32,326013,336128,662141,reconstructed,reconstructed
1889,33,301572,319204,620776,reconstructed,reconstructed
1889,34,287281,295031,582312,reconstructed,reconstructed
1889,35,296579,317101,613680,reconstructed,reconstructed
1889,36,289806,301460,591266,reconstructed,reconstructed
1889,37,288997,310141,599138,reconstructed,reconstructed
1889,38,282048,284602,566650,reconstructed,reconstructed
1889,39,297359,315955,613314,reconstructed,reconstructed
1889,40,282337,294386,576723,reconstructed,reconstructed
1889,41,257492,283717,541209,reconstructed,reconstructed
1889,42,237639,252904,490543,reconstructed,reconstructed
1889,43,242225,262186,504411,reconstructed,reconstructed
1889,44,260889,283835,544724,reconstructed,reconstructed
1889,45,242577,259876,502453,reconstructed,reconstructed
1889,46,231140,246385,477525,reconstructed,reconstructed
1889,47,246179,274904,521083,reconstructed,reconstructed
1889,48,215231,220703,435934,reconstructed,reconstructed
1889,49,237620,266864,504484,reconstructed,reconstructed
1889,50,210379,227160,437539,reconstructed,reconstructed
1889,51,205118,223325,428443,reconstructed,reconstructed
1889,52,192714,211368,404082,reconstructed,reconstructed
1889,53,192925,219135,412060,reconstructed,reconstructed
1889,54,188901,212477,401378,reconstructed,reconstructed
1889,55,181109,201447,382556,reconstructed,reconstructed
1889,56,169389,186274,355663,reconstructed,reconstructed
1889,57,157805,182819,340624,reconstructed,reconstructed
1889,58,143818,156875,300693,reconstructed,reconstructed
1889,59,159295,190471,349766,reconstructed,reconstructed
1889,60,134254,152173,286427,reconstructed,reconstructed
1889,61,134785,156598,291383,reconstructed,reconstructed
1889,62,128523,149904,278427,reconstructed,reconstructed
1889,63,125222,148379,273601,reconstructed,reconstructed
1889,64,123697,147056,270753,reconstructed,reconstructed
1889,65,119105,144047,263152,reconstructed,reconstructed
1889,66,109863,128616,238479,reconstructed,reconstructed
1889,67,105983,125967,231950,reconstructed,reconstructed
1889,68,98129,111500,209629,reconstructed,reconstructed
1889,69,101250,126022,227272,reconstructed,reconstructed
1889,70,81178,97285,178463,reconstructed,reconstructed
1889,71,75647,89635,165282,reconstructed,reconstructed
1889,72,65047,77510,142557,reconstructed,reconstructed
1889,73,58893,68732,127625,reconstructed,reconstructed
1889,74,56666,67998,124664,reconstructed,reconstructed
1889,75,43943,52346,96289,reconstructed,reconstructed
1889,76,39213,48338,87551,reconstructed,reconstructed
1889,77,34280,42187,76467,reconstructed,reconstructed
1889,78,31260,38014,69274,reconstructed,reconstructed
1889,79,26606,34988,61594,reconstructed,reconstructed
1889,80,19083,23267,42350,reconstructed,reconstructed
1889,81,16004,19431,35435,reconstructed,reconstructed
1889,82,12942,16038,28980,reconstructed,reconstructed
1889,83,9811,13215,23026,reconstructed,reconstructed
1889,84,8085,10736,18821,reconstructed,reconstructed
1889,85,6443,8519,14962,reconstructed,reconstructed
1889,86,4779,6767,11546,reconstructed,reconstructed
1889,87,3792,5249,9041,reconstructed,reconstructed
1889,88,2874,3902,6776,reconstructed,reconstructed
1889,89,2053,3517,5570,reconstructed,reconstructed
1889,90,1018,1346,2364,reconstructed,reconstructed
1889,91,0,0,0,reconstructed,reconstructed
1889,92,0,0,0,reconstructed,reconstructed
1889,93,0,0,0,reconstructed,reconstructed
1889,94,0,0,0,reconstructed,reconstructed
1889,95,0,0,0,reconstructed,reconstructed
1889,96,0,0,0,reconstructed,reconstructed
1889,97,0,0,0,reconstructed,reconstructed
1889,98,0,0,0,reconstructed,reconstructed
1889,99,0,0,0,reconstructed,reconstructed
1890,0,662126,648999,1311125,original,original
1890,1,648437,646030,1294467,original,original
1890,2,638549,634650,1273199,original,original
1890,3,628780,627232,1256012,original,original
1890,4,598503,598915,1197418,original,original
1890,5,584513,583711,1168224,original,original
1890,6,568947,567554,1136501,original,original
1890,7,539595,538159,1077754,original,original
1890,8,549578,549870,1099448,original,original
1890,9,530494,527553,1058047,original,original
1890,10,537999,534989,1072988,original,original
1890,11,541245,538411,1079656,original,original
1890,12,547162,544612,1091774,original,original
1890,13,544549,540431,1084980,original,original
1890,14,541840,540675,1082515,original,original
1890,15,525920,523616,1049536,original,original
1890,16,509669,510178,1019847,original,original
1890,17,489386,491626,981012,original,original
1890,18,482330,495512,977842,original,original
1890,19,393138,397223,790361,original,original
1890,20,447753,457253,905006,original,original
1890,21,435710,440214,875924,original,original
1890,22,414459,421504,835963,original,original
1890,23,402295,410156,812451,original,original
1890,24,408454,426521,834975,original,original
1890,25,383744,397195,780939,original,original
1890,26,385505,403614,789119,original,original
1890,27,377567,390042,767609,original,original
1890,28,358545,371425,729970,original,original
1890,29,339767,342314,682081,original,original
1890,30,362886,375585,738471,original,original
1890,31,347513,360820,708333,original,original
1890,32,334909,346358,681267,original,original
1890,33,322883,332288,655171,original,original
1890,34,299095,316261,615356,original,original
1890,35,282821,289751,572572,original,original
1890,36,294409,315013,609422,original,original
1890,37,286429,297546,583975,original,original
1890,38,285292,306492,591784,original,original
1890,39,278781,281482,560263,original,original
1890,40,294384,314464,608848,original,original
1890,41,278242,289958,568200,original,original
1890,42,254483,281023,535506,original,original
1890,43,233925,249551,483476,original,original
1890,44,239261,260153,499414,original,original
1890,45,256575,279513,536088,original,original
1890,46,239683,258196,497879,original,original
1890,47,226833,242237,469070,original,original
1890,48,241909,271270,513179,original,original
1890,49,211125,217223,428348,original,original
1890,50,233248,264467,497715,original,original
1890,51,205915,223148,429063,original,original
1890,52,201172,220383,421555,original,original
1890,53,188286,207711,395997,original,original
1890,54,188630,215911,404541,original,original
1890,55,182568,205649,388217,original,original
1890,56,177182,198597,375779,original,original
1890,57,164450,181809,346259,original,original
1890,58,152898,178049,330947,original,original
1890,59,139291,152470,291761,original,original
1890,60,154206,186248,340454,original,original
1890,61,128948,146387,275335,original,original
1890,62,129883,151906,281789,original,original
1890,63,123531,145129,268660,original,original
1890,64,120131,143482,263613,original,original
1890,65,116598,138898,255496,original,original
1890,66,113582,138774,252356,original,original
1890,67,103844,122280,226124,original,original
1890,68,99563,118967,218530,original,original
1890,69,91676,104297,195973,original,original
1890,70,94355,118469,212824,original,original
1890,71,73509,89343,162852,original,original
1890,72,69403,82809,152212,original,original
1890,73,59354,71252,130606,original,original
1890,74,53431,62967,116398,original,original
1890,75,50371,60584,110955,original,original
1890,76,39125,47223,86348,original,original
1890,77,34294,42664,76958,original,original
1890,78,29681,37034,66715,original,original
1890,79,26640,32608,59248,original,original
1890,80,22396,29939,52335,original,original
1890,81,15728,19309,35037,original,original
1890,82,13029,15995,29024,original,original
1890,83,10329,13024,23353,original,original
1890,84,7749,10804,18553,original,original
1890,85,6201,8385,14586,original,original
1890,86,4920,6716,11636,original,original
1890,87,3528,5173,8701,original,original
1890,88,2741,3922,6663,original,original
1890,89,2029,2808,4837,original,original
1890,90,1437,2588,4025,original,original
1890,91,0,0,0,original,original
1890,92,0,0,0,original,original
1890,93,0,0,0,original,original
1890,94,0,0,0,original,original
1890,95,0,0,0,original,original
1890,96,0,0,0,original,original
1890,97,0,0,0,original,original
1890,98,0,0,0,original,original
1890,99,0,0,0,original,original
1891,0,915886,870091,1785977,reconstructed,reconstructed
1891,1,528660,538490,1067150,reconstructed,reconstructed
1891,2,614371,613257,1227628,reconstructed,reconstructed
1891,3,622482,619019,1241501,reconstructed,reconstructed
1891,4,616564,615058,1231622,reconstructed,reconstructed
1891,5,590105,590533,1180638,reconstructed,reconstructed
1891,6,578083,577155,1155238,reconstructed,reconstructed
1891,7,564545,563149,1127694,reconstructed,reconstructed
1891,8,536544,535022,1071566,reconstructed,reconstructed
1891,9,546683,547065,1093748,reconstructed,reconstructed
1891,10,528025,524812,1052837,reconstructed,reconstructed
1891,11,535657,532307,1067964,reconstructed,reconstructed
1891,12,538264,535917,1074181,reconstructed,reconstructed
1891,13,543861,541786,1085647,reconstructed,reconstructed
1891,14,541298,537802,1079100,reconstructed,reconstructed
1891,15,538862,538217,1077079,reconstructed,reconstructed
1891,16,523391,521461,1044852,reconstructed,reconstructed
1891,17,506360,507142,1013502,reconstructed,reconstructed
1891,18,486242,488354,974596,reconstructed,reconstructed
1891,19,479241,491987,971228,reconstructed,reconstructed
1891,20,390713,394295,785008,reconstructed,reconstructed
1891,21,444827,454171,898998,reconstructed,reconstructed
1891,22,432655,437682,870337,reconstructed,reconstructed
1891,23,411320,418540,829860,reconstructed,reconstructed
1891,24,399521,407173,806694,reconstructed,reconstructed
1891,25,405670,423144,828814,reconstructed,reconstructed
1891,26,381163,393989,775152,reconstructed,reconstructed
1891,27,382996,400317,783313,reconstructed,reconstructed
1891,28,374953,386926,761879,reconstructed,reconstructed
1891,29,355870,368054,723924,reconstructed,reconstructed
1891,30,337415,339579,676994,reconstructed,reconstructed
1891,31,359708,371941,731649,reconstructed,reconstructed
1891,32,345066,358234,703300,reconstructed,reconstructed
1891,33,332160,343622,675782,reconstructed,reconstructed
1891,34,319932,329160,649092,reconstructed,reconstructed
1891,35,296462,313537,609999,reconstructed,reconstructed
1891,36,280224,287160,567384,reconstructed,reconstructed
1891,37,291236,311621,602857,reconstructed,reconstructed
1891,38,283310,294476,577786,reconstructed,reconstructed
1891,39,281973,303206,585179,reconstructed,reconstructed
1891,40,275456,278566,554022,reconstructed,reconstructed
1891,41,290380,310851,601231,reconstructed,reconstructed
1891,42,274850,287142,561992,reconstructed,reconstructed
1891,43,251108,278150,529258,reconstructed,reconstructed
1891,44,230702,246950,477652,reconstructed,reconstructed
1891,45,235758,257206,492964,reconstructed,reconstructed
1891,46,252166,275882,528048,reconstructed,reconstructed
1891,47,236040,255534,491574,reconstructed,reconstructed
1891,48,223082,239355,462437,reconstructed,reconstructed
1891,49,237532,267599,505131,reconstructed,reconstructed
1891,50,207225,214269,421494,reconstructed,reconstructed
1891,51,228350,260093,488443,reconstructed,reconstructed
1891,52,201637,219559,421196,reconstructed,reconstructed
1891,53,196719,216686,413405,reconstructed,reconstructed
1891,54,184033,204127,388160,reconstructed,reconstructed
1891,55,183957,211795,395752,reconstructed,reconstructed
1891,56,177782,201556,379338,reconstructed,reconstructed
1891,57,172275,194438,366713,reconstructed,reconstructed
1891,58,159904,178121,338025,reconstructed,reconstructed
1891,59,148175,173703,321878,reconstructed,reconstructed
1891,60,134808,148403,283211,reconstructed,reconstructed
1891,61,148370,180223,328593,reconstructed,reconstructed
1891,62,123927,141492,265419,reconstructed,reconstructed
1891,63,124531,146757,271288,reconstructed,reconstructed
1891,64,118035,139400,257435,reconstructed,reconstructed
1891,65,114257,137352,251609,reconstructed,reconstructed
1891,66,110552,132547,243099,reconstructed,reconstructed
1891,67,107138,131475,238613,reconstructed,reconstructed
1891,68,97707,115794,213501,reconstructed,reconstructed
1891,69,93289,112284,205573,reconstructed,reconstructed
1891,70,85368,97776,183144,reconstructed,reconstructed
1891,71,87020,109982,197002,reconstructed,reconstructed
1891,72,67929,82530,150459,reconstructed,reconstructed
1891,73,63250,75796,139046,reconstructed,reconstructed
1891,74,53694,64755,118449,reconstructed,reconstructed
1891,75,47875,56875,104750,reconstructed,reconstructed
1891,76,44567,53971,98538,reconstructed,reconstructed
1891,77,34287,41750,76037,reconstructed,reconstructed
1891,78,29894,37620,67514,reconstructed,reconstructed
1891,79,25534,32227,57761,reconstructed,reconstructed
1891,80,22470,28023,50493,reconstructed,reconstructed
1891,81,18729,25353,44082,reconstructed,reconstructed
1891,82,12848,15973,28821,reconstructed,reconstructed
1891,83,10443,13010,23453,reconstructed,reconstructed
1891,84,8119,10420,18539,reconstructed,reconstructed
1891,85,5971,8503,14474,reconstructed,reconstructed
1891,86,4682,6479,11161,reconstructed,reconstructed
1891,87,3630,5085,8715,reconstructed,reconstructed
1891,88,2540,3840,6380,reconstructed,reconstructed
1891,89,1924,2852,4776,reconstructed,reconstructed
1891,90,1384,1996,3380,reconstructed,reconstructed
1891,91,0,0,0,reconstructed,reconstructed
1891,92,0,0,0,reconstructed,reconstructed
1891,93,0,0,0,reconstructed,reconstructed
1891,94,0,0,0,reconstructed,reconstructed
1891,95,0,0,0,reconstructed,reconstructed
1891,96,0,0,0,reconstructed,reconstructed
1891,97,0,0,0,reconstructed,reconstructed
1891,98,0,0,0,reconstructed,reconstructed
1891,99,0,0,0,reconstructed,reconstructed
1892,0,909183,869697,1778880,reconstructed,reconstructed
1892,1,707767,701321,1409088,reconstructed,reconstructed
1892,2,516497,525025,1041522,reconstructed,reconstructed
1892,3,600767,600077,1200844,reconstructed,reconstructed
1892,4,612675,609447,1222122,reconstructed,reconstructed
1892,5,607987,606324,1214311,reconstructed,reconstructed
1892,6,584095,584490,1168585,reconstructed,reconstructed
1892,7,573144,572070,1145214,reconstructed,reconstructed
1892,8,561201,559785,1120986,reconstructed,reconstructed
1892,9,534309,532684,1066993,reconstructed,reconstructed
1892,10,544384,544830,1089214,reconstructed,reconstructed
1892,11,525941,522448,1048389,reconstructed,reconstructed
1892,12,533580,529879,1063459,reconstructed,reconstructed
1892,13,535493,533544,1069037,reconstructed,reconstructed
1892,14,540664,538984,1079648,reconstructed,reconstructed
1892,15,538033,535160,1073193,reconstructed,reconstructed
1892,16,535730,535682,1071412,reconstructed,reconstructed
1892,17,520570,519183,1039753,reconstructed,reconstructed
1892,18,502762,504022,1006784,reconstructed,reconstructed
1892,19,482853,485024,967877,reconstructed,reconstructed
1892,20,475930,488392,964322,reconstructed,reconstructed
1892,21,388162,391312,779474,reconstructed,reconstructed
1892,22,441843,450997,892840,reconstructed,reconstructed
1892,23,429610,435045,864655,reconstructed,reconstructed
1892,24,408251,415487,823738,reconstructed,reconstructed
1892,25,396790,404099,800889,reconstructed,reconstructed
1892,26,402896,419696,822592,reconstructed,reconstructed
1892,27,378596,390733,769329,reconstructed,reconstructed
1892,28,380494,396979,777473,reconstructed,reconstructed
1892,29,372331,383785,756116,reconstructed,reconstructed
1892,30,353174,364667,717841,reconstructed,reconstructed
1892,31,335027,336823,671850,reconstructed,reconstructed
1892,32,356486,368286,724772,reconstructed,reconstructed
1892,33,342550,355620,698170,reconstructed,reconstructed
1892,34,329354,340884,670238,reconstructed,reconstructed
1892,35,316937,326034,642971,reconstructed,reconstructed
1892,36,293768,310783,604551,reconstructed,reconstructed
1892,37,277580,284561,562141,reconstructed,reconstructed
1892,38,288035,308271,596306,reconstructed,reconstructed
1892,39,280152,291440,571592,reconstructed,reconstructed
1892,40,278596,299932,578528,reconstructed,reconstructed
1892,41,272066,275676,547742,reconstructed,reconstructed
1892,42,286337,307295,593632,reconstructed,reconstructed
1892,43,271423,284372,555795,reconstructed,reconstructed
1892,44,247694,275336,523030,reconstructed,reconstructed
1892,45,227411,244393,471804,reconstructed,reconstructed
1892,46,232178,254269,486447,reconstructed,reconstructed
1892,47,247723,272237,519960,reconstructed,reconstructed
1892,48,232351,252817,485168,reconstructed,reconstructed
1892,49,219238,236393,455631,reconstructed,reconstructed
1892,50,233013,263795,496808,reconstructed,reconstructed
1892,51,203209,211198,414407,reconstructed,reconstructed
1892,52,223363,255602,478965,reconstructed,reconstructed
1892,53,197269,215848,413117,reconstructed,reconstructed
1892,54,192154,212844,404998,reconstructed,reconstructed
1892,55,179661,200391,380052,reconstructed,reconstructed
1892,56,179131,207497,386628,reconstructed,reconstructed
1892,57,172850,197274,370124,reconstructed,reconstructed
1892,58,167284,190111,357395,reconstructed,reconstructed
1892,59,155203,174188,329391,reconstructed,reconstructed
1892,60,143256,169070,312326,reconstructed,reconstructed
1892,61,130162,144115,274277,reconstructed,reconstructed
1892,62,142413,173976,316389,reconstructed,reconstructed
1892,63,118806,136399,255205,reconstructed,reconstructed
1892,64,119044,141341,260385,reconstructed,reconstructed
1892,65,112369,133415,245784,reconstructed,reconstructed
1892,66,108272,131015,239287,reconstructed,reconstructed
1892,67,104450,126026,230476,reconstructed,reconstructed
1892,68,100676,124108,224784,reconstructed,reconstructed
1892,69,91502,109161,200663,reconstructed,reconstructed
1892,70,86924,105347,192271,reconstructed,reconstructed
1892,71,79017,91083,170100,reconstructed,reconstructed
1892,72,79700,101400,181100,reconstructed,reconstructed
1892,73,62287,75663,137950,reconstructed,reconstructed
1892,74,57168,68852,126020,reconstructed,reconstructed
1892,75,48114,58353,106467,reconstructed,reconstructed
1892,76,42441,50833,93274,reconstructed,reconstructed
1892,77,39046,47613,86659,reconstructed,reconstructed
1892,78,29752,36614,66366,reconstructed,reconstructed
1892,79,25712,32801,58513,reconstructed,reconstructed
1892,80,21668,27661,49329,reconstructed,reconstructed
1892,81,18702,23759,42461,reconstructed,reconstructed
1892,82,15397,21145,36542,reconstructed,reconstructed
1892,83,10300,12995,23295,reconstructed,reconstructed
1892,84,8209,10411,18620,reconstructed,reconstructed
1892,85,6258,8205,14463,reconstructed,reconstructed
1892,86,4511,6574,11085,reconstructed,reconstructed
1892,87,3456,4907,8363,reconstructed,reconstructed
1892,88,2615,3776,6391,reconstructed,reconstructed
1892,89,1784,2794,4578,reconstructed,reconstructed
1892,90,1313,2028,3341,reconstructed,reconstructed
1892,91,0,0,0,reconstructed,reconstructed
1892,92,0,0,0,reconstructed,reconstructed
1892,93,0,0,0,reconstructed,reconstructed
1892,94,0,0,0,reconstructed,reconstructed
1892,95,0,0,0,reconstructed,reconstructed
1892,96,0,0,0,reconstructed,reconstructed
1892,97,0,0,0,reconstructed,reconstructed
1892,98,0,0,0,reconstructed,reconstructed
1892,99,0,0,0,reconstructed,reconstructed
1893,0,931457,887000,1818457,reconstructed,reconstructed
1893,1,704778,702876,1407654,reconstructed,reconstructed
1893,2,668889,663994,1332883,reconstructed,reconstructed
1893,3,519946,526938,1046884,reconstructed,reconstructed
1893,4,592986,592547,1185533,reconstructed,reconstructed
1893,5,606307,603114,1209421,reconstructed,reconstructed
1893,6,601802,599927,1201729,reconstructed,reconstructed
1893,7,579541,579884,1159425,reconstructed,reconstructed
1893,8,569255,568022,1137277,reconstructed,reconstructed
1893,9,558687,557233,1115920,reconstructed,reconstructed
1893,10,532634,530881,1063515,reconstructed,reconstructed
1893,11,542467,542969,1085436,reconstructed,reconstructed
1893,12,524108,520324,1044432,reconstructed,reconstructed
1893,13,531702,527567,1059269,reconstructed,reconstructed
1893,14,532815,531187,1064002,reconstructed,reconstructed
1893,15,537448,536165,1073613,reconstructed,reconstructed
1893,16,534615,532442,1067057,reconstructed,reconstructed
1893,17,532306,533024,1065330,reconstructed,reconstructed
1893,18,517451,516814,1034265,reconstructed,reconstructed
1893,19,498918,500840,999758,reconstructed,reconstructed
1893,20,479247,481624,960871,reconstructed,reconstructed
1893,21,472477,484731,957208,reconstructed,reconstructed
1893,22,385565,388255,773820,reconstructed,reconstructed
1893,23,438869,447724,886593,reconstructed,reconstructed
1893,24,426636,432313,858949,reconstructed,reconstructed
1893,25,405229,412341,817570,reconstructed,reconstructed
1893,26,394068,400956,795024,reconstructed,reconstructed
1893,27,400139,416196,816335,reconstructed,reconstructed
1893,28,376039,387441,763480,reconstructed,reconstructed
1893,29,377987,393621,771608,reconstructed,reconstructed
1893,30,369689,380622,750311,reconstructed,reconstructed
1893,31,350445,361267,711712,reconstructed,reconstructed
1893,32,332592,334052,666644,reconstructed,reconstructed
1893,33,353207,364621,717828,reconstructed,reconstructed
1893,34,339973,353003,692976,reconstructed,reconstructed
1893,35,326502,338139,664641,reconstructed,reconstructed
1893,36,313882,322880,636762,reconstructed,reconstructed
1893,37,291026,308021,599047,reconstructed,reconstructed
1893,38,274902,281993,556895,reconstructed,reconstructed
1893,39,284793,304961,589754,reconstructed,reconstructed
1893,40,276934,288414,565348,reconstructed,reconstructed
1893,41,275155,296688,571843,reconstructed,reconstructed
1893,42,268632,272832,541464,reconstructed,reconstructed
1893,43,282270,303798,586068,reconstructed,reconstructed
1893,44,267948,281659,549607,reconstructed,reconstructed
1893,45,244206,272570,516776,reconstructed,reconstructed
1893,46,224042,241839,465881,reconstructed,reconstructed
1893,47,228552,251307,479859,reconstructed,reconstructed
1893,48,243248,268546,511794,reconstructed,reconstructed
1893,49,228558,250007,478565,reconstructed,reconstructed
1893,50,215259,233310,448569,reconstructed,reconstructed
1893,51,228369,259857,488226,reconstructed,reconstructed
1893,52,199098,208021,407119,reconstructed,reconstructed
1893,53,218284,250976,469260,reconstructed,reconstructed
1893,54,192786,211996,404782,reconstructed,reconstructed
1893,55,187471,208851,396322,reconstructed,reconstructed
1893,56,175129,196482,371611,reconstructed,reconstructed
1893,57,174157,203008,377165,reconstructed,reconstructed
1893,58,167832,192819,360651,reconstructed,reconstructed
1893,59,162142,185541,347683,reconstructed,reconstructed
1893,60,150287,169951,320238,reconstructed,reconstructed
1893,61,138179,164191,302370,reconstructed,reconstructed
1893,62,125372,139621,264993,reconstructed,reconstructed
1893,63,136354,167499,303853,reconstructed,reconstructed
1893,64,113561,131081,244642,reconstructed,reconstructed
1893,65,113381,135640,249021,reconstructed,reconstructed
1893,66,106586,127237,233823,reconstructed,reconstructed
1893,67,102242,124512,226754,reconstructed,reconstructed
1893,68,98310,119390,217700,reconstructed,reconstructed
1893,69,94157,116627,210784,reconstructed,reconstructed
1893,70,85216,102300,187516,reconstructed,reconstructed
1893,71,80512,98222,178734,reconstructed,reconstructed
1893,72,72632,84263,156895,reconstructed,reconstructed
1893,73,72431,92781,165212,reconstructed,reconstructed
1893,74,56645,68847,125492,reconstructed,reconstructed
1893,75,51182,62021,113203,reconstructed,reconstructed
1893,76,42654,52036,94690,reconstructed,reconstructed
1893,77,37256,44985,82241,reconstructed,reconstructed
1893,78,33877,41663,75540,reconstructed,reconstructed
1893,79,25473,31755,57228,reconstructed,reconstructed
1893,80,21814,28207,50021,reconstructed,reconstructed
1893,81,18147,23426,41573,reconstructed,reconstructed
1893,82,15301,19838,35139,reconstructed,reconstructed
1893,83,12418,17339,29757,reconstructed,reconstructed
1893,84,8098,10402,18500,reconstructed,reconstructed
1893,85,6330,8202,14532,reconstructed,reconstructed
1893,86,4731,6347,11078,reconstructed,reconstructed
1893,87,3332,4981,8313,reconstructed,reconstructed
1893,88,2491,3646,6137,reconstructed,reconstructed
1893,89,1839,2749,4588,reconstructed,reconstructed
1893,90,1219,1987,3206,reconstructed,reconstructed
1893,91,0,0,0,reconstructed,reconstructed
1893,92,0,0,0,reconstructed,reconstructed
1893,93,0,0,0,reconstructed,reconstructed
1893,94,0,0,0,reconstructed,reconstructed
1893,95,0,0,0,reconstructed,reconstructed
1893,96,0,0,0,reconstructed,reconstructed
1893,97,0,0,0,reconstructed,reconstructed
1893,98,0,0,0,reconstructed,reconstructed
1893,99,0,0,0,reconstructed,reconstructed
1894,0,942993,901235,1844228,reconstructed,reconstructed
1894,1,724289,718770,1443059,reconstructed,reconstructed
1894,2,666951,666335,1333286,reconstructed,reconstructed
1894,3,651771,647398,1299169,reconstructed,reconstructed
1894,4,527663,533120,1060783,reconstructed,reconstructed
1894,5,588382,588027,1176409,reconstructed,reconstructed
1894,6,602208,598984,1201192,reconstructed,reconstructed
1894,7,597073,594964,1192037,reconstructed,reconstructed
1894,8,576010,576292,1152302,reconstructed,reconstructed
1894,9,566187,564779,1130966,reconstructed,reconstructed
1894,10,556741,555223,1111964,reconstructed,reconstructed
1894,11,531315,529426,1060741,reconstructed,reconstructed
1894,12,540800,541345,1082145,reconstructed,reconstructed
1894,13,522465,518308,1040773,reconstructed,reconstructed
1894,14,529905,525267,1055172,reconstructed,reconstructed
1894,15,530109,528806,1058915,reconstructed,reconstructed
1894,16,534077,533271,1067348,reconstructed,reconstructed
1894,17,530911,529604,1060515,reconstructed,reconstructed
1894,18,528587,530277,1058864,reconstructed,reconstructed
1894,19,514078,514374,1028452,reconstructed,reconstructed
1894,20,494857,497583,992440,reconstructed,reconstructed
1894,21,475507,478160,953667,reconstructed,reconstructed
1894,22,468977,480981,949958,reconstructed,reconstructed
1894,23,382979,385120,768099,reconstructed,reconstructed
1894,24,435969,444364,880333,reconstructed,reconstructed
1894,25,423709,429481,853190,reconstructed,reconstructed
1894,26,402220,409126,811346,reconstructed,reconstructed
1894,27,391364,397764,789128,reconstructed,reconstructed
1894,28,397396,412664,810060,reconstructed,reconstructed
1894,29,373483,384135,757618,reconstructed,reconstructed
1894,30,375458,390244,765702,reconstructed,reconstructed
1894,31,367009,377439,744448,reconstructed,reconstructed
1894,32,347673,357861,705534,reconstructed,reconstructed
1894,33,330099,331268,661367,reconstructed,reconstructed
1894,34,349882,360972,710854,reconstructed,reconstructed
1894,35,337345,350374,687719,reconstructed,reconstructed
1894,36,323585,335352,658937,reconstructed,reconstructed
1894,37,310784,319724,630508,reconstructed,reconstructed
1894,38,288247,305294,593541,reconstructed,reconstructed
1894,39,272175,279453,551628,reconstructed,reconstructed
1894,40,281494,301663,583157,reconstructed,reconstructed
1894,41,273650,285415,559065,reconstructed,reconstructed
1894,42,271671,293499,565170,reconstructed,reconstructed
1894,43,265166,270031,535197,reconstructed,reconstructed
1894,44,278167,300371,578538,reconstructed,reconstructed
1894,45,264388,278990,543378,reconstructed,reconstructed
1894,46,240635,269804,510439,reconstructed,reconstructed
1894,47,220625,239254,459879,reconstructed,reconstructed
1894,48,224879,248292,473171,reconstructed,reconstructed
1894,49,238682,264776,503458,reconstructed,reconstructed
1894,50,224619,247066,471685,reconstructed,reconstructed
1894,51,211158,230105,441263,reconstructed,reconstructed
1894,52,223624,255794,479418,reconstructed,reconstructed
1894,53,194891,204719,399610,reconstructed,reconstructed
1894,54,213088,246197,459285,reconstructed,reconstructed
1894,55,188182,207998,396180,reconstructed,reconstructed
1894,56,182629,204687,387316,reconstructed,reconstructed
1894,57,170443,192388,362831,reconstructed,reconstructed
1894,58,169094,198342,367436,reconstructed,reconstructed
1894,59,162661,188123,350784,reconstructed,reconstructed
1894,60,156795,180673,337468,reconstructed,reconstructed
1894,61,145194,165450,310644,reconstructed,reconstructed
1894,62,132956,159077,292033,reconstructed,reconstructed
1894,63,120457,134908,255365,reconstructed,reconstructed
1894,64,130170,160763,290933,reconstructed,reconstructed
1894,65,108148,125526,233674,reconstructed,reconstructed
1894,66,107599,129716,237315,reconstructed,reconstructed
1894,67,100753,120898,221651,reconstructed,reconstructed
1894,68,96180,117899,214079,reconstructed,reconstructed
1894,69,92091,112594,204685,reconstructed,reconstructed
1894,70,87572,108949,196521,reconstructed,reconstructed
1894,71,78893,95281,174174,reconstructed,reconstructed
1894,72,74055,90947,165002,reconstructed,reconstructed
1894,73,66246,77362,143608,reconstructed,reconstructed
1894,74,65290,84262,149552,reconstructed,reconstructed
1894,75,51027,62127,113154,reconstructed,reconstructed
1894,76,45334,55291,100625,reconstructed,reconstructed
1894,77,37445,45940,83385,reconstructed,reconstructed
1894,78,32390,39483,71873,reconstructed,reconstructed
1894,79,28999,36054,65053,reconstructed,reconstructed
1894,80,21512,27163,48675,reconstructed,reconstructed
1894,81,18267,23936,42203,reconstructed,reconstructed
1894,82,14936,19536,34472,reconstructed,reconstructed
1894,83,12279,16282,28561,reconstructed,reconstructed
1894,84,9823,13989,23812,reconstructed,reconstructed
1894,85,6246,8199,14445,reconstructed,reconstructed
1894,86,4788,6349,11137,reconstructed,reconstructed
1894,87,3497,4811,8308,reconstructed,reconstructed
1894,88,2404,3703,6107,reconstructed,reconstructed
1894,89,1754,2656,4410,reconstructed,reconstructed
1894,90,1257,1956,3213,reconstructed,reconstructed
1894,91,0,0,0,reconstructed,reconstructed
1894,92,0,0,0,reconstructed,reconstructed
1894,93,0,0,0,reconstructed,reconstructed
1894,94,0,0,0,reconstructed,reconstructed
1894,95,0,0,0,reconstructed,reconstructed
1894,96,0,0,0,reconstructed,reconstructed
1894,97,0,0,0,reconstructed,reconstructed
1894,98,0,0,0,reconstructed,reconstructed
1894,99,0,0,0,reconstructed,reconstructed
1895,0,943702,904576,1848278,reconstructed,reconstructed
1895,1,735531,732247,1467778,reconstructed,reconstructed
1895,2,686325,682290,1368615,reconstructed,reconstructed
1895,3,650413,650209,1300622,reconstructed,reconstructed
1895,4,640786,636702,1277488,reconstructed,reconstructed
1895,5,537687,541555,1079242,reconstructed,reconstructed
1895,6,585883,585552,1171435,reconstructed,reconstructed
1895,7,599487,596205,1195692,reconstructed,reconstructed
1895,8,593365,591013,1184378,reconstructed,reconstructed
1895,9,573279,573485,1146764,reconstructed,reconstructed
1895,10,563681,562074,1125755,reconstructed,reconstructed
1895,11,555156,553565,1108721,reconstructed,reconstructed
1895,12,530229,528191,1058420,reconstructed,reconstructed
1895,13,539322,539825,1079147,reconstructed,reconstructed
1895,14,520894,516298,1037192,reconstructed,reconstructed
1895,15,528069,522939,1051008,reconstructed,reconstructed
1895,16,527247,526346,1053593,reconstructed,reconstructed
1895,17,530422,530258,1060680,reconstructed,reconstructed
1895,18,526920,526680,1053600,reconstructed,reconstructed
1895,19,524618,527459,1052077,reconstructed,reconstructed
1895,20,510481,511850,1022331,reconstructed,reconstructed
1895,21,490669,494260,984929,reconstructed,reconstructed
1895,22,471728,474609,946337,reconstructed,reconstructed
1895,23,465497,477138,942635,reconstructed,reconstructed
1895,24,380458,381917,762375,reconstructed,reconstructed
1895,25,433113,440909,874022,reconstructed,reconstructed
1895,26,420793,426571,847364,reconstructed,reconstructed
1895,27,399234,405862,805096,reconstructed,reconstructed
1895,28,388677,394542,783219,reconstructed,reconstructed
1895,29,394658,409122,803780,reconstructed,reconstructed
1895,30,370909,380810,751719,reconstructed,reconstructed
1895,31,372892,386848,759740,reconstructed,reconstructed
1895,32,364287,374249,738536,reconstructed,reconstructed
1895,33,344850,354450,699300,reconstructed,reconstructed
1895,34,327557,328490,656047,reconstructed,reconstructed
1895,35,346516,357324,703840,reconstructed,reconstructed
1895,36,334647,347696,682343,reconstructed,reconstructed
1895,37,320624,332557,653181,reconstructed,reconstructed
1895,38,307648,316612,624260,reconstructed,reconstructed
1895,39,285417,302597,588014,reconstructed,reconstructed
1895,40,269388,276915,546303,reconstructed,reconstructed
1895,41,278128,298397,576525,reconstructed,reconstructed
1895,42,270321,282467,552788,reconstructed,reconstructed
1895,43,268154,290357,558511,reconstructed,reconstructed
1895,44,261657,267285,528942,reconstructed,reconstructed
1895,45,273989,297000,570989,reconstructed,reconstructed
1895,46,260732,276315,537047,reconstructed,reconstructed
1895,47,237009,266998,504007,reconstructed,reconstructed
1895,48,217158,236610,453768,reconstructed,reconstructed
1895,49,221107,245194,466301,reconstructed,reconstructed
1895,50,233987,260890,494877,reconstructed,reconstructed
1895,51,220545,243990,464535,reconstructed,reconstructed
1895,52,206956,226783,433739,reconstructed,reconstructed
1895,53,218775,251581,470356,reconstructed,reconstructed
1895,54,190567,201278,391845,reconstructed,reconstructed
1895,55,207774,241262,449036,reconstructed,reconstructed
1895,56,183413,203835,387248,reconstructed,reconstructed
1895,57,177630,200336,377966,reconstructed,reconstructed
1895,58,165658,188115,353773,reconstructed,reconstructed
1895,59,163876,193431,357307,reconstructed,reconstructed
1895,60,157290,183134,340424,reconstructed,reconstructed
1895,61,151282,175550,326832,reconstructed,reconstructed
1895,62,139925,160690,300615,reconstructed,reconstructed
1895,63,127610,153715,281325,reconstructed,reconstructed
1895,64,115399,129953,245352,reconstructed,reconstructed
1895,65,123811,153758,277569,reconstructed,reconstructed
1895,66,102627,119793,222420,reconstructed,reconstructed
1895,67,101764,123592,225356,reconstructed,reconstructed
1895,68,94875,114451,209326,reconstructed,reconstructed
1895,69,90045,111133,201178,reconstructed,reconstructed
1895,70,85788,105561,191349,reconstructed,reconstructed
1895,71,80971,101160,182131,reconstructed,reconstructed
1895,72,72532,88129,160661,reconstructed,reconstructed
1895,73,67585,83568,151153,reconstructed,reconstructed
1895,74,59933,70503,130436,reconstructed,reconstructed
1895,75,58301,75901,134202,reconstructed,reconstructed
1895,76,45473,55488,100961,reconstructed,reconstructed
1895,77,39764,48792,88556,reconstructed,reconstructed
1895,78,32559,40223,72782,reconstructed,reconstructed
1895,79,27781,34273,62054,reconstructed,reconstructed
1895,80,24484,30773,55257,reconstructed,reconstructed
1895,81,17935,22931,40866,reconstructed,reconstructed
1895,82,15032,19998,35030,reconstructed,reconstructed
1895,83,12056,16011,28067,reconstructed,reconstructed
1895,84,9665,13149,22814,reconstructed,reconstructed
1895,85,7623,11116,18739,reconstructed,reconstructed
1895,86,4727,6350,11077,reconstructed,reconstructed
1895,87,3541,4814,8355,reconstructed,reconstructed
1895,88,2524,3578,6102,reconstructed,reconstructed
1895,89,1694,2699,4393,reconstructed,reconstructed
1895,90,1200,1890,3090,reconstructed,reconstructed
1895,91,0,0,0,reconstructed,reconstructed
1895,92,0,0,0,reconstructed,reconstructed
1895,93,0,0,0,reconstructed,reconstructed
1895,94,0,0,0,reconstructed,reconstructed
1895,95,0,0,0,reconstructed,reconstructed
1895,96,0,0,0,reconstructed,reconstructed
1895,97,0,0,0,reconstructed,reconstructed
1895,98,0,0,0,reconstructed,reconstructed
1895,99,0,0,0,reconstructed,reconstructed
1896,0,976712,932625,1909337,reconstructed,reconstructed
1896,1,738358,736909,1475267,reconstructed,reconstructed
1896,2,697902,695987,1393889,reconstructed,reconstructed
1896,3,669853,666319,1336172,reconstructed,reconstructed
1896,4,639828,639837,1279665,reconstructed,reconstructed
1896,5,633100,629130,1262230,reconstructed,reconstructed
1896,6,549273,551548,1100821,reconstructed,reconstructed
1896,7,584659,584332,1168991,reconstructed,reconstructed
1896,8,597732,594379,1192111,reconstructed,reconstructed
1896,9,590457,587844,1178301,reconstructed,reconstructed
1896,10,571095,571199,1142294,reconstructed,reconstructed
1896,11,561530,559717,1121247,reconstructed,reconstructed
1896,12,553808,552131,1105939,reconstructed,reconstructed
1896,13,529321,527054,1056375,reconstructed,reconstructed
1896,14,537912,538305,1076217,reconstructed,reconstructed
1896,15,519279,514254,1033533,reconstructed,reconstructed
1896,16,526072,520531,1046603,reconstructed,reconstructed
1896,17,524104,523768,1047872,reconstructed,reconstructed
1896,18,526484,527161,1053645,reconstructed,reconstructed
1896,19,522686,523687,1046373,reconstructed,reconstructed
1896,20,520431,524558,1044989,reconstructed,reconstructed
1896,21,506752,509253,1016005,reconstructed,reconstructed
1896,22,486450,490848,977298,reconstructed,reconstructed
1896,23,467976,470968,938944,reconstructed,reconstructed
1896,24,462102,473214,935316,reconstructed,reconstructed
1896,25,377976,378637,756613,reconstructed,reconstructed
1896,26,430269,437381,867650,reconstructed,reconstructed
1896,27,417899,423608,841507,reconstructed,reconstructed
1896,28,396270,402574,798844,reconstructed,reconstructed
1896,29,385999,391315,777314,reconstructed,reconstructed
1896,30,391904,405561,797465,reconstructed,reconstructed
1896,31,368300,377468,745768,reconstructed,reconstructed
1896,32,370282,383450,753732,reconstructed,reconstructed
1896,33,361512,371051,732563,reconstructed,reconstructed
1896,34,341982,351055,693037,reconstructed,reconstructed
1896,35,324969,325704,650673,reconstructed,reconstructed
1896,36,343094,353641,696735,reconstructed,reconstructed
1896,37,331902,345006,676908,reconstructed,reconstructed
1896,38,317620,329801,647421,reconstructed,reconstructed
1896,39,304460,313537,617997,reconstructed,reconstructed
1896,40,282523,299902,582425,reconstructed,reconstructed
1896,41,266529,274399,540928,reconstructed,reconstructed
1896,42,274719,295188,569907,reconstructed,reconstructed
1896,43,266956,279561,546517,reconstructed,reconstructed
1896,44,264594,287273,551867,reconstructed,reconstructed
1896,45,258071,264582,522653,reconstructed,reconstructed
1896,46,269725,293632,563357,reconstructed,reconstructed
1896,47,257010,273595,530605,reconstructed,reconstructed
1896,48,233326,264122,497448,reconstructed,reconstructed
1896,49,213593,233883,447476,reconstructed,reconstructed
1896,50,217201,241983,459184,reconstructed,reconstructed
1896,51,229174,256884,486058,reconstructed,reconstructed
1896,52,216358,240784,457142,reconstructed,reconstructed
1896,53,202648,223319,425967,reconstructed,reconstructed
1896,54,213801,247203,461004,reconstructed,reconstructed
1896,55,186125,197699,383824,reconstructed,reconstructed
1896,56,202287,236154,438441,reconstructed,reconstructed
1896,57,178482,199489,377971,reconstructed,reconstructed
1896,58,172532,195797,368329,reconstructed,reconstructed
1896,59,160707,183605,344312,reconstructed,reconstructed
1896,60,158460,188231,346691,reconstructed,reconstructed
1896,61,151757,177894,329651,reconstructed,reconstructed
1896,62,145598,170175,315773,reconstructed,reconstructed
1896,63,134511,155653,290164,reconstructed,reconstructed
1896,64,122128,148077,270205,reconstructed,reconstructed
1896,65,110147,124746,234893,reconstructed,reconstructed
1896,66,117346,146557,263903,reconstructed,reconstructed
1896,67,97060,113896,210956,reconstructed,reconstructed
1896,68,95877,117320,213197,reconstructed,reconstructed
1896,69,88910,107857,196767,reconstructed,reconstructed
1896,70,83835,104142,187977,reconstructed,reconstructed
1896,71,79454,98378,177832,reconstructed,reconstructed
1896,72,74347,93275,167622,reconstructed,reconstructed
1896,73,66163,80890,147053,reconstructed,reconstructed
1896,74,61186,76226,137412,reconstructed,reconstructed
1896,75,53715,63732,117447,reconstructed,reconstructed
1896,76,51500,67673,119173,reconstructed,reconstructed
1896,77,40128,49050,89178,reconstructed,reconstructed
1896,78,34549,42698,77247,reconstructed,reconstructed
1896,79,27928,34831,62759,reconstructed,reconstructed
1896,80,23501,29342,52843,reconstructed,reconstructed
1896,81,20410,25924,46334,reconstructed,reconstructed
1896,82,14692,19059,33751,reconstructed,reconstructed
1896,83,12128,16417,28545,reconstructed,reconstructed
1896,84,9544,12913,22457,reconstructed,reconstructed
1896,85,7465,10461,17926,reconstructed,reconstructed
1896,86,5807,8679,14486,reconstructed,reconstructed
1896,87,3498,4816,8314,reconstructed,reconstructed
1896,88,2558,3581,6139,reconstructed,reconstructed
1896,89,1780,2609,4389,reconstructed,reconstructed
1896,90,1159,1921,3080,reconstructed,reconstructed
1896,91,0,0,0,reconstructed,reconstructed
1896,92,0,0,0,reconstructed,reconstructed
1896,93,0,0,0,reconstructed,reconstructed
1896,94,0,0,0,reconstructed,reconstructed
1896,95,0,0,0,reconstructed,reconstructed
1896,96,0,0,0,reconstructed,reconstructed
1896,97,0,0,0,reconstructed,reconstructed
1896,98,0,0,0,reconstructed,reconstructed
1896,99,0,0,0,reconstructed,reconstructed
1897,0,968271,922598,1890869,reconstructed,reconstructed
1897,1,766539,761768,1528307,reconstructed,reconstructed
1897,2,701514,701329,1402843,reconstructed,reconstructed
1897,3,681708,680248,1361956,reconstructed,reconstructed
1897,4,659340,656069,1315409,reconstructed,reconstructed
1897,5,632418,632498,1264916,reconstructed,reconstructed
1897,6,627598,623665,1251263,reconstructed,reconstructed
1897,7,561797,562488,1124285,reconstructed,reconstructed
1897,8,584327,583996,1168323,reconstructed,reconstructed
1897,9,596734,593290,1190024,reconstructed,reconstructed
1897,10,588090,585193,1173283,reconstructed,reconstructed
1897,11,569254,569251,1138505,reconstructed,reconstructed
1897,12,559615,557582,1117197,reconstructed,reconstructed
1897,13,552642,550795,1103437,reconstructed,reconstructed
1897,14,528471,525908,1054379,reconstructed,reconstructed
1897,15,536449,536740,1073189,reconstructed,reconstructed
1897,16,517502,512130,1029632,reconstructed,reconstructed
1897,17,523791,518006,1041797,reconstructed,reconstructed
1897,18,520682,521105,1041787,reconstructed,reconstructed
1897,19,522309,523998,1046307,reconstructed,reconstructed
1897,20,518242,520614,1038856,reconstructed,reconstructed
1897,21,516121,521588,1037709,reconstructed,reconstructed
1897,22,502990,506559,1009549,reconstructed,reconstructed
1897,23,482266,487344,969610,reconstructed,reconstructed
1897,24,464314,467250,931564,reconstructed,reconstructed
1897,25,458760,469195,927955,reconstructed,reconstructed
1897,26,375505,375298,750803,reconstructed,reconstructed
1897,27,427446,433808,861254,reconstructed,reconstructed
1897,28,415028,420618,835646,reconstructed,reconstructed
1897,29,393322,399285,792607,reconstructed,reconstructed
1897,30,383308,388068,771376,reconstructed,reconstructed
1897,31,389116,401982,791098,reconstructed,reconstructed
1897,32,365654,374130,739784,reconstructed,reconstructed
1897,33,367622,380051,747673,reconstructed,reconstructed
1897,34,358691,367866,726557,reconstructed,reconstructed
1897,35,339072,347657,686729,reconstructed,reconstructed
1897,36,322321,322873,645194,reconstructed,reconstructed
1897,37,339638,349964,689602,reconstructed,reconstructed
1897,38,329104,342356,671460,reconstructed,reconstructed
1897,39,314554,327077,641631,reconstructed,reconstructed
1897,40,301210,310471,611681,reconstructed,reconstructed
1897,41,279555,297230,576785,reconstructed,reconstructed
1897,42,263621,271926,535547,reconstructed,reconstructed
1897,43,271274,292022,563296,reconstructed,reconstructed
1897,44,263545,276706,540251,reconstructed,reconstructed
1897,45,260957,284239,545196,reconstructed,reconstructed
1897,46,254393,261874,516267,reconstructed,reconstructed
1897,47,265405,290223,555628,reconstructed,reconstructed
1897,48,253217,270796,524013,reconstructed,reconstructed
1897,49,229535,261152,490687,reconstructed,reconstructed
1897,50,209898,231046,440944,reconstructed,reconstructed
1897,51,213170,238656,451826,reconstructed,reconstructed
1897,52,224264,252765,477029,reconstructed,reconstructed
1897,53,212051,237416,449467,reconstructed,reconstructed
1897,54,198219,219701,417920,reconstructed,reconstructed
1897,55,208702,242665,451367,reconstructed,reconstructed
1897,56,181513,193967,375480,reconstructed,reconstructed
1897,57,196632,230847,427479,reconstructed,reconstructed
1897,58,173444,194952,368396,reconstructed,reconstructed
1897,59,167266,191018,358284,reconstructed,reconstructed
1897,60,155558,178818,334376,reconstructed,reconstructed
1897,61,152888,182783,335671,reconstructed,reconstructed
1897,62,146049,172405,318454,reconstructed,reconstructed
1897,63,139776,164527,304303,reconstructed,reconstructed
1897,64,128936,150311,279247,reconstructed,reconstructed
1897,65,116453,142157,258610,reconstructed,reconstructed
1897,66,104768,119347,224115,reconstructed,reconstructed
1897,67,110849,139169,250018,reconstructed,reconstructed
1897,68,91443,107884,199327,reconstructed,reconstructed
1897,69,89892,110860,200752,reconstructed,reconstructed
1897,70,82860,101050,183910,reconstructed,reconstructed
1897,71,77606,97018,174624,reconstructed,reconstructed
1897,72,73075,91046,164121,reconstructed,reconstructed
1897,73,67729,85341,153070,reconstructed,reconstructed
1897,74,59872,73707,133579,reconstructed,reconstructed
1897,75,54878,68974,123852,reconstructed,reconstructed
1897,76,47624,57031,104655,reconstructed,reconstructed
1897,77,45052,59709,104761,reconstructed,reconstructed
1897,78,35079,42995,78074,reconstructed,reconstructed
1897,79,29610,36957,66567,reconstructed,reconstructed
1897,80,23627,29748,53375,reconstructed,reconstructed
1897,81,19631,24796,44427,reconstructed,reconstructed
1897,82,16715,21500,38215,reconstructed,reconstructed
1897,83,11799,15563,27362,reconstructed,reconstructed
1897,84,9596,13262,22858,reconstructed,reconstructed
1897,85,7414,10263,17677,reconstructed,reconstructed
1897,86,5661,8178,13839,reconstructed,reconstructed
1897,87,4325,6635,10960,reconstructed,reconstructed
1897,88,2529,3585,6114,reconstructed,reconstructed
1897,89,1806,2613,4419,reconstructed,reconstructed
1897,90,1219,1858,3077,reconstructed,reconstructed
1897,91,0,0,0,reconstructed,reconstructed
1897,92,0,0,0,reconstructed,reconstructed
1897,93,0,0,0,reconstructed,reconstructed
1897,94,0,0,0,reconstructed,reconstructed
1897,95,0,0,0,reconstructed,reconstructed
1897,96,0,0,0,reconstructed,reconstructed
1897,97,0,0,0,reconstructed,reconstructed
1897,98,0,0,0,reconstructed,reconstructed
1897,99,0,0,0,reconstructed,reconstructed
1898,0,976483,935569,1912052,reconstructed,reconstructed
1898,1,762247,755565,1517812,reconstructed,reconstructed
1898,2,729252,725929,1455181,reconstructed,reconstructed
1898,3,685794,686025,1371819,reconstructed,reconstructed
1898,4,671404,670170,1341574,reconstructed,reconstructed
1898,5,651977,648822,1300799,reconstructed,reconstructed
1898,6,627116,627201,1254317,reconstructed,reconstructed
1898,7,623420,619493,1242913,reconstructed,reconstructed
1898,8,574980,574103,1149083,reconstructed,reconstructed
1898,9,584695,584344,1169039,reconstructed,reconstructed
1898,10,596249,592686,1188935,reconstructed,reconstructed
1898,11,586065,582876,1168941,reconstructed,reconstructed
1898,12,567640,567517,1135157,reconstructed,reconstructed
1898,13,557882,555547,1113429,reconstructed,reconstructed
1898,14,551532,549448,1100980,reconstructed,reconstructed
1898,15,527560,524714,1052274,reconstructed,reconstructed
1898,16,534817,535086,1069903,reconstructed,reconstructed
1898,17,515448,509889,1025337,reconstructed,reconstructed
1898,18,521230,515399,1036629,reconstructed,reconstructed
1898,19,517026,518372,1035398,reconstructed,reconstructed
1898,20,517927,520755,1038682,reconstructed,reconstructed
1898,21,513686,517477,1031163,reconstructed,reconstructed
1898,22,511789,518524,1030313,reconstructed,reconstructed
1898,23,499259,503767,1003026,reconstructed,reconstructed
1898,24,478179,483763,961942,reconstructed,reconstructed
1898,25,460708,463438,924146,reconstructed,reconstructed
1898,26,455434,465103,920537,reconstructed,reconstructed
1898,27,373053,371927,744980,reconstructed,reconstructed
1898,28,424648,430219,854867,reconstructed,reconstructed
1898,29,412176,417626,829802,reconstructed,reconstructed
1898,30,390367,395976,786343,reconstructed,reconstructed
1898,31,380586,384800,765386,reconstructed,reconstructed
1898,32,386292,398411,784703,reconstructed,reconstructed
1898,33,362963,370793,733756,reconstructed,reconstructed
1898,34,364917,376669,741586,reconstructed,reconstructed
1898,35,355824,364672,720496,reconstructed,reconstructed
1898,36,336104,344217,680321,reconstructed,reconstructed
1898,37,319635,320041,639676,reconstructed,reconstructed
1898,38,336140,346347,682487,reconstructed,reconstructed
1898,39,326236,339737,665973,reconstructed,reconstructed
1898,40,311422,324353,635775,reconstructed,reconstructed
1898,41,297884,307433,605317,reconstructed,reconstructed
1898,42,276536,294606,571142,reconstructed,reconstructed
1898,43,260671,269483,530154,reconstructed,reconstructed
1898,44,267781,288911,556692,reconstructed,reconstructed
1898,45,260054,273896,533950,reconstructed,reconstructed
1898,46,257228,281199,538427,reconstructed,reconstructed
1898,47,250652,259122,509774,reconstructed,reconstructed
1898,48,261024,286738,547762,reconstructed,reconstructed
1898,49,249300,267898,517198,reconstructed,reconstructed
1898,50,225605,258062,483667,reconstructed,reconstructed
1898,51,206081,228095,434176,reconstructed,reconstructed
1898,52,209034,235214,444248,reconstructed,reconstructed
1898,53,219251,248494,467745,reconstructed,reconstructed
1898,54,207610,233877,441487,reconstructed,reconstructed
1898,55,193668,215936,409604,reconstructed,reconstructed
1898,56,203418,237950,441368,reconstructed,reconstructed
1898,57,176734,190056,366790,reconstructed,reconstructed
1898,58,190869,225325,416194,reconstructed,reconstructed
1898,59,168228,190178,358406,reconstructed,reconstructed
1898,60,161805,185962,347767,reconstructed,reconstructed
1898,61,150249,173794,324043,reconstructed,reconstructed
1898,62,147135,177085,324220,reconstructed,reconstructed
1898,63,140203,166642,306845,reconstructed,reconstructed
1898,64,133807,158580,292387,reconstructed,reconstructed
1898,65,123141,144660,267801,reconstructed,reconstructed
1898,66,110657,136022,246679,reconstructed,reconstructed
1898,67,99325,113752,213077,reconstructed,reconstructed
1898,68,104309,131656,235965,reconstructed,reconstructed
1898,69,85730,101725,187455,reconstructed,reconstructed
1898,70,83817,104148,187965,reconstructed,reconstructed
1898,71,76784,94126,170910,reconstructed,reconstructed
1898,72,71338,89751,161089,reconstructed,reconstructed
1898,73,66678,83610,150288,reconstructed,reconstructed
1898,74,61211,77520,138731,reconstructed,reconstructed
1898,75,53676,66632,120308,reconstructed,reconstructed
1898,76,48688,61788,110476,reconstructed,reconstructed
1898,77,41816,50496,92312,reconstructed,reconstructed
1898,78,39045,52236,91281,reconstructed,reconstructed
1898,79,30246,37277,67523,reconstructed,reconstructed
1898,80,25028,31547,56575,reconstructed,reconstructed
1898,81,19739,25080,44819,reconstructed,reconstructed
1898,82,16108,20626,36734,reconstructed,reconstructed
1898,83,13418,17514,30932,reconstructed,reconstructed
1898,84,9292,12507,21799,reconstructed,reconstructed
1898,85,7453,10561,18014,reconstructed,reconstructed
1898,86,5657,8015,13672,reconstructed,reconstructed
1898,87,4198,6258,10456,reconstructed,reconstructed
1898,88,3146,4978,8124,reconstructed,reconstructed
1898,89,1787,2617,4404,reconstructed,reconstructed
1898,90,1238,1862,3100,reconstructed,reconstructed
1898,91,0,0,0,reconstructed,reconstructed
1898,92,0,0,0,reconstructed,reconstructed
1898,93,0,0,0,reconstructed,reconstructed
1898,94,0,0,0,reconstructed,reconstructed
1898,95,0,0,0,reconstructed,reconstructed
1898,96,0,0,0,reconstructed,reconstructed
1898,97,0,0,0,reconstructed,reconstructed
1898,98,0,0,0,reconstructed,reconstructed
1898,99,0,0,0,reconstructed,reconstructed
1899,0,929728,891811,1821539,reconstructed,reconstructed
1899,1,771065,768202,1539267,reconstructed,reconstructed
1899,2,726127,720951,1447078,reconstructed,reconstructed
1899,3,713491,710664,1424155,reconstructed,reconstructed
1899,4,675826,676252,1352078,reconstructed,reconstructed
1899,5,664185,663051,1327236,reconstructed,reconstructed
1899,6,646711,643590,1290301,reconstructed,reconstructed
1899,7,623089,623155,1246244,reconstructed,reconstructed
1899,8,620159,616231,1236390,reconstructed,reconstructed
1899,9,588696,586248,1174944,reconstructed,reconstructed
1899,10,585536,585139,1170675,reconstructed,reconstructed
1899,11,596081,592392,1188473,reconstructed,reconstructed
1899,12,584266,580772,1165038,reconstructed,reconstructed
1899,13,566206,565879,1132085,reconstructed,reconstructed
1899,14,556202,553501,1109703,reconstructed,reconstructed
1899,15,550353,548046,1098399,reconstructed,reconstructed
1899,16,526479,523428,1049907,reconstructed,reconstructed
1899,17,532900,533308,1066208,reconstructed,reconstructed
1899,18,513122,507566,1020688,reconstructed,reconstructed
1899,19,518430,512722,1031152,reconstructed,reconstructed
1899,20,513165,515558,1028723,reconstructed,reconstructed
1899,21,513439,517452,1030891,reconstructed,reconstructed
1899,22,509116,514251,1023367,reconstructed,reconstructed
1899,23,507497,515367,1022864,reconstructed,reconstructed
1899,24,495624,500890,996514,reconstructed,reconstructed
1899,25,474153,480082,954235,reconstructed,reconstructed
1899,26,457122,459552,916674,reconstructed,reconstructed
1899,27,452136,460973,913109,reconstructed,reconstructed
1899,28,370625,368550,739175,reconstructed,reconstructed
1899,29,421873,426641,848514,reconstructed,reconstructed
1899,30,409315,414607,823922,reconstructed,reconstructed
1899,31,387384,392645,780029,reconstructed,reconstructed
1899,32,377831,381543,759374,reconstructed,reconstructed
1899,33,383426,394846,778272,reconstructed,reconstructed
1899,34,360232,367476,727708,reconstructed,reconstructed
1899,35,362164,373278,735442,reconstructed,reconstructed
1899,36,352897,361423,714320,reconstructed,reconstructed
1899,37,333105,340783,673888,reconstructed,reconstructed
1899,38,316898,317257,634155,reconstructed,reconstructed
1899,39,332580,342778,675358,reconstructed,reconstructed
1899,40,323296,337115,660411,reconstructed,reconstructed
1899,41,308208,321652,629860,reconstructed,reconstructed
1899,42,294509,304451,598960,reconstructed,reconstructed
1899,43,273472,292011,565483,reconstructed,reconstructed
1899,44,257667,267079,524746,reconstructed,reconstructed
1899,45,264210,285849,550059,reconstructed,reconstructed
1899,46,256468,271077,527545,reconstructed,reconstructed
1899,47,253434,278111,531545,reconstructed,reconstructed
1899,48,246840,256293,503133,reconstructed,reconstructed
1899,49,256528,283160,539688,reconstructed,reconstructed
1899,50,245227,264877,510104,reconstructed,reconstructed
1899,51,221544,254846,476390,reconstructed,reconstructed
1899,52,202157,225031,427188,reconstructed,reconstructed
1899,53,204782,231618,436400,reconstructed,reconstructed
1899,54,214122,244068,458190,reconstructed,reconstructed
1899,55,203035,230176,433211,reconstructed,reconstructed
1899,56,188936,212010,400946,reconstructed,reconstructed
1899,57,197951,233023,430974,reconstructed,reconstructed
1899,58,171839,185945,357784,reconstructed,reconstructed
1899,59,184919,219542,404461,reconstructed,reconstructed
1899,60,162818,185135,347953,reconstructed,reconstructed
1899,61,156189,180668,336857,reconstructed,reconstructed
1899,62,144746,168525,313271,reconstructed,reconstructed
1899,63,141241,171108,312349,reconstructed,reconstructed
1899,64,134213,160580,294793,reconstructed,reconstructed
1899,65,127626,152335,279961,reconstructed,reconstructed
1899,66,117203,138765,255968,reconstructed,reconstructed
1899,67,104811,129659,234470,reconstructed,reconstructed
1899,68,93801,108009,201810,reconstructed,reconstructed
1899,69,97671,123978,221649,reconstructed,reconstructed
1899,70,79932,95362,175294,reconstructed,reconstructed
1899,71,77714,97286,175000,reconstructed,reconstructed
1899,72,70656,87063,157719,reconstructed,reconstructed
1899,73,65057,82385,147442,reconstructed,reconstructed
1899,74,60363,76233,136596,reconstructed,reconstructed
1899,75,54808,69867,124675,reconstructed,reconstructed
1899,76,47602,59639,107241,reconstructed,reconstructed
1899,77,42780,54758,97538,reconstructed,reconstructed
1899,78,36378,44328,80706,reconstructed,reconstructed
1899,79,33377,45203,78580,reconstructed,reconstructed
1899,80,25718,31873,57591,reconstructed,reconstructed
1899,81,20895,26586,47481,reconstructed,reconstructed
1899,82,16198,20812,37010,reconstructed,reconstructed
1899,83,12953,16849,29802,reconstructed,reconstructed
1899,84,10562,14042,24604,reconstructed,reconstructed
1899,85,7184,9911,17095,reconstructed,reconstructed
1899,86,5687,8264,13951,reconstructed,reconstructed
1899,87,4220,6127,10347,reconstructed,reconstructed
1899,88,3041,4700,7741,reconstructed,reconstructed
1899,89,2238,3663,5901,reconstructed,reconstructed
1899,90,1226,1865,3091,reconstructed,reconstructed
1899,91,0,0,0,reconstructed,reconstructed
1899,92,0,0,0,reconstructed,reconstructed
1899,93,0,0,0,reconstructed,reconstructed
1899,94,0,0,0,reconstructed,reconstructed
1899,95,0,0,0,reconstructed,reconstructed
1899,96,0,0,0,reconstructed,reconstructed
1899,97,0,0,0,reconstructed,reconstructed
1899,98,0,0,0,reconstructed,reconstructed
1899,99,0,0,0,reconstructed,reconstructed
1900,0,755880,741708,1497588,original,original
1900,1,736386,734193,1470579,original,original
1900,2,735496,733958,1469454,original,original
1900,3,711012,706362,1417374,original,original
1900,4,703534,700944,1404478,original,original
1900,5,668839,669354,1338193,original,original
1900,6,659024,657910,1316934,original,original
1900,7,642710,639593,1282303,original,original
1900,8,619942,619991,1239933,original,original
1900,9,617615,613664,1231279,original,original
1900,10,602767,598731,1201498,original,original
1900,11,586666,586218,1172884,original,original
1900,12,596124,592293,1188417,original,original
1900,13,582648,578763,1161411,original,original
1900,14,564817,564222,1129039,original,original
1900,15,554449,551398,1105847,original,original
1900,16,548997,546549,1095546,original,original
1900,17,525117,522020,1047137,original,original
1900,18,530704,531441,1062145,original,original
1900,19,510563,505173,1015736,original,original
1900,20,515421,509965,1025386,original,original
1900,21,509200,512683,1021883,original,original
1900,22,508943,514066,1023009,original,original
1900,23,504593,510940,1015533,original,original
1900,24,503311,512132,1015443,original,original
1900,25,492045,497901,989946,original,original
1900,26,470153,476321,946474,original,original
1900,27,453568,455629,909197,original,original
1900,28,448876,456840,905716,original,original
1900,29,368221,365190,733411,original,original
1900,30,419089,423042,842131,original,original
1900,31,406424,411560,817984,original,original
1900,32,384374,389330,773704,original,original
1900,33,375040,378292,753332,original,original
1900,34,380523,391304,771827,original,original
1900,35,357457,364148,721605,original,original
1900,36,359350,369830,729180,original,original
1900,37,349938,358177,708115,original,original
1900,38,330055,337409,667464,original,original
1900,39,314092,314509,628601,original,original
1900,40,328961,339222,668183,original,original
1900,41,320265,334514,654779,original,original
1900,42,304940,319001,623941,original,original
1900,43,291089,301502,592591,original,original
1900,44,270350,289456,559806,original,original
1900,45,254579,264712,519291,original,original
1900,46,260543,282778,543321,original,original
1900,47,252814,268207,521021,original,original
1900,48,249567,274941,524508,original,original
1900,49,242910,253374,496284,original,original
1900,50,251889,279468,531357,original,original
1900,51,241007,261727,502734,original,original
1900,52,217367,251503,468870,original,original
1900,53,198118,221812,419930,original,original
1900,54,200406,227868,428274,original,original
1900,55,208883,239502,448385,original,original
1900,56,198262,226299,424561,original,original
1900,57,184026,207888,391914,original,original
1900,58,192358,227851,420209,original,original
1900,59,166757,181600,348357,original,original
1900,60,178774,213469,392243,original,original
1900,61,157251,179862,337113,original,original
1900,62,150375,175126,325501,original,original
1900,63,139093,162982,302075,original,original
1900,64,135207,164829,300036,original,original
1900,65,128010,154224,282234,original,original
1900,66,121317,145864,267181,original,original
1900,67,111196,132604,243800,original,original
1900,68,98889,123124,222013,original,original
1900,69,88146,102087,190233,original,original
1900,70,90954,116074,207028,original,original
1900,71,74113,88896,163009,original,original
1900,72,71551,90239,161790,original,original
1900,73,64500,79903,144403,original,original
1900,74,58866,75088,133954,original,original
1900,75,54142,68973,123115,original,original
1900,76,48544,62349,110893,original,original
1900,77,41808,52802,94610,original,original
1900,78,37247,48110,85357,original,original
1900,79,31214,38493,69707,original,original
1900,80,28135,38575,66710,original,original
1900,81,21601,26908,48509,original,original
1900,82,17132,22050,39182,original,original
1900,83,13024,16956,29980,original,original
1900,84,10214,13548,23762,original,original
1900,85,8164,11104,19268,original,original
1900,86,5459,7718,13177,original,original
1900,87,4243,6327,10570,original,original
1900,88,3076,4597,7673,original,original
1900,89,2154,3463,5617,original,original
1900,90,1545,2631,4176,original,original
1900,91,0,0,0,original,original
1900,92,0,0,0,original,original
1900,93,0,0,0,original,original
1900,94,0,0,0,original,original
1900,95,0,0,0,original,original
1900,96,0,0,0,original,original
1900,97,0,0,0,original,original
1900,98,0,0,0,original,original
1900,99,0,0,0,original,original
1901,0,1009615,957836,1967451,reconstructed,reconstructed
1901,1,620563,630270,1250833,reconstructed,reconstructed
1901,2,706096,704765,1410861,reconstructed,reconstructed
1901,3,722053,720622,1442675,reconstructed,reconstructed
1901,4,702167,697602,1399769,reconstructed,reconstructed
1901,5,697207,694782,1391989,reconstructed,reconstructed
1901,6,664220,664768,1328988,reconstructed,reconstructed
1901,7,656005,654807,1310812,reconstructed,reconstructed
1901,8,640889,637915,1278804,reconstructed,reconstructed
1901,9,618393,618370,1236763,reconstructed,reconstructed
1901,10,616115,612082,1228197,reconstructed,reconstructed
1901,11,601517,597071,1198588,reconstructed,reconstructed
1901,12,585123,584253,1169376,reconstructed,reconstructed
1901,13,593695,589905,1183600,reconstructed,reconstructed
1901,14,580286,576647,1156933,reconstructed,reconstructed
1901,15,562333,561865,1124198,reconstructed,reconstructed
1901,16,552403,549606,1102009,reconstructed,reconstructed
1901,17,546033,543918,1089951,reconstructed,reconstructed
1901,18,522142,519415,1041557,reconstructed,reconstructed
1901,19,527711,528888,1056599,reconstructed,reconstructed
1901,20,507122,502416,1009538,reconstructed,reconstructed
1901,21,512242,507631,1019873,reconstructed,reconstructed
1901,22,506304,510412,1016716,reconstructed,reconstructed
1901,23,506058,511339,1017397,reconstructed,reconstructed
1901,24,501986,508043,1010029,reconstructed,reconstructed
1901,25,500591,509107,1009698,reconstructed,reconstructed
1901,26,489155,494805,983960,reconstructed,reconstructed
1901,27,467419,473268,940687,reconstructed,reconstructed
1901,28,450752,452614,903366,reconstructed,reconstructed
1901,29,446135,453799,899934,reconstructed,reconstructed
1901,30,365922,362833,728755,reconstructed,reconstructed
1901,31,416312,420178,836490,reconstructed,reconstructed
1901,32,403670,408782,812452,reconstructed,reconstructed
1901,33,381698,386653,768351,reconstructed,reconstructed
1901,34,372118,375348,747466,reconstructed,reconstructed
1901,35,377554,388435,765989,reconstructed,reconstructed
1901,36,354544,361355,715899,reconstructed,reconstructed
1901,37,356253,366903,723156,reconstructed,reconstructed
1901,38,346567,355060,701627,reconstructed,reconstructed
1901,39,326872,334611,661483,reconstructed,reconstructed
1901,40,310839,311833,622672,reconstructed,reconstructed
1901,41,325356,336346,661702,reconstructed,reconstructed
1901,42,316721,331688,648409,reconstructed,reconstructed
1901,43,301257,316090,617347,reconstructed,reconstructed
1901,44,287362,298782,586144,reconstructed,reconstructed
1901,45,266788,286650,553438,reconstructed,reconstructed
1901,46,250928,262200,513128,reconstructed,reconstructed
1901,47,256894,280320,537214,reconstructed,reconstructed
1901,48,248884,265262,514146,reconstructed,reconstructed
1901,49,245356,271718,517074,reconstructed,reconstructed
1901,50,238605,250304,488909,reconstructed,reconstructed
1901,51,247165,275941,523106,reconstructed,reconstructed
1901,52,235977,257750,493727,reconstructed,reconstructed
1901,53,212771,247705,460476,reconstructed,reconstructed
1901,54,193643,218158,411801,reconstructed,reconstructed
1901,55,195720,224027,419747,reconstructed,reconstructed
1901,56,203544,235031,438575,reconstructed,reconstructed
1901,57,192862,221825,414687,reconstructed,reconstructed
1901,58,179040,203753,382793,reconstructed,reconstructed
1901,59,186514,222770,409284,reconstructed,reconstructed
1901,60,161411,177179,338590,reconstructed,reconstructed
1901,61,172688,207815,380503,reconstructed,reconstructed
1901,62,151308,174435,325743,reconstructed,reconstructed
1901,63,144450,169704,314154,reconstructed,reconstructed
1901,64,133194,157294,290488,reconstructed,reconstructed
1901,65,128947,158552,287499,reconstructed,reconstructed
1901,66,121766,148043,269809,reconstructed,reconstructed
1901,67,114984,139217,254201,reconstructed,reconstructed
1901,68,104909,126054,230963,reconstructed,reconstructed
1901,69,92949,116783,209732,reconstructed,reconstructed
1901,70,82291,96042,178333,reconstructed,reconstructed
1901,71,84491,108724,193215,reconstructed,reconstructed
1901,72,68286,82458,150744,reconstructed,reconstructed
1901,73,65414,83169,148583,reconstructed,reconstructed
1901,74,58514,73152,131666,reconstructed,reconstructed
1901,75,53123,68476,121599,reconstructed,reconstructed
1901,76,48316,62031,110347,reconstructed,reconstructed
1901,77,42949,55763,98712,reconstructed,reconstructed
1901,78,36690,46819,83509,reconstructed,reconstructed
1901,79,32207,42150,74357,reconstructed,reconstructed
1901,80,26766,33406,60172,reconstructed,reconstructed
1901,81,23635,32777,56412,reconstructed,reconstructed
1901,82,17711,22347,40058,reconstructed,reconstructed
1901,83,13755,17969,31724,reconstructed,reconstructed
1901,84,10252,13600,23852,reconstructed,reconstructed
1901,85,7894,10717,18611,reconstructed,reconstructed
1901,86,6201,8629,14830,reconstructed,reconstructed
1901,87,4053,5864,9917,reconstructed,reconstructed
1901,88,3076,4718,7794,reconstructed,reconstructed
1901,89,2179,3362,5541,reconstructed,reconstructed
1901,90,1480,2470,3950,reconstructed,reconstructed
1901,91,0,0,0,reconstructed,reconstructed
1901,92,0,0,0,reconstructed,reconstructed
1901,93,0,0,0,reconstructed,reconstructed
1901,94,0,0,0,reconstructed,reconstructed
1901,95,0,0,0,reconstructed,reconstructed
1901,96,0,0,0,reconstructed,reconstructed
1901,97,0,0,0,reconstructed,reconstructed
1901,98,0,0,0,reconstructed,reconstructed
1901,99,0,0,0,reconstructed,reconstructed
1902,0,1030877,986408,2017285,reconstructed,reconstructed
1902,1,804525,792674,1597199,reconstructed,reconstructed
1902,2,612674,621025,1233699,reconstructed,reconstructed
1902,3,695221,693970,1389191,reconstructed,reconstructed
1902,4,714079,712507,1426586,reconstructed,reconstructed
1902,5,696150,691570,1387720,reconstructed,reconstructed
1902,6,692866,690514,1383380,reconstructed,reconstructed
1902,7,660795,661352,1322147,reconstructed,reconstructed
1902,8,653827,652548,1306375,reconstructed,reconstructed
1902,9,639737,636884,1276621,reconstructed,reconstructed
1902,10,617297,617178,1234475,reconstructed,reconstructed
1902,11,614907,610785,1225692,reconstructed,reconstructed
1902,12,600467,595597,1196064,reconstructed,reconstructed
1902,13,583751,582376,1166127,reconstructed,reconstructed
1902,14,591303,587492,1178795,reconstructed,reconstructed
1902,15,577840,574461,1152301,reconstructed,reconstructed
1902,16,559673,559414,1119087,reconstructed,reconstructed
1902,17,550074,547689,1097763,reconstructed,reconstructed
1902,18,542800,541205,1084005,reconstructed,reconstructed
1902,19,518946,516740,1035686,reconstructed,reconstructed
1902,20,524515,526250,1050765,reconstructed,reconstructed
1902,21,503589,499605,1003194,reconstructed,reconstructed
1902,22,509051,505213,1014264,reconstructed,reconstructed
1902,23,503441,508056,1011497,reconstructed,reconstructed
1902,24,503266,508539,1011805,reconstructed,reconstructed
1902,25,499423,505035,1004458,reconstructed,reconstructed
1902,26,497882,505990,1003872,reconstructed,reconstructed
1902,27,486291,491662,977953,reconstructed,reconstructed
1902,28,464722,470208,934930,reconstructed,reconstructed
1902,29,447971,449617,897588,reconstructed,reconstructed
1902,30,443389,450726,894115,reconstructed,reconstructed
1902,31,363596,360449,724045,reconstructed,reconstructed
1902,32,413509,417329,830838,reconstructed,reconstructed
1902,33,400885,406009,806894,reconstructed,reconstructed
1902,34,378990,383992,762982,reconstructed,reconstructed
1902,35,369155,372384,741539,reconstructed,reconstructed
1902,36,374528,385491,760019,reconstructed,reconstructed
1902,37,351607,358560,710167,reconstructed,reconstructed
1902,38,353097,364032,717129,reconstructed,reconstructed
1902,39,343124,351986,695110,reconstructed,reconstructed
1902,40,323628,331816,655444,reconstructed,reconstructed
1902,41,307509,309182,616691,reconstructed,reconstructed
1902,42,321700,333527,655227,reconstructed,reconstructed
1902,43,313126,328887,642013,reconstructed,reconstructed
1902,44,297518,313221,610739,reconstructed,reconstructed
1902,45,283554,296102,579656,reconstructed,reconstructed
1902,46,263128,283825,546953,reconstructed,reconstructed
1902,47,247212,259629,506841,reconstructed,reconstructed
1902,48,253160,277760,530920,reconstructed,reconstructed
1902,49,244835,262225,507060,reconstructed,reconstructed
1902,50,241009,268388,509397,reconstructed,reconstructed
1902,51,234169,247124,481293,reconstructed,reconstructed
1902,52,242317,272284,514601,reconstructed,reconstructed
1902,53,230826,253606,484432,reconstructed,reconstructed
1902,54,208055,243743,451798,reconstructed,reconstructed
1902,55,189065,214377,403442,reconstructed,reconstructed
1902,56,190854,220034,410888,reconstructed,reconstructed
1902,57,198023,230352,428375,reconstructed,reconstructed
1902,58,187336,217099,404435,reconstructed,reconstructed
1902,59,173848,199349,373197,reconstructed,reconstructed
1902,60,180474,217374,397848,reconstructed,reconstructed
1902,61,155918,172528,328446,reconstructed,reconstructed
1902,62,166366,201858,368224,reconstructed,reconstructed
1902,63,145220,168721,313941,reconstructed,reconstructed
1902,64,138380,163951,302331,reconstructed,reconstructed
1902,65,127081,151310,278391,reconstructed,reconstructed
1902,66,122569,152034,274603,reconstructed,reconstructed
1902,67,115468,141563,257031,reconstructed,reconstructed
1902,68,108559,132362,240921,reconstructed,reconstructed
1902,69,98482,119275,217757,reconstructed,reconstructed
1902,70,86889,110135,197024,reconstructed,reconstructed
1902,71,76406,89866,166272,reconstructed,reconstructed
1902,72,77935,101122,179057,reconstructed,reconstructed
1902,73,62413,75885,138298,reconstructed,reconstructed
1902,74,59343,76119,135462,reconstructed,reconstructed
1902,75,52598,66469,119067,reconstructed,reconstructed
1902,76,47417,61839,109256,reconstructed,reconstructed
1902,77,42702,55166,97868,reconstructed,reconstructed
1902,78,37659,49432,87091,reconstructed,reconstructed
1902,79,31751,41066,72817,reconstructed,reconstructed
1902,80,27459,36412,63871,reconstructed,reconstructed
1902,81,22674,28624,51298,reconstructed,reconstructed
1902,82,19494,27403,46897,reconstructed,reconstructed
1902,83,14222,18215,32437,reconstructed,reconstructed
1902,84,10829,14416,25245,reconstructed,reconstructed
1902,85,7926,10763,18689,reconstructed,reconstructed
1902,86,6000,8332,14332,reconstructed,reconstructed
1902,87,4607,6558,11165,reconstructed,reconstructed
1902,88,2940,4375,7315,reconstructed,reconstructed
1902,89,2181,3452,5633,reconstructed,reconstructed
1902,90,1498,2399,3897,reconstructed,reconstructed
1902,91,0,0,0,reconstructed,reconstructed
1902,92,0,0,0,reconstructed,reconstructed
1902,93,0,0,0,reconstructed,reconstructed
1902,94,0,0,0,reconstructed,reconstructed
1902,95,0,0,0,reconstructed,reconstructed
1902,96,0,0,0,reconstructed,reconstructed
1902,97,0,0,0,reconstructed,reconstructed
1902,98,0,0,0,reconstructed,reconstructed
1902,99,0,0,0,reconstructed,reconstructed
1903,0,984951,940111,1925062,reconstructed,reconstructed
1903,1,823952,818443,1642395,reconstructed,reconstructed
1903,2,770447,760276,1530723,reconstructed,reconstructed
1903,3,620206,626921,1247127,reconstructed,reconstructed
1903,4,689395,687984,1377379,reconstructed,reconstructed
1903,5,708838,707056,1415894,reconstructed,reconstructed
1903,6,692035,687345,1379380,reconstructed,reconstructed
1903,7,689715,687406,1377121,reconstructed,reconstructed
1903,8,658185,658758,1316943,reconstructed,reconstructed
1903,9,652304,650928,1303232,reconstructed,reconstructed
1903,10,639028,636271,1275299,reconstructed,reconstructed
1903,11,616476,616257,1232733,reconstructed,reconstructed
1903,12,613895,609667,1223562,reconstructed,reconstructed
1903,13,599585,594206,1193791,reconstructed,reconstructed
1903,14,582403,580469,1162872,reconstructed,reconstructed
1903,15,588819,585006,1173825,reconstructed,reconstructed
1903,16,575211,572177,1147388,reconstructed,reconstructed
1903,17,556732,556841,1113573,reconstructed,reconstructed
1903,18,547474,545686,1093160,reconstructed,reconstructed
1903,19,539343,538419,1077762,reconstructed,reconstructed
1903,20,515558,513983,1029541,reconstructed,reconstructed
1903,21,521227,523556,1044783,reconstructed,reconstructed
1903,22,500054,496719,996773,reconstructed,reconstructed
1903,23,505900,502716,1008616,reconstructed,reconstructed
1903,24,500672,505628,1006300,reconstructed,reconstructed
1903,25,500521,505628,1006149,reconstructed,reconstructed
1903,26,496870,501936,998806,reconstructed,reconstructed
1903,27,495197,502825,998022,reconstructed,reconstructed
1903,28,483469,488517,971986,reconstructed,reconstructed
1903,29,462064,467173,929237,reconstructed,reconstructed
1903,30,445188,446589,891777,reconstructed,reconstructed
1903,31,440612,447621,888233,reconstructed,reconstructed
1903,32,361248,358081,719329,reconstructed,reconstructed
1903,33,410680,414488,825168,reconstructed,reconstructed
1903,34,398071,403254,801325,reconstructed,reconstructed
1903,35,376238,381305,757543,reconstructed,reconstructed
1903,36,366140,369348,735488,reconstructed,reconstructed
1903,37,371480,382547,754027,reconstructed,reconstructed
1903,38,348610,355823,704433,reconstructed,reconstructed
1903,39,349862,361202,711064,reconstructed,reconstructed
1903,40,339622,348917,688539,reconstructed,reconstructed
1903,41,320303,329047,649350,reconstructed,reconstructed
1903,42,304130,306584,610714,reconstructed,reconstructed
1903,43,317994,330730,648724,reconstructed,reconstructed
1903,44,309467,326122,635589,reconstructed,reconstructed
1903,45,293693,310393,604086,reconstructed,reconstructed
1903,46,279641,293397,573038,reconstructed,reconstructed
1903,47,259394,280936,540330,reconstructed,reconstructed
1903,48,243417,256966,500383,reconstructed,reconstructed
1903,49,249296,275092,524388,reconstructed,reconstructed
1903,50,240648,259088,499736,reconstructed,reconstructed
1903,51,236532,264946,501478,reconstructed,reconstructed
1903,52,229615,243829,473444,reconstructed,reconstructed
1903,53,237331,268433,505764,reconstructed,reconstructed
1903,54,225553,249302,474855,reconstructed,reconstructed
1903,55,203228,239640,442868,reconstructed,reconstructed
1903,56,184316,210460,394776,reconstructed,reconstructed
1903,57,185809,215842,401651,reconstructed,reconstructed
1903,58,192370,225407,417777,reconstructed,reconstructed
1903,59,181609,212101,393710,reconstructed,reconstructed
1903,60,168464,194664,363128,reconstructed,reconstructed
1903,61,174280,211701,385981,reconstructed,reconstructed
1903,62,150207,167624,317831,reconstructed,reconstructed
1903,63,159867,195549,355416,reconstructed,reconstructed
1903,64,139000,162700,301700,reconstructed,reconstructed
1903,65,132083,157883,289966,reconstructed,reconstructed
1903,66,120849,145103,265952,reconstructed,reconstructed
1903,67,116150,145222,261372,reconstructed,reconstructed
1903,68,109068,134842,243910,reconstructed,reconstructed
1903,69,101975,125262,227237,reconstructed,reconstructed
1903,70,91944,112218,204162,reconstructed,reconstructed
1903,71,80786,103310,184096,reconstructed,reconstructed
1903,72,70443,83494,153937,reconstructed,reconstructed
1903,73,71309,93309,164618,reconstructed,reconstructed
1903,74,56608,69355,125963,reconstructed,reconstructed
1903,75,53344,69152,122496,reconstructed,reconstructed
1903,76,46764,59817,106581,reconstructed,reconstructed
1903,77,41916,55214,97130,reconstructed,reconstructed
1903,78,37405,48627,86032,reconstructed,reconstructed
1903,79,32561,43348,75909,reconstructed,reconstructed
1903,80,27091,35514,62605,reconstructed,reconstructed
1903,81,23133,31063,54196,reconstructed,reconstructed
1903,82,18853,24125,42978,reconstructed,reconstructed
1903,83,15745,22479,38224,reconstructed,reconstructed
1903,84,11198,14617,25815,reconstructed,reconstructed
1903,85,8374,11415,19789,reconstructed,reconstructed
1903,86,6027,8373,14400,reconstructed,reconstructed
1903,87,4460,6335,10795,reconstructed,reconstructed
1903,88,3344,4895,8239,reconstructed,reconstructed
1903,89,2086,3203,5289,reconstructed,reconstructed
1903,90,1500,2464,3964,reconstructed,reconstructed
1903,91,0,0,0,reconstructed,reconstructed
1903,92,0,0,0,reconstructed,reconstructed
1903,93,0,0,0,reconstructed,reconstructed
1903,94,0,0,0,reconstructed,reconstructed
1903,95,0,0,0,reconstructed,reconstructed
1903,96,0,0,0,reconstructed,reconstructed
1903,97,0,0,0,reconstructed,reconstructed
1903,98,0,0,0,reconstructed,reconstructed
1903,99,0,0,0,reconstructed,reconstructed
1904,0,1010780,965229,1976009,reconstructed,reconstructed
1904,1,789619,782055,1571674,reconstructed,reconstructed
1904,2,790087,786003,1576090,reconstructed,reconstructed
1904,3,756863,747304,1504167,reconstructed,reconstructed
1904,4,631593,636565,1268158,reconstructed,reconstructed
1904,5,686054,684430,1370484,reconstructed,reconstructed
1904,6,705445,703362,1408807,reconstructed,reconstructed
1904,7,689056,684224,1373280,reconstructed,reconstructed
1904,8,687372,685112,1372484,reconstructed,reconstructed
1904,9,656208,656781,1312989,reconstructed,reconstructed
1904,10,651215,649717,1300932,reconstructed,reconstructed
1904,11,638587,635918,1274505,reconstructed,reconstructed
1904,12,615840,615505,1231345,reconstructed,reconstructed
1904,13,613049,608627,1221676,reconstructed,reconstructed
1904,14,598720,592776,1191496,reconstructed,reconstructed
1904,15,580953,578479,1159432,reconstructed,reconstructed
1904,16,586147,582419,1168566,reconstructed,reconstructed
1904,17,572296,569768,1142064,reconstructed,reconstructed
1904,18,553527,554187,1107714,reconstructed,reconstructed
1904,19,544648,543604,1088252,reconstructed,reconstructed
1904,20,535692,535549,1071241,reconstructed,reconstructed
1904,21,512087,511177,1023264,reconstructed,reconstructed
1904,22,517939,520785,1038724,reconstructed,reconstructed
1904,23,496566,493765,990331,reconstructed,reconstructed
1904,24,502848,500155,1003003,reconstructed,reconstructed
1904,25,497950,503087,1001037,reconstructed,reconstructed
1904,26,497789,502625,1000414,reconstructed,reconstructed
1904,27,494342,498793,993135,reconstructed,reconstructed
1904,28,492557,499665,992222,reconstructed,reconstructed
1904,29,480693,485403,966096,reconstructed,reconstructed
1904,30,459406,464105,923511,reconstructed,reconstructed
1904,31,442376,443529,885905,reconstructed,reconstructed
1904,32,437811,444544,882355,reconstructed,reconstructed
1904,33,358881,355722,714603,reconstructed,reconstructed
1904,34,407824,411669,819493,reconstructed,reconstructed
1904,35,395213,400469,795682,reconstructed,reconstructed
1904,36,373433,378536,751969,reconstructed,reconstructed
1904,37,363110,366318,729428,reconstructed,reconstructed
1904,38,368367,379666,748033,reconstructed,reconstructed
1904,39,345530,353127,698657,reconstructed,reconstructed
1904,40,346564,358373,704937,reconstructed,reconstructed
1904,41,336036,345880,681916,reconstructed,reconstructed
1904,42,316925,326335,643260,reconstructed,reconstructed
1904,43,300702,304005,604707,reconstructed,reconstructed
1904,44,314223,327968,642191,reconstructed,reconstructed
1904,45,305715,323396,629111,reconstructed,reconstructed
1904,46,289757,307537,597294,reconstructed,reconstructed
1904,47,275651,290619,566270,reconstructed,reconstructed
1904,48,255570,277946,533516,reconstructed,reconstructed
1904,49,239502,254211,493713,reconstructed,reconstructed
1904,50,245286,272313,517599,reconstructed,reconstructed
1904,51,236327,255844,492171,reconstructed,reconstructed
1904,52,231935,261383,493318,reconstructed,reconstructed
1904,53,224927,240361,465288,reconstructed,reconstructed
1904,54,232209,264399,496608,reconstructed,reconstructed
1904,55,220168,244866,465034,reconstructed,reconstructed
1904,56,198211,235387,433598,reconstructed,reconstructed
1904,57,179395,206359,385754,reconstructed,reconstructed
1904,58,180630,211388,392018,reconstructed,reconstructed
1904,59,186505,220183,406688,reconstructed,reconstructed
1904,60,175705,206826,382531,reconstructed,reconstructed
1904,61,162926,189730,352656,reconstructed,reconstructed
1904,62,167842,205720,373562,reconstructed,reconstructed
1904,63,144337,162426,306763,reconstructed,reconstructed
1904,64,153212,188866,342078,reconstructed,reconstructed
1904,65,132563,156394,288957,reconstructed,reconstructed
1904,66,125663,151575,277238,reconstructed,reconstructed
1904,67,114577,138611,253188,reconstructed,reconstructed
1904,68,109637,138175,247812,reconstructed,reconstructed
1904,69,102500,127844,230344,reconstructed,reconstructed
1904,70,95269,117872,213141,reconstructed,reconstructed
1904,71,85382,105026,190408,reconstructed,reconstructed
1904,72,74582,96223,170805,reconstructed,reconstructed
1904,73,64420,76959,141379,reconstructed,reconstructed
1904,74,64751,85511,150262,reconstructed,reconstructed
1904,75,50877,62924,113801,reconstructed,reconstructed
1904,76,47428,62224,109652,reconstructed,reconstructed
1904,77,41180,53217,94397,reconstructed,reconstructed
1904,78,36729,48857,85586,reconstructed,reconstructed
1904,79,32308,42407,74715,reconstructed,reconstructed
1904,80,27756,37479,65235,reconstructed,reconstructed
1904,81,22843,30332,53175,reconstructed,reconstructed
1904,82,19130,26065,45195,reconstructed,reconstructed
1904,83,15345,19944,35289,reconstructed,reconstructed
1904,84,12467,18155,30622,reconstructed,reconstructed
1904,85,8663,11580,20243,reconstructed,reconstructed
1904,86,6372,8885,15257,reconstructed,reconstructed
1904,87,4483,6369,10852,reconstructed,reconstructed
1904,88,3239,4731,7970,reconstructed,reconstructed
1904,89,2375,3586,5961,reconstructed,reconstructed
1904,90,1436,2287,3723,reconstructed,reconstructed
1904,91,0,0,0,reconstructed,reconstructed
1904,92,0,0,0,reconstructed,reconstructed
1904,93,0,0,0,reconstructed,reconstructed
1904,94,0,0,0,reconstructed,reconstructed
1904,95,0,0,0,reconstructed,reconstructed
1904,96,0,0,0,reconstructed,reconstructed
1904,97,0,0,0,reconstructed,reconstructed
1904,98,0,0,0,reconstructed,reconstructed
1904,99,0,0,0,reconstructed,reconstructed
1905,0,994032,946420,1940452,reconstructed,reconstructed
1905,1,812761,805028,1617789,reconstructed,reconstructed
1905,2,758158,752023,1510181,reconstructed,reconstructed
1905,3,776785,773216,1550001,reconstructed,reconstructed
1905,4,748494,739209,1487703,reconstructed,reconstructed
1905,5,644822,648073,1292895,reconstructed,reconstructed
1905,6,684401,682475,1366876,reconstructed,reconstructed
1905,7,703149,700740,1403889,reconstructed,reconstructed
1905,8,686846,681879,1368725,reconstructed,reconstructed
1905,9,685656,683426,1369082,reconstructed,reconstructed
1905,10,654648,655198,1309846,reconstructed,reconstructed
1905,11,650385,648761,1299146,reconstructed,reconstructed
1905,12,638326,635727,1274053,reconstructed,reconstructed
1905,13,615364,614827,1230191,reconstructed,reconstructed
1905,14,612212,607541,1219753,reconstructed,reconstructed
1905,15,597739,591255,1188994,reconstructed,reconstructed
1905,16,579311,576388,1155699,reconstructed,reconstructed
1905,17,583186,579708,1162894,reconstructed,reconstructed
1905,18,569115,567275,1136390,reconstructed,reconstructed
1905,19,550103,551456,1101559,reconstructed,reconstructed
1905,20,541624,541431,1083055,reconstructed,reconstructed
1905,21,531964,532629,1064593,reconstructed,reconstructed
1905,22,508625,508299,1016924,reconstructed,reconstructed
1905,23,514698,517944,1032642,reconstructed,reconstructed
1905,24,493180,490757,983937,reconstructed,reconstructed
1905,25,499846,497486,997332,reconstructed,reconstructed
1905,26,495241,500452,995693,reconstructed,reconstructed
1905,27,495084,499579,994663,reconstructed,reconstructed
1905,28,491859,495659,987518,reconstructed,reconstructed
1905,29,489966,496542,986508,reconstructed,reconstructed
1905,30,477920,482255,960175,reconstructed,reconstructed
1905,31,456716,461003,917719,reconstructed,reconstructed
1905,32,439545,440502,880047,reconstructed,reconstructed
1905,33,434993,441485,876478,reconstructed,reconstructed
1905,34,356494,353383,709877,reconstructed,reconstructed
1905,35,404924,408819,813743,reconstructed,reconstructed
1905,36,392300,397595,789895,reconstructed,reconstructed
1905,37,370612,375769,746381,reconstructed,reconstructed
1905,38,360014,363354,723368,reconstructed,reconstructed
1905,39,365165,376829,741994,reconstructed,reconstructed
1905,40,342389,350429,692818,reconstructed,reconstructed
1905,41,343176,355571,698747,reconstructed,reconstructed
1905,42,332399,342905,675304,reconstructed,reconstructed
1905,43,313492,323640,637132,reconstructed,reconstructed
1905,44,297211,301456,598667,reconstructed,reconstructed
1905,45,310361,325243,635604,reconstructed,reconstructed
1905,46,301842,320635,622477,reconstructed,reconstructed
1905,47,285736,304602,590338,reconstructed,reconstructed
1905,48,271562,287729,559291,reconstructed,reconstructed
1905,49,251615,274859,526474,reconstructed,reconstructed
1905,50,235455,251362,486817,reconstructed,reconstructed
1905,51,241132,269413,510545,reconstructed,reconstructed
1905,52,231881,252484,484365,reconstructed,reconstructed
1905,53,227201,257633,484834,reconstructed,reconstructed
1905,54,220110,236731,456841,reconstructed,reconstructed
1905,55,226962,260216,487178,reconstructed,reconstructed
1905,56,214585,240292,454877,reconstructed,reconstructed
1905,57,193006,230926,423932,reconstructed,reconstructed
1905,58,174346,202005,376351,reconstructed,reconstructed
1905,59,175244,206667,381911,reconstructed,reconstructed
1905,60,180462,214681,395143,reconstructed,reconstructed
1905,61,169662,201307,370969,reconstructed,reconstructed
1905,62,157137,184514,341651,reconstructed,reconstructed
1905,63,161228,199374,360602,reconstructed,reconstructed
1905,64,138328,156916,295244,reconstructed,reconstructed
1905,65,146300,181836,328136,reconstructed,reconstructed
1905,66,126017,149880,275897,reconstructed,reconstructed
1905,67,119199,144952,264151,reconstructed,reconstructed
1905,68,108205,131890,240095,reconstructed,reconstructed
1905,69,102959,130859,233818,reconstructed,reconstructed
1905,70,95804,120525,216329,reconstructed,reconstructed
1905,71,88534,110346,198880,reconstructed,reconstructed
1905,72,78729,97599,176328,reconstructed,reconstructed
1905,73,68295,88908,157203,reconstructed,reconstructed
1905,74,58468,70455,128923,reconstructed,reconstructed
1905,75,58263,77800,136063,reconstructed,reconstructed
1905,76,45225,56551,101776,reconstructed,reconstructed
1905,77,41764,55344,97108,reconstructed,reconstructed
1905,78,35948,46919,82867,reconstructed,reconstructed
1905,79,31733,42772,74505,reconstructed,reconstructed
1905,80,27512,36465,63977,reconstructed,reconstructed
1905,81,23386,32005,55391,reconstructed,reconstructed
1905,82,18905,25479,44384,reconstructed,reconstructed
1905,83,15484,21452,36936,reconstructed,reconstructed
1905,84,12243,16232,28475,reconstructed,reconstructed
1905,85,9700,14478,24178,reconstructed,reconstructed
1905,86,6596,9018,15614,reconstructed,reconstructed
1905,87,4743,6761,11504,reconstructed,reconstructed
1905,88,3258,4758,8016,reconstructed,reconstructed
1905,89,2303,3468,5771,reconstructed,reconstructed
1905,90,1636,2561,4197,reconstructed,reconstructed
1905,91,0,0,0,reconstructed,reconstructed
1905,92,0,0,0,reconstructed,reconstructed
1905,93,0,0,0,reconstructed,reconstructed
1905,94,0,0,0,reconstructed,reconstructed
1905,95,0,0,0,reconstructed,reconstructed
1905,96,0,0,0,reconstructed,reconstructed
1905,97,0,0,0,reconstructed,reconstructed
1905,98,0,0,0,reconstructed,reconstructed
1905,99,0,0,0,reconstructed,reconstructed
1906,0,1017899,971840,1989739,reconstructed,reconstructed
1906,1,801689,791379,1593068,reconstructed,reconstructed
1906,2,781399,775109,1556508,reconstructed,reconstructed
1906,3,745997,740385,1486382,reconstructed,reconstructed
1906,4,768646,765279,1533925,reconstructed,reconstructed
1906,5,742617,733544,1476161,reconstructed,reconstructed
1906,6,659338,660816,1320154,reconstructed,reconstructed
1906,7,683747,681495,1365242,reconstructed,reconstructed
1906,8,701593,698872,1400465,reconstructed,reconstructed
1906,9,685230,680110,1365340,reconstructed,reconstructed
1906,10,684351,682126,1366477,reconstructed,reconstructed
1906,11,653334,653858,1307192,reconstructed,reconstructed
1906,12,649730,647962,1297692,reconstructed,reconstructed
1906,13,638223,635605,1273828,reconstructed,reconstructed
1906,14,614889,614095,1228984,reconstructed,reconstructed
1906,15,611251,606355,1217606,reconstructed,reconstructed
1906,16,596558,589625,1186183,reconstructed,reconstructed
1906,17,577381,574171,1151552,reconstructed,reconstructed
1906,18,579959,576915,1156874,reconstructed,reconstructed
1906,19,565711,564702,1130413,reconstructed,reconstructed
1906,20,546488,548638,1095126,reconstructed,reconstructed
1906,21,538522,539204,1077726,reconstructed,reconstructed
1906,22,528253,529638,1057891,reconstructed,reconstructed
1906,23,505215,505360,1010575,reconstructed,reconstructed
1906,24,511562,515050,1026612,reconstructed,reconstructed
1906,25,489848,487649,977497,reconstructed,reconstructed
1906,26,496861,494724,991585,reconstructed,reconstructed
1906,27,492560,497773,990333,reconstructed,reconstructed
1906,28,492430,496549,988979,reconstructed,reconstructed
1906,29,489430,492569,981999,reconstructed,reconstructed
1906,30,487378,493384,980762,reconstructed,reconstructed
1906,31,475116,479072,954188,reconstructed,reconstructed
1906,32,454007,457939,911946,reconstructed,reconstructed
1906,33,436701,437495,874196,reconstructed,reconstructed
1906,34,432153,438453,870606,reconstructed,reconstructed
1906,35,354068,351015,705083,reconstructed,reconstructed
1906,36,401972,405875,807847,reconstructed,reconstructed
1906,37,389375,394725,784100,reconstructed,reconstructed
1906,38,367719,373067,740786,reconstructed,reconstructed
1906,39,356832,360437,717269,reconstructed,reconstructed
1906,40,361898,373992,735890,reconstructed,reconstructed
1906,41,339158,347759,686917,reconstructed,reconstructed
1906,42,339732,352830,692562,reconstructed,reconstructed
1906,43,328706,339948,668654,reconstructed,reconstructed
1906,44,309991,320974,630965,reconstructed,reconstructed
1906,45,293633,298941,592574,reconstructed,reconstructed
1906,46,306377,322481,628858,reconstructed,reconstructed
1906,47,297873,317785,615658,reconstructed,reconstructed
1906,48,281606,301547,583153,reconstructed,reconstructed
1906,49,267333,284735,552068,reconstructed,reconstructed
1906,50,247519,271677,519196,reconstructed,reconstructed
1906,51,231278,248411,479689,reconstructed,reconstructed
1906,52,236841,266381,503222,reconstructed,reconstructed
1906,53,227290,248939,476229,reconstructed,reconstructed
1906,54,222337,253712,476049,reconstructed,reconstructed
1906,55,215175,232971,448146,reconstructed,reconstructed
1906,56,221496,255874,477370,reconstructed,reconstructed
1906,57,208803,235515,444318,reconstructed,reconstructed
1906,58,187655,226173,413828,reconstructed,reconstructed
1906,59,169095,197402,366497,reconstructed,reconstructed
1906,60,169688,201683,371371,reconstructed,reconstructed
1906,61,174283,208933,383216,reconstructed,reconstructed
1906,62,163374,195507,358881,reconstructed,reconstructed
1906,63,151167,178962,330129,reconstructed,reconstructed
1906,64,154468,192645,347113,reconstructed,reconstructed
1906,65,132089,151119,283208,reconstructed,reconstructed
1906,66,139256,174549,313805,reconstructed,reconstructed
1906,67,119442,143074,262516,reconstructed,reconstructed
1906,68,112623,138071,250694,reconstructed,reconstructed
1906,69,101661,124910,226571,reconstructed,reconstructed
1906,70,96165,123233,219398,reconstructed,reconstructed
1906,71,89078,113049,202127,reconstructed,reconstructed
1906,72,81694,102568,184262,reconstructed,reconstructed
1906,73,72002,89973,161975,reconstructed,reconstructed
1906,74,62069,81597,143666,reconstructed,reconstructed
1906,75,52587,64043,116630,reconstructed,reconstructed
1906,76,51850,70122,121972,reconstructed,reconstructed
1906,77,39818,50230,90048,reconstructed,reconstructed
1906,78,36462,48779,85241,reconstructed,reconstructed
1906,79,30940,40930,71870,reconstructed,reconstructed
1906,80,27028,36919,63947,reconstructed,reconstructed
1906,81,23160,30975,54135,reconstructed,reconstructed
1906,82,19337,26878,46215,reconstructed,reconstructed
1906,83,15310,20987,36297,reconstructed,reconstructed
1906,84,12286,17383,29669,reconstructed,reconstructed
1906,85,9599,13046,22645,reconstructed,reconstructed
1906,86,7430,11351,18781,reconstructed,reconstructed
1906,87,4912,6865,11777,reconstructed,reconstructed
1906,88,3450,5053,8503,reconstructed,reconstructed
1906,89,2319,3489,5808,reconstructed,reconstructed
1906,90,1588,2478,4066,reconstructed,reconstructed
1906,91,0,0,0,reconstructed,reconstructed
1906,92,0,0,0,reconstructed,reconstructed
1906,93,0,0,0,reconstructed,reconstructed
1906,94,0,0,0,reconstructed,reconstructed
1906,95,0,0,0,reconstructed,reconstructed
1906,96,0,0,0,reconstructed,reconstructed
1906,97,0,0,0,reconstructed,reconstructed
1906,98,0,0,0,reconstructed,reconstructed
1906,99,0,0,0,reconstructed,reconstructed
1907,0,1017513,967063,1984576,reconstructed,reconstructed
1907,1,823390,814728,1638118,reconstructed,reconstructed
1907,2,771763,762944,1534707,reconstructed,reconstructed
1907,3,769488,763728,1533216,reconstructed,reconstructed
1907,4,738613,733206,1471819,reconstructed,reconstructed
1907,5,762929,759738,1522667,reconstructed,reconstructed
1907,6,738439,729454,1467893,reconstructed,reconstructed
1907,7,674601,674305,1348906,reconstructed,reconstructed
1907,8,683760,681199,1364959,reconstructed,reconstructed
1907,9,700607,697558,1398165,reconstructed,reconstructed
1907,10,684001,678701,1362702,reconstructed,reconstructed
1907,11,683286,681061,1364347,reconstructed,reconstructed
1907,12,652191,652671,1304862,reconstructed,reconstructed
1907,13,649234,647234,1296468,reconstructed,reconstructed
1907,14,638113,635420,1273533,reconstructed,reconstructed
1907,15,614281,613254,1227535,reconstructed,reconstructed
1907,16,610083,605053,1215136,reconstructed,reconstructed
1907,17,595080,587864,1182944,reconstructed,reconstructed
1907,18,575185,571870,1147055,reconstructed,reconstructed
1907,19,576511,574042,1150553,reconstructed,reconstructed
1907,20,562116,562039,1124155,reconstructed,reconstructed
1907,21,542808,545775,1088583,reconstructed,reconstructed
1907,22,535437,536902,1072339,reconstructed,reconstructed
1907,23,524599,526587,1051186,reconstructed,reconstructed
1907,24,501911,502374,1004285,reconstructed,reconstructed
1907,25,508477,512048,1020525,reconstructed,reconstructed
1907,26,486537,484456,970993,reconstructed,reconstructed
1907,27,493908,491925,985833,reconstructed,reconstructed
1907,28,489934,495111,985045,reconstructed,reconstructed
1907,29,489838,493566,983404,reconstructed,reconstructed
1907,30,487005,489445,976450,reconstructed,reconstructed
1907,31,484759,490188,974947,reconstructed,reconstructed
1907,32,472297,475933,948230,reconstructed,reconstructed
1907,33,451290,454899,906189,reconstructed,reconstructed
1907,34,433842,434519,868361,reconstructed,reconstructed
1907,35,429268,435387,864655,reconstructed,reconstructed
1907,36,351597,348562,700159,reconstructed,reconstructed
1907,37,399011,402936,801947,reconstructed,reconstructed
1907,38,386374,391926,778300,reconstructed,reconstructed
1907,39,364732,370410,735142,reconstructed,reconstructed
1907,40,353589,357523,711112,reconstructed,reconstructed
1907,41,358537,371183,729720,reconstructed,reconstructed
1907,42,335869,345149,681018,reconstructed,reconstructed
1907,43,336225,350100,686325,reconstructed,reconstructed
1907,44,324943,337022,661965,reconstructed,reconstructed
1907,45,306398,318343,624741,reconstructed,reconstructed
1907,46,289938,296389,586327,reconstructed,reconstructed
1907,47,302297,319626,621923,reconstructed,reconstructed
1907,48,293783,314801,608584,reconstructed,reconstructed
1907,49,277329,298383,575712,reconstructed,reconstructed
1907,50,262958,281642,544600,reconstructed,reconstructed
1907,51,243281,268391,511672,reconstructed,reconstructed
1907,52,226975,245348,472323,reconstructed,reconstructed
1907,53,232391,263139,495530,reconstructed,reconstructed
1907,54,222565,245228,467793,reconstructed,reconstructed
1907,55,217357,249659,467016,reconstructed,reconstructed
1907,56,210031,229077,439108,reconstructed,reconstructed
1907,57,215811,251302,467113,reconstructed,reconstructed
1907,58,202868,230443,433311,reconstructed,reconstructed
1907,59,182079,221137,403216,reconstructed,reconstructed
1907,60,163690,192560,356250,reconstructed,reconstructed
1907,61,164001,196466,360467,reconstructed,reconstructed
1907,62,167843,202897,370740,reconstructed,reconstructed
1907,63,156914,189367,346281,reconstructed,reconstructed
1907,64,145045,173058,318103,reconstructed,reconstructed
1907,65,147455,185568,333023,reconstructed,reconstructed
1907,66,125734,145111,270845,reconstructed,reconstructed
1907,67,132167,166893,299060,reconstructed,reconstructed
1907,68,112765,136035,248800,reconstructed,reconstructed
1907,69,105860,130902,236762,reconstructed,reconstructed
1907,70,94996,117637,212633,reconstructed,reconstructed
1907,71,89355,115474,204829,reconstructed,reconstructed
1907,72,82238,105283,187521,reconstructed,reconstructed
1907,73,74764,94574,169338,reconstructed,reconstructed
1907,74,65360,82391,147751,reconstructed,reconstructed
1907,75,55905,74362,130267,reconstructed,reconstructed
1907,76,46777,57675,104452,reconstructed,reconstructed
1907,77,45703,62455,108158,reconstructed,reconstructed
1907,78,34759,44209,78968,reconstructed,reconstructed
1907,79,31384,42541,73925,reconstructed,reconstructed
1907,80,26253,35204,61457,reconstructed,reconstructed
1907,81,22760,31481,54241,reconstructed,reconstructed
1907,82,19130,25874,45004,reconstructed,reconstructed
1907,83,15644,22130,37774,reconstructed,reconstructed
1907,84,12155,17021,29176,reconstructed,reconstructed
1907,85,9582,13916,23498,reconstructed,reconstructed
1907,86,7410,10307,17717,reconstructed,reconstructed
1907,87,5567,8695,14262,reconstructed,reconstructed
1907,88,3575,5133,8708,reconstructed,reconstructed
1907,89,2457,3708,6165,reconstructed,reconstructed
1907,90,1600,2494,4094,reconstructed,reconstructed
1907,91,0,0,0,reconstructed,reconstructed
1907,92,0,0,0,reconstructed,reconstructed
1907,93,0,0,0,reconstructed,reconstructed
1907,94,0,0,0,reconstructed,reconstructed
1907,95,0,0,0,reconstructed,reconstructed
1907,96,0,0,0,reconstructed,reconstructed
1907,97,0,0,0,reconstructed,reconstructed
1907,98,0,0,0,reconstructed,reconstructed
1907,99,0,0,0,reconstructed,reconstructed
1908,0,1017901,969271,1987172,reconstructed,reconstructed
1908,1,825530,812806,1638336,reconstructed,reconstructed
1908,2,793689,786460,1580149,reconstructed,reconstructed
1908,3,760613,752347,1512960,reconstructed,reconstructed
1908,4,762317,756758,1519075,reconstructed,reconstructed
1908,5,733425,728207,1461632,reconstructed,reconstructed
1908,6,758871,755739,1514610,reconstructed,reconstructed
1908,7,735259,726325,1461584,reconstructed,reconstructed
1908,8,690358,688318,1378676,reconstructed,reconstructed
1908,9,684289,681402,1365691,reconstructed,reconstructed
1908,10,699989,696588,1396577,reconstructed,reconstructed
1908,11,682995,677513,1360508,reconstructed,reconstructed
1908,12,682387,680142,1362529,reconstructed,reconstructed
1908,13,651204,651551,1302755,reconstructed,reconstructed
1908,14,648724,646440,1295164,reconstructed,reconstructed
1908,15,637856,635114,1272970,reconstructed,reconstructed
1908,16,613462,612294,1225756,reconstructed,reconstructed
1908,17,608615,603615,1212230,reconstructed,reconstructed
1908,18,593329,586015,1179344,reconstructed,reconstructed
1908,19,572766,569487,1142253,reconstructed,reconstructed
1908,20,572872,571079,1143951,reconstructed,reconstructed
1908,21,558459,559330,1117789,reconstructed,reconstructed
1908,22,539157,542843,1082000,reconstructed,reconstructed
1908,23,532406,534538,1066944,reconstructed,reconstructed
1908,24,521059,523492,1044551,reconstructed,reconstructed
1908,25,498661,499286,997947,reconstructed,reconstructed
1908,26,505411,508955,1014366,reconstructed,reconstructed
1908,27,483263,481234,964497,reconstructed,reconstructed
1908,28,491016,489149,980165,reconstructed,reconstructed
1908,29,487374,492498,979872,reconstructed,reconstructed
1908,30,487253,490548,977801,reconstructed,reconstructed
1908,31,484549,486283,970832,reconstructed,reconstructed
1908,32,482126,487043,969169,reconstructed,reconstructed
1908,33,469476,472823,942299,reconstructed,reconstructed
1908,34,448558,451893,900451,reconstructed,reconstructed
1908,35,430939,431507,862446,reconstructed,reconstructed
1908,36,426332,432214,858546,reconstructed,reconstructed
1908,37,349122,346115,695237,reconstructed,reconstructed
1908,38,395971,400073,796044,reconstructed,reconstructed
1908,39,383270,389174,772444,reconstructed,reconstructed
1908,40,361681,367751,729432,reconstructed,reconstructed
1908,41,350255,354640,704895,reconstructed,reconstructed
1908,42,355115,368439,723554,reconstructed,reconstructed
1908,43,332517,342546,675063,reconstructed,reconstructed
1908,44,332641,347395,680036,reconstructed,reconstructed
1908,45,321086,334133,655219,reconstructed,reconstructed
1908,46,302679,315670,618349,reconstructed,reconstructed
1908,47,286149,293750,579899,reconstructed,reconstructed
1908,48,298091,316633,614724,reconstructed,reconstructed
1908,49,289531,311701,601232,reconstructed,reconstructed
1908,50,272899,295121,568020,reconstructed,reconstructed
1908,51,258435,278441,536876,reconstructed,reconstructed
1908,52,238906,264989,503895,reconstructed,reconstructed
1908,53,222525,242097,464622,reconstructed,reconstructed
1908,54,227798,259710,487508,reconstructed,reconstructed
1908,55,217721,241392,459113,reconstructed,reconstructed
1908,56,212164,245468,457632,reconstructed,reconstructed
1908,57,204676,224979,429655,reconstructed,reconstructed
1908,58,209950,246390,456340,reconstructed,reconstructed
1908,59,196696,225094,421790,reconstructed,reconstructed
1908,60,176338,215834,392172,reconstructed,reconstructed
1908,61,158165,187504,345669,reconstructed,reconstructed
1908,62,158056,190971,349027,reconstructed,reconstructed
1908,63,161226,196508,357734,reconstructed,reconstructed
1908,64,150322,182871,333193,reconstructed,reconstructed
1908,65,138667,166838,305505,reconstructed,reconstructed
1908,66,140323,178236,318559,reconstructed,reconstructed
1908,67,119344,138790,258134,reconstructed,reconstructed
1908,68,124945,158937,283882,reconstructed,reconstructed
1908,69,105906,128737,234643,reconstructed,reconstructed
1908,70,98965,123413,222378,reconstructed,reconstructed
1908,71,88315,110247,198562,reconstructed,reconstructed
1908,72,82438,107433,189871,reconstructed,reconstructed
1908,73,75298,97261,172559,reconstructed,reconstructed
1908,74,67917,86628,154545,reconstructed,reconstructed
1908,75,58799,74926,133725,reconstructed,reconstructed
1908,76,49797,67145,116942,reconstructed,reconstructed
1908,77,41213,51319,92532,reconstructed,reconstructed
1908,78,39947,55114,95061,reconstructed,reconstructed
1908,79,29914,38502,68416,reconstructed,reconstructed
1908,80,26630,36579,63209,reconstructed,reconstructed
1908,81,22027,29916,51943,reconstructed,reconstructed
1908,82,18805,26394,45199,reconstructed,reconstructed
1908,83,15459,21187,36646,reconstructed,reconstructed
1908,84,12406,17943,30349,reconstructed,reconstructed
1908,85,9486,13642,23128,reconstructed,reconstructed
1908,86,7362,10952,18314,reconstructed,reconstructed
1908,87,5595,7954,13549,reconstructed,reconstructed
1908,88,4077,6544,10621,reconstructed,reconstructed
1908,89,2549,3769,6318,reconstructed,reconstructed
1908,90,1696,2651,4347,reconstructed,reconstructed
1908,91,0,0,0,reconstructed,reconstructed
1908,92,0,0,0,reconstructed,reconstructed
1908,93,0,0,0,reconstructed,reconstructed
1908,94,0,0,0,reconstructed,reconstructed
1908,95,0,0,0,reconstructed,reconstructed
1908,96,0,0,0,reconstructed,reconstructed
1908,97,0,0,0,reconstructed,reconstructed
1908,98,0,0,0,reconstructed,reconstructed
1908,99,0,0,0,reconstructed,reconstructed
1909,0,963551,919311,1882862,reconstructed,reconstructed
1909,1,828297,816749,1645046,reconstructed,reconstructed
1909,2,796790,785610,1582400,reconstructed,reconstructed
1909,3,782854,776161,1559015,reconstructed,reconstructed
1909,4,753965,745909,1499874,reconstructed,reconstructed
1909,5,757279,751918,1509197,reconstructed,reconstructed
1909,6,729749,724601,1454350,reconstructed,reconstructed
1909,7,755782,752678,1508460,reconstructed,reconstructed
1909,8,732738,723865,1456603,reconstructed,reconstructed
1909,9,706502,702715,1409217,reconstructed,reconstructed
1909,10,685146,681911,1367057,reconstructed,reconstructed
1909,11,699580,695826,1395406,reconstructed,reconstructed
1909,12,682145,676460,1358605,reconstructed,reconstructed
1909,13,681644,679289,1360933,reconstructed,reconstructed
1909,14,650197,650362,1300559,reconstructed,reconstructed
1909,15,648060,645519,1293579,reconstructed,reconstructed
1909,16,637376,634679,1272055,reconstructed,reconstructed
1909,17,612341,611195,1223536,reconstructed,reconstructed
1909,18,606873,602087,1208960,reconstructed,reconstructed
1909,19,591350,584079,1175429,reconstructed,reconstructed
1909,20,570154,567012,1137166,reconstructed,reconstructed
1909,21,569178,568075,1137253,reconstructed,reconstructed
1909,22,554837,556552,1111389,reconstructed,reconstructed
1909,23,535569,539858,1075427,reconstructed,reconstructed
1909,24,529486,532128,1061614,reconstructed,reconstructed
1909,25,517575,520292,1037867,reconstructed,reconstructed
1909,26,495432,496112,991544,reconstructed,reconstructed
1909,27,502380,505832,1008212,reconstructed,reconstructed
1909,28,480055,478046,958101,reconstructed,reconstructed
1909,29,488198,486430,974628,reconstructed,reconstructed
1909,30,484825,489847,974672,reconstructed,reconstructed
1909,31,484642,487491,972133,reconstructed,reconstructed
1909,32,482082,483177,965259,reconstructed,reconstructed
1909,33,479493,483932,963425,reconstructed,reconstructed
1909,34,466643,469750,936393,reconstructed,reconstructed
1909,35,445781,448848,894629,reconstructed,reconstructed
1909,36,427988,428385,856373,reconstructed,reconstructed
1909,37,423394,429051,852445,reconstructed,reconstructed
1909,38,346574,343734,690308,reconstructed,reconstructed
1909,39,392823,397260,790083,reconstructed,reconstructed
1909,40,380103,386421,766524,reconstructed,reconstructed
1909,41,358533,365121,723654,reconstructed,reconstructed
1909,42,346866,351823,698689,reconstructed,reconstructed
1909,43,351625,365700,717325,reconstructed,reconstructed
1909,44,329086,339963,669049,reconstructed,reconstructed
1909,45,328956,344722,673678,reconstructed,reconstructed
1909,46,317099,331200,648299,reconstructed,reconstructed
1909,47,298857,312901,611758,reconstructed,reconstructed
1909,48,282236,290981,573217,reconstructed,reconstructed
1909,49,293722,313523,607245,reconstructed,reconstructed
1909,50,285116,308498,593614,reconstructed,reconstructed
1909,51,268312,291750,560062,reconstructed,reconstructed
1909,52,253766,275116,528882,reconstructed,reconstructed
1909,53,234370,261384,495754,reconstructed,reconstructed
1909,54,217946,238683,456629,reconstructed,reconstructed
1909,55,223075,256139,479214,reconstructed,reconstructed
1909,56,212658,237427,450085,reconstructed,reconstructed
1909,57,206758,241062,447820,reconstructed,reconstructed
1909,58,199149,220572,419721,reconstructed,reconstructed
1909,59,203825,241164,444989,reconstructed,reconstructed
1909,60,190358,219492,409850,reconstructed,reconstructed
1909,61,170469,210294,380763,reconstructed,reconstructed
1909,62,152391,182189,334580,reconstructed,reconstructed
1909,63,151935,185133,337068,reconstructed,reconstructed
1909,64,154475,189754,344229,reconstructed,reconstructed
1909,65,143485,176066,319551,reconstructed,reconstructed
1909,66,132162,160384,292546,reconstructed,reconstructed
1909,67,133160,170512,303672,reconstructed,reconstructed
1909,68,112831,132212,245043,reconstructed,reconstructed
1909,69,117498,150649,268147,reconstructed,reconstructed
1909,70,98928,121152,220080,reconstructed,reconstructed
1909,71,92052,115795,207847,reconstructed,reconstructed
1909,72,81520,102583,184103,reconstructed,reconstructed
1909,73,75427,99145,174572,reconstructed,reconstructed
1909,74,68438,89262,157700,reconstructed,reconstructed
1909,75,61147,78809,139956,reconstructed,reconstructed
1909,76,52313,67517,119830,reconstructed,reconstructed
1909,77,43934,59895,103829,reconstructed,reconstructed
1909,78,36009,45239,81248,reconstructed,reconstructed
1909,79,34420,48129,82549,reconstructed,reconstructed
1909,80,25378,33060,58438,reconstructed,reconstructed
1909,81,22346,31078,53424,reconstructed,reconstructed
1909,82,18131,24995,43126,reconstructed,reconstructed
1909,83,15196,21688,36884,reconstructed,reconstructed
1909,84,12245,17087,29332,reconstructed,reconstructed
1909,85,9674,14379,24053,reconstructed,reconstructed
1909,86,7295,10748,18043,reconstructed,reconstructed
1909,87,5533,8419,13952,reconstructed,reconstructed
1909,88,4128,6030,10158,reconstructed,reconstructed
1909,89,2925,4836,7761,reconstructed,reconstructed
1909,90,1761,2696,4457,reconstructed,reconstructed
1909,91,0,0,0,reconstructed,reconstructed
1909,92,0,0,0,reconstructed,reconstructed
1909,93,0,0,0,reconstructed,reconstructed
1909,94,0,0,0,reconstructed,reconstructed
1909,95,0,0,0,reconstructed,reconstructed
1909,96,0,0,0,reconstructed,reconstructed
1909,97,0,0,0,reconstructed,reconstructed
1909,98,0,0,0,reconstructed,reconstructed
1909,99,0,0,0,reconstructed,reconstructed
1910,0,773282,754249,1527531,original,original
1910,1,786393,776631,1563024,original,original
1910,2,800502,790429,1590931,original,original
1910,3,786546,775944,1562490,original,original
1910,4,776466,769960,1546426,original,original
1910,5,749295,741454,1490749,original,original
1910,6,753715,748428,1502143,original,original
1910,7,726950,721840,1448790,original,original
1910,8,753326,750271,1503597,original,original
1910,9,730719,721887,1452606,original,original
1910,10,722879,717329,1440208,original,original
1910,11,686184,682601,1368785,original,original
1910,12,699317,695191,1394508,original,original
1910,13,681446,675468,1356914,original,original
1910,14,680872,678356,1359228,original,original
1910,15,649031,649042,1298073,original,original
1910,16,647171,644471,1291642,original,original
1910,17,636585,634099,1270684,original,original
1910,18,610949,610003,1220952,original,original
1910,19,604902,600466,1205368,original,original
1910,20,589172,582045,1171217,original,original
1910,21,567485,564494,1131979,original,original
1910,22,565525,565006,1130531,original,original
1910,23,551282,553723,1105005,original,original
1910,24,532099,536837,1068936,original,original
1910,25,526616,529605,1056221,original,original
1910,26,514115,517003,1031118,original,original
1910,27,492240,492912,985152,original,original
1910,28,499419,502747,1002166,original,original
1910,29,476929,474925,951854,original,original
1910,30,485397,483675,969072,original,original
1910,31,482251,487154,969405,original,original
1910,32,482026,484495,966521,original,original
1910,33,479620,480109,959729,original,original
1910,34,476852,480860,957712,original,original
1910,35,463766,466634,930400,original,original
1910,36,442954,445682,888636,original,original
1910,37,425040,425275,850315,original,original
1910,38,420366,425976,846342,original,original
1910,39,343930,341397,685327,original,original
1910,40,389612,394446,784058,original,original
1910,41,376833,383697,760530,original,original
1910,42,355325,362555,717880,original,original
1910,43,343409,349012,692421,original,original
1910,44,348050,362980,711030,original,original
1910,45,325554,337411,662965,original,original
1910,46,325133,341997,667130,original,original
1910,47,313007,328165,641172,original,original
1910,48,294900,309988,604888,original,original
1910,49,278166,288105,566271,original,original
1910,50,289191,310314,599505,original,original
1910,51,280533,305182,585715,original,original
1910,52,263570,288253,551823,original,original
1910,53,248924,271575,520499,original,original
1910,54,229692,257606,487298,original,original
1910,55,213253,235149,448402,original,original
1910,56,218117,252422,470539,original,original
1910,57,207373,233253,440626,original,original
1910,58,201176,236321,437497,original,original
1910,59,193368,215885,409253,original,original
1910,60,197520,235652,433172,original,original
1910,61,183897,213663,397560,original,original
1910,62,164321,204459,368780,original,original
1910,63,146448,176550,322998,original,original
1910,64,145682,178940,324622,original,original
1910,65,147470,182684,330154,original,original
1910,66,136542,169039,305581,original,original
1910,67,125614,153564,279178,original,original
1910,68,125862,162465,288327,original,original
1910,69,106110,125353,231463,original,original
1910,70,109900,142002,251902,original,original
1910,71,91948,113479,205427,original,original
1910,72,85012,107869,192881,original,original
1910,73,74623,94678,169301,original,original
1910,74,68511,90903,159414,original,original
1910,75,61651,81371,143022,original,original
1910,76,54442,71048,125490,original,original
1910,77,46100,60097,106197,original,original
1910,78,38444,52927,91371,original,original
1910,79,31014,39467,70481,original,original
1910,80,29233,41435,70668,original,original
1910,81,21294,28051,49345,original,original
1910,82,18394,25958,44352,original,original
1910,83,14594,20464,35058,original,original
1910,84,12037,17552,29589,original,original
1910,85,9538,13624,23162,original,original
1910,86,7435,11329,18764,original,original
1910,87,5488,8270,13758,original,original
1910,88,4064,6359,10423,original,original
1910,89,2985,4489,7474,original,original
1910,90,2033,3481,5514,original,original
1910,91,0,0,0,original,original
1910,92,0,0,0,original,original
1910,93,0,0,0,original,original
1910,94,0,0,0,original,original
1910,95,0,0,0,original,original
1910,96,0,0,0,original,original
1910,97,0,0,0,original,original
1910,98,0,0,0,original,original
1910,99,0,0,0,original,original
1911,0,921146,884192,1805338,reconstructed,reconstructed
1911,1,660190,663494,1323684,reconstructed,reconstructed
1911,2,761950,754140,1516090,reconstructed,reconstructed
1911,3,790318,782768,1573086,reconstructed,reconstructed
1911,4,777591,769014,1546605,reconstructed,reconstructed
1911,5,770394,764956,1535350,reconstructed,reconstructed
1911,6,743837,736591,1480428,reconstructed,reconstructed
1911,7,750063,746001,1496064,reconstructed,reconstructed
1911,8,723661,719537,1443198,reconstructed,reconstructed
1911,9,752696,747285,1499981,reconstructed,reconstructed
1911,10,730202,721773,1451975,reconstructed,reconstructed
1911,11,722253,718489,1440742,reconstructed,reconstructed
1911,12,683652,683688,1367340,reconstructed,reconstructed
1911,13,685790,694378,1380168,reconstructed,reconstructed
1911,14,625058,674850,1299908,reconstructed,reconstructed
1911,15,605494,677566,1283060,reconstructed,reconstructed
1911,16,575468,647479,1222947,reconstructed,reconstructed
1911,17,572097,640861,1212958,reconstructed,reconstructed
1911,18,563026,629971,1192997,reconstructed,reconstructed
1911,19,541591,605601,1147192,reconstructed,reconstructed
1911,20,538136,597079,1135215,reconstructed,reconstructed
1911,21,526407,578439,1104846,reconstructed,reconstructed
1911,22,509065,561346,1070411,reconstructed,reconstructed
1911,23,510054,562541,1072595,reconstructed,reconstructed
1911,24,498348,551128,1049476,reconstructed,reconstructed
1911,25,482272,534774,1017046,reconstructed,reconstructed
1911,26,477305,525807,1003112,reconstructed,reconstructed
1911,27,467512,513825,981337,reconstructed,reconstructed
1911,28,448777,490065,938842,reconstructed,reconstructed
1911,29,455602,499409,955011,reconstructed,reconstructed
1911,30,435162,471905,907067,reconstructed,reconstructed
1911,31,444350,479877,924227,reconstructed,reconstructed
1911,32,443348,483349,926697,reconstructed,reconstructed
1911,33,443732,481081,924813,reconstructed,reconstructed
1911,34,442678,476674,919352,reconstructed,reconstructed
1911,35,442352,478163,920515,reconstructed,reconstructed
1911,36,433739,462678,896417,reconstructed,reconstructed
1911,37,415586,442363,857949,reconstructed,reconstructed
1911,38,400947,422254,823201,reconstructed,reconstructed
1911,39,399941,423097,823038,reconstructed,reconstructed
1911,40,331172,339611,670783,reconstructed,reconstructed
1911,41,376419,391506,767925,reconstructed,reconstructed
1911,42,370622,380862,751484,reconstructed,reconstructed
1911,43,350902,359423,710325,reconstructed,reconstructed
1911,44,338947,345855,684802,reconstructed,reconstructed
1911,45,343870,360816,704686,reconstructed,reconstructed
1911,46,320269,333650,653919,reconstructed,reconstructed
1911,47,320727,338923,659650,reconstructed,reconstructed
1911,48,308346,325067,633413,reconstructed,reconstructed
1911,49,289783,306583,596366,reconstructed,reconstructed
1911,50,273717,285260,558977,reconstructed,reconstructed
1911,51,283628,306311,589939,reconstructed,reconstructed
1911,52,275637,301495,577132,reconstructed,reconstructed
1911,53,258493,284424,542917,reconstructed,reconstructed
1911,54,243536,266983,510519,reconstructed,reconstructed
1911,55,225564,253378,478942,reconstructed,reconstructed
1911,56,207810,230690,438500,reconstructed,reconstructed
1911,57,212005,247838,459843,reconstructed,reconstructed
1911,58,201645,229082,430727,reconstructed,reconstructed
1911,59,195186,230886,426072,reconstructed,reconstructed
1911,60,187065,211135,398200,reconstructed,reconstructed
1911,61,190906,229347,420253,reconstructed,reconstructed
1911,62,176691,207562,384253,reconstructed,reconstructed
1911,63,157753,198517,356270,reconstructed,reconstructed
1911,64,139668,170136,309804,reconstructed,reconstructed
1911,65,138862,173030,311892,reconstructed,reconstructed
1911,66,139507,175052,314559,reconstructed,reconstructed
1911,67,129215,162041,291256,reconstructed,reconstructed
1911,68,118281,146873,265154,reconstructed,reconstructed
1911,69,117831,153966,271797,reconstructed,reconstructed
1911,70,98713,118691,217404,reconstructed,reconstructed
1911,71,101851,133485,235336,reconstructed,reconstructed
1911,72,84303,105757,190060,reconstructed,reconstructed
1911,73,77296,99493,176789,reconstructed,reconstructed
1911,74,67047,86336,153383,reconstructed,reconstructed
1911,75,61528,83645,145173,reconstructed,reconstructed
1911,76,54259,73110,127369,reconstructed,reconstructed
1911,77,47819,63718,111537,reconstructed,reconstructed
1911,78,40080,53291,93371,reconstructed,reconstructed
1911,79,33071,46801,79872,reconstructed,reconstructed
1911,80,26468,34602,61070,reconstructed,reconstructed
1911,81,24865,35801,60666,reconstructed,reconstructed
1911,82,17363,23546,40909,reconstructed,reconstructed
1911,83,14679,21367,36046,reconstructed,reconstructed
1911,84,11422,16532,27954,reconstructed,reconstructed
1911,85,9258,14057,23315,reconstructed,reconstructed
1911,86,7288,10646,17934,reconstructed,reconstructed
1911,87,5555,8639,14194,reconstructed,reconstructed
1911,88,4005,6196,10201,reconstructed,reconstructed
1911,89,2905,4677,7582,reconstructed,reconstructed
1911,90,2065,3213,5278,reconstructed,reconstructed
1911,91,0,0,0,reconstructed,reconstructed
1911,92,0,0,0,reconstructed,reconstructed
1911,93,0,0,0,reconstructed,reconstructed
1911,94,0,0,0,reconstructed,reconstructed
1911,95,0,0,0,reconstructed,reconstructed
1911,96,0,0,0,reconstructed,reconstructed
1911,97,0,0,0,reconstructed,reconstructed
1911,98,0,0,0,reconstructed,reconstructed
1911,99,0,0,0,reconstructed,reconstructed
1912,0,972112,923184,1895296,reconstructed,reconstructed
1912,1,754004,748867,1502871,reconstructed,reconstructed
1912,2,665207,666851,1332058,reconstructed,reconstructed
1912,3,753707,747018,1500725,reconstructed,reconstructed
1912,4,783802,778387,1562189,reconstructed,reconstructed
1912,5,770122,763580,1533702,reconstructed,reconstructed
1912,6,765427,760915,1526342,reconstructed,reconstructed
1912,7,739005,732314,1471319,reconstructed,reconstructed
1912,8,746825,744000,1490825,reconstructed,reconstructed
1912,9,720711,717543,1438254,reconstructed,reconstructed
1912,10,752283,744495,1496778,reconstructed,reconstructed
1912,11,729793,721757,1451550,reconstructed,reconstructed
1912,12,721712,719697,1441409,reconstructed,reconstructed
1912,13,681230,684774,1366004,reconstructed,reconstructed
1912,14,672237,693434,1365671,reconstructed,reconstructed
1912,15,568724,674049,1242773,reconstructed,reconstructed
1912,16,530260,676606,1206866,reconstructed,reconstructed
1912,17,502040,645744,1147784,reconstructed,reconstructed
1912,18,497264,637140,1134404,reconstructed,reconstructed
1912,19,489793,625731,1115524,reconstructed,reconstructed
1912,20,472606,601084,1073690,reconstructed,reconstructed
1912,21,471876,593626,1065502,reconstructed,reconstructed
1912,22,464201,574743,1038944,reconstructed,reconstructed
1912,23,451180,558119,1009299,reconstructed,reconstructed
1912,24,455131,559998,1015129,reconstructed,reconstructed
1912,25,445876,548374,994250,reconstructed,reconstructed
1912,26,432856,532563,965419,reconstructed,reconstructed
1912,27,428421,521945,950366,reconstructed,reconstructed
1912,28,421346,510646,931992,reconstructed,reconstructed
1912,29,405730,487238,892968,reconstructed,reconstructed
1912,30,412144,495981,908125,reconstructed,reconstructed
1912,31,393710,468796,862506,reconstructed,reconstructed
1912,32,403640,476098,879738,reconstructed,reconstructed
1912,33,404781,479532,884313,reconstructed,reconstructed
1912,34,405757,477647,883404,reconstructed,reconstructed
1912,35,406012,473129,879141,reconstructed,reconstructed
1912,36,408110,475261,883371,reconstructed,reconstructed
1912,37,403981,458684,862665,reconstructed,reconstructed
1912,38,388371,439078,827449,reconstructed,reconstructed
1912,39,376964,419229,796193,reconstructed,reconstructed
1912,40,379639,420154,799793,reconstructed,reconstructed
1912,41,318424,337793,656217,reconstructed,reconstructed
1912,42,363258,388581,751839,reconstructed,reconstructed
1912,43,364315,377969,742284,reconstructed,reconstructed
1912,44,346345,356259,702604,reconstructed,reconstructed
1912,45,334337,342688,677025,reconstructed,reconstructed
1912,46,339485,358533,698018,reconstructed,reconstructed
1912,47,314841,329751,644592,reconstructed,reconstructed
1912,48,316118,335649,651767,reconstructed,reconstructed
1912,49,303467,321813,625280,reconstructed,reconstructed
1912,50,284479,303060,587539,reconstructed,reconstructed
1912,51,269062,282275,551337,reconstructed,reconstructed
1912,52,277869,302144,580013,reconstructed,reconstructed
1912,53,270494,297524,568018,reconstructed,reconstructed
1912,54,253216,280364,533580,reconstructed,reconstructed
1912,55,237988,262244,500232,reconstructed,reconstructed
1912,56,221126,248991,470117,reconstructed,reconstructed
1912,57,202131,226004,428135,reconstructed,reconstructed
1912,58,205695,242854,448549,reconstructed,reconstructed
1912,59,195625,224564,420189,reconstructed,reconstructed
1912,60,189003,225161,414164,reconstructed,reconstructed
1912,61,180613,206096,386709,reconstructed,reconstructed
1912,62,183934,222679,406613,reconstructed,reconstructed
1912,63,169288,201038,370326,reconstructed,reconstructed
1912,64,151037,192124,343161,reconstructed,reconstructed
1912,65,132684,163421,296105,reconstructed,reconstructed
1912,66,131930,166800,298730,reconstructed,reconstructed
1912,67,131572,167002,298574,reconstructed,reconstructed
1912,68,121754,154649,276403,reconstructed,reconstructed
1912,69,110748,139764,250512,reconstructed,reconstructed
1912,70,109686,145061,254747,reconstructed,reconstructed
1912,71,91350,111826,203176,reconstructed,reconstructed
1912,72,93684,124526,218210,reconstructed,reconstructed
1912,73,76620,97718,174338,reconstructed,reconstructed
1912,74,69748,91145,160893,reconstructed,reconstructed
1912,75,59678,78173,137851,reconstructed,reconstructed
1912,76,54623,76229,130852,reconstructed,reconstructed
1912,77,47277,64834,112111,reconstructed,reconstructed
1912,78,41644,56576,98220,reconstructed,reconstructed
1912,79,34331,46748,81079,reconstructed,reconstructed
1912,80,28030,40772,68802,reconstructed,reconstructed
1912,81,22337,29957,52294,reconstructed,reconstructed
1912,82,20731,30382,51113,reconstructed,reconstructed
1912,83,13836,19355,33191,reconstructed,reconstructed
1912,84,11480,17320,28800,reconstructed,reconstructed
1912,85,8791,13205,21996,reconstructed,reconstructed
1912,86,7018,11064,18082,reconstructed,reconstructed
1912,87,5445,8117,13562,reconstructed,reconstructed
1912,88,4054,6472,10526,reconstructed,reconstructed
1912,89,2863,4556,7419,reconstructed,reconstructed
1912,90,2010,3347,5357,reconstructed,reconstructed
1912,91,0,0,0,reconstructed,reconstructed
1912,92,0,0,0,reconstructed,reconstructed
1912,93,0,0,0,reconstructed,reconstructed
1912,94,0,0,0,reconstructed,reconstructed
1912,95,0,0,0,reconstructed,reconstructed
1912,96,0,0,0,reconstructed,reconstructed
1912,97,0,0,0,reconstructed,reconstructed
1912,98,0,0,0,reconstructed,reconstructed
1912,99,0,0,0,reconstructed,reconstructed
1913,0,923702,883964,1807666,reconstructed,reconstructed
1913,1,795723,781891,1577614,reconstructed,reconstructed
1913,2,729650,725659,1455309,reconstructed,reconstructed
1913,3,683208,682819,1366027,reconstructed,reconstructed
1913,4,748932,743023,1491955,reconstructed,reconstructed
1913,5,778749,775485,1554234,reconstructed,reconstructed
1913,6,763771,759113,1522884,reconstructed,reconstructed
1913,7,761100,757473,1518573,reconstructed,reconstructed
1913,8,734589,728468,1463057,reconstructed,reconstructed
1913,9,743935,742317,1486252,reconstructed,reconstructed
1913,10,717979,715735,1433714,reconstructed,reconstructed
1913,11,751980,741819,1493799,reconstructed,reconstructed
1913,12,729470,721796,1451266,reconstructed,reconstructed
1913,13,721280,720905,1442185,reconstructed,reconstructed
1913,14,678740,685721,1364461,reconstructed,reconstructed
1913,15,658539,692303,1350842,reconstructed,reconstructed
1913,16,512453,673079,1185532,reconstructed,reconstructed
1913,17,455194,675463,1130657,reconstructed,reconstructed
1913,18,428876,643885,1072761,reconstructed,reconstructed
1913,19,422795,633302,1056097,reconstructed,reconstructed
1913,20,416988,621370,1038358,reconstructed,reconstructed
1913,21,404161,596509,1000670,reconstructed,reconstructed
1913,22,406211,590078,996289,reconstructed,reconstructed
1913,23,402566,570969,973535,reconstructed,reconstructed
1913,24,393863,554820,948683,reconstructed,reconstructed
1913,25,400692,557292,957984,reconstructed,reconstructed
1913,26,393844,545475,939319,reconstructed,reconstructed
1913,27,383873,530271,914144,reconstructed,reconstructed
1913,28,379998,518088,898086,reconstructed,reconstructed
1913,29,375622,507491,883113,reconstructed,reconstructed
1913,30,363041,484321,847362,reconstructed,reconstructed
1913,31,369022,492463,861485,reconstructed,reconstructed
1913,32,352609,465697,818306,reconstructed,reconstructed
1913,33,363291,472308,835599,reconstructed,reconstructed
1913,34,366543,475701,842244,reconstructed,reconstructed
1913,35,368082,474104,842186,reconstructed,reconstructed
1913,36,369643,469392,839035,reconstructed,reconstructed
1913,37,374197,472304,846501,reconstructed,reconstructed
1913,38,374414,454733,829147,reconstructed,reconstructed
1913,39,361318,435791,797109,reconstructed,reconstructed
1913,40,353168,416143,769311,reconstructed,reconstructed
1913,41,359438,417180,776618,reconstructed,reconstructed
1913,42,305730,335976,641706,reconstructed,reconstructed
1913,43,350128,385595,735723,reconstructed,reconstructed
1913,44,357900,375037,732937,reconstructed,reconstructed
1913,45,341636,353084,694720,reconstructed,reconstructed
1913,46,329539,339426,668965,reconstructed,reconstructed
1913,47,334921,356074,690995,reconstructed,reconstructed
1913,48,309240,325675,634915,reconstructed,reconstructed
1913,49,311280,332216,643496,reconstructed,reconstructed
1913,50,298378,318428,616806,reconstructed,reconstructed
1913,51,278981,299397,578378,reconstructed,reconstructed
1913,52,264201,279123,543324,reconstructed,reconstructed
1913,53,271888,297704,569592,reconstructed,reconstructed
1913,54,265135,293311,558446,reconstructed,reconstructed
1913,55,247761,276129,523890,reconstructed,reconstructed
1913,56,232161,257351,489512,reconstructed,reconstructed
1913,57,216374,244346,460720,reconstructed,reconstructed
1913,58,196255,220971,417226,reconstructed,reconstructed
1913,59,199112,237524,436636,reconstructed,reconstructed
1913,60,189413,219730,409143,reconstructed,reconstructed
1913,61,182659,219158,401817,reconstructed,reconstructed
1913,62,173835,200699,374534,reconstructed,reconstructed
1913,63,176719,215563,392282,reconstructed,reconstructed
1913,64,161753,194088,355841,reconstructed,reconstructed
1913,65,144050,185336,329386,reconstructed,reconstructed
1913,66,125634,156487,282121,reconstructed,reconstructed
1913,67,124968,160089,285057,reconstructed,reconstructed
1913,68,123548,158620,282168,reconstructed,reconstructed
1913,69,114079,146850,260929,reconstructed,reconstructed
1913,70,103107,132224,235331,reconstructed,reconstructed
1913,71,101569,135998,237567,reconstructed,reconstructed
1913,72,83901,104557,188458,reconstructed,reconstructed
1913,73,85424,115176,200600,reconstructed,reconstructed
1913,74,69110,89678,158788,reconstructed,reconstructed
1913,75,62355,82909,145264,reconstructed,reconstructed
1913,76,52501,70109,122610,reconstructed,reconstructed
1913,77,48015,68563,116578,reconstructed,reconstructed
1913,78,40838,56927,97765,reconstructed,reconstructed
1913,79,35731,49693,85424,reconstructed,reconstructed
1913,80,28972,40408,69380,reconstructed,reconstructed
1913,81,23493,35082,58575,reconstructed,reconstructed
1913,82,18479,25472,43951,reconstructed,reconstructed
1913,83,16890,25243,42133,reconstructed,reconstructed
1913,84,10804,15668,26472,reconstructed,reconstructed
1913,85,8829,13880,22709,reconstructed,reconstructed
1913,86,6669,10366,17035,reconstructed,reconstructed
1913,87,5201,8497,13698,reconstructed,reconstructed
1913,88,3974,6081,10055,reconstructed,reconstructed
1913,89,2898,4759,7657,reconstructed,reconstructed
1913,90,1981,3261,5242,reconstructed,reconstructed
1913,91,0,0,0,reconstructed,reconstructed
1913,92,0,0,0,reconstructed,reconstructed
1913,93,0,0,0,reconstructed,reconstructed
1913,94,0,0,0,reconstructed,reconstructed
1913,95,0,0,0,reconstructed,reconstructed
1913,96,0,0,0,reconstructed,reconstructed
1913,97,0,0,0,reconstructed,reconstructed
1913,98,0,0,0,reconstructed,reconstructed
1913,99,0,0,0,reconstructed,reconstructed
1914,0,911737,869909,1781646,reconstructed,reconstructed
1914,1,756096,748674,1504770,reconstructed,reconstructed
1914,2,770021,757660,1527681,reconstructed,reconstructed
1914,3,720850,717307,1438157,reconstructed,reconstructed
1914,4,703856,701220,1405076,reconstructed,reconstructed
1914,5,745537,740437,1485974,reconstructed,reconstructed
1914,6,774803,773540,1548343,reconstructed,reconstructed
1914,7,758070,755247,1513317,reconstructed,reconstructed
1914,8,757196,754470,1511666,reconstructed,reconstructed
1914,9,730523,724944,1455467,reconstructed,reconstructed
1914,10,741271,740823,1482094,reconstructed,reconstructed
1914,11,715364,714031,1429395,reconstructed,reconstructed
1914,12,751766,739210,1490976,reconstructed,reconstructed
1914,13,729255,721838,1451093,reconstructed,reconstructed
1914,14,720767,721967,1442734,reconstructed,reconstructed
1914,15,676054,686475,1362529,reconstructed,reconstructed
1914,16,644655,691000,1335655,reconstructed,reconstructed
1914,17,456248,671927,1128175,reconstructed,reconstructed
1914,18,380426,674185,1054611,reconstructed,reconstructed
1914,19,356093,641896,997989,reconstructed,reconstructed
1914,20,348792,629338,978130,reconstructed,reconstructed
1914,21,344768,616946,961714,reconstructed,reconstructed
1914,22,336333,591847,928180,reconstructed,reconstructed
1914,23,341151,586449,927600,reconstructed,reconstructed
1914,24,341531,567126,908657,reconstructed,reconstructed
1914,25,337053,551368,888421,reconstructed,reconstructed
1914,26,346715,554438,901153,reconstructed,reconstructed
1914,27,342272,542498,884770,reconstructed,reconstructed
1914,28,335351,527966,863317,reconstructed,reconstructed
1914,29,332038,514262,846300,reconstructed,reconstructed
1914,30,330285,504243,834528,reconstructed,reconstructed
1914,31,320692,481310,802002,reconstructed,reconstructed
1914,32,326273,488959,815232,reconstructed,reconstructed
1914,33,311882,462582,774464,reconstructed,reconstructed
1914,34,323300,468503,791803,reconstructed,reconstructed
1914,35,328621,471765,800386,reconstructed,reconstructed
1914,36,330729,470368,801097,reconstructed,reconstructed
1914,37,333638,465614,799252,reconstructed,reconstructed
1914,38,340543,469376,809919,reconstructed,reconstructed
1914,39,345049,450786,795835,reconstructed,reconstructed
1914,40,334504,432440,766944,reconstructed,reconstructed
1914,41,329544,413028,742572,reconstructed,reconstructed
1914,42,339397,414219,753616,reconstructed,reconstructed
1914,43,293090,334098,627188,reconstructed,reconstructed
1914,44,337028,382571,719599,reconstructed,reconstructed
1914,45,351362,372086,723448,reconstructed,reconstructed
1914,46,336736,349809,686545,reconstructed,reconstructed
1914,47,324580,336014,660594,reconstructed,reconstructed
1914,48,330144,353391,683535,reconstructed,reconstructed
1914,49,303443,321460,624903,reconstructed,reconstructed
1914,50,306223,328649,634872,reconstructed,reconstructed
1914,51,293073,314890,607963,reconstructed,reconstructed
1914,52,273291,295569,568860,reconstructed,reconstructed
1914,53,259107,275702,534809,reconstructed,reconstructed
1914,54,265719,293034,558753,reconstructed,reconstructed
1914,55,259583,288915,548498,reconstructed,reconstructed
1914,56,242002,271710,513712,reconstructed,reconstructed
1914,57,226058,252203,478261,reconstructed,reconstructed
1914,58,211350,239312,450662,reconstructed,reconstructed
1914,59,190112,215642,405754,reconstructed,reconstructed
1914,60,192359,231884,424243,reconstructed,reconstructed
1914,61,183040,214592,397632,reconstructed,reconstructed
1914,62,175973,212807,388780,reconstructed,reconstructed
1914,63,166841,194865,361706,reconstructed,reconstructed
1914,64,169329,207998,377327,reconstructed,reconstructed
1914,65,153956,186771,340727,reconstructed,reconstructed
1914,66,136939,178239,315178,reconstructed,reconstructed
1914,67,118597,149189,267786,reconstructed,reconstructed
1914,68,117865,152972,270837,reconstructed,reconstructed
1914,69,115355,149898,265253,reconstructed,reconstructed
1914,70,106282,138633,244915,reconstructed,reconstructed
1914,71,95489,124471,219960,reconstructed,reconstructed
1914,72,93348,126533,219881,reconstructed,reconstructed
1914,73,76390,96924,173314,reconstructed,reconstructed
1914,74,77306,105805,183111,reconstructed,reconstructed
1914,75,61759,81719,143478,reconstructed,reconstructed
1914,76,55103,74703,129806,reconstructed,reconstructed
1914,77,45726,62060,107786,reconstructed,reconstructed
1914,78,41849,61050,102899,reconstructed,reconstructed
1914,79,34750,49447,84197,reconstructed,reconstructed
1914,80,30205,43008,73213,reconstructed,reconstructed
1914,81,24177,34503,58680,reconstructed,reconstructed
1914,82,19303,29653,48956,reconstructed,reconstructed
1914,83,14941,21202,36143,reconstructed,reconstructed
1914,84,13483,20648,34131,reconstructed,reconstructed
1914,85,8296,12539,20835,reconstructed,reconstructed
1914,86,6693,10932,17625,reconstructed,reconstructed
1914,87,4946,7940,12886,reconstructed,reconstructed
1914,88,3765,6412,10177,reconstructed,reconstructed
1914,89,2841,4472,7313,reconstructed,reconstructed
1914,90,2005,3407,5412,reconstructed,reconstructed
1914,91,0,0,0,reconstructed,reconstructed
1914,92,0,0,0,reconstructed,reconstructed
1914,93,0,0,0,reconstructed,reconstructed
1914,94,0,0,0,reconstructed,reconstructed
1914,95,0,0,0,reconstructed,reconstructed
1914,96,0,0,0,reconstructed,reconstructed
1914,97,0,0,0,reconstructed,reconstructed
1914,98,0,0,0,reconstructed,reconstructed
1914,99,0,0,0,reconstructed,reconstructed
1915,0,684112,648441,1332553,reconstructed,reconstructed
1915,1,746303,736769,1483072,reconstructed,reconstructed
1915,2,731674,725472,1457146,reconstructed,reconstructed
1915,3,760734,748939,1509673,reconstructed,reconstructed
1915,4,715386,711985,1427371,reconstructed,reconstructed
1915,5,725464,720665,1446129,reconstructed,reconstructed
1915,6,743186,738763,1481949,reconstructed,reconstructed
1915,7,771495,772186,1543681,reconstructed,reconstructed
1915,8,752800,751820,1504620,reconstructed,reconstructed
1915,9,753650,751795,1505445,reconstructed,reconstructed
1915,10,726684,721614,1448298,reconstructed,reconstructed
1915,11,738726,739436,1478162,reconstructed,reconstructed
1915,12,712843,712388,1425231,reconstructed,reconstructed
1915,13,751663,736616,1488279,reconstructed,reconstructed
1915,14,728957,721740,1450697,reconstructed,reconstructed
1915,15,720036,722824,1442860,reconstructed,reconstructed
1915,16,673120,687049,1360169,reconstructed,reconstructed
1915,17,630518,689511,1320029,reconstructed,reconstructed
1915,18,400210,670641,1070851,reconstructed,reconstructed
1915,19,306073,672767,978840,reconstructed,reconstructed
1915,20,283789,639765,923554,reconstructed,reconstructed
1915,21,275399,625308,900707,reconstructed,reconstructed
1915,22,273204,612430,885634,reconstructed,reconstructed
1915,23,269133,587112,856245,reconstructed,reconstructed
1915,24,276717,582746,859463,reconstructed,reconstructed
1915,25,281039,563131,844170,reconstructed,reconstructed
1915,26,280736,547776,828512,reconstructed,reconstructed
1915,27,293221,551504,844725,reconstructed,reconstructed
1915,28,291187,539516,830703,reconstructed,reconstructed
1915,29,287292,525677,812969,reconstructed,reconstructed
1915,30,284491,510349,794840,reconstructed,reconstructed
1915,31,285322,500900,786222,reconstructed,reconstructed
1915,32,278716,478308,757024,reconstructed,reconstructed
1915,33,283920,485439,769359,reconstructed,reconstructed
1915,34,271529,459445,730974,reconstructed,reconstructed
1915,35,283658,464595,748253,reconstructed,reconstructed
1915,36,291038,467642,758680,reconstructed,reconstructed
1915,37,293761,466590,760351,reconstructed,reconstructed
1915,38,297940,461874,759814,reconstructed,reconstructed
1915,39,307168,466438,773606,reconstructed,reconstructed
1915,40,315966,446782,762748,reconstructed,reconstructed
1915,41,307921,429064,736985,reconstructed,reconstructed
1915,42,306152,409929,716081,reconstructed,reconstructed
1915,43,319521,411192,730713,reconstructed,reconstructed
1915,44,280506,332176,612682,reconstructed,reconstructed
1915,45,323951,379528,703479,reconstructed,reconstructed
1915,46,344662,369025,713687,reconstructed,reconstructed
1915,47,331670,346379,678049,reconstructed,reconstructed
1915,48,319426,332411,651837,reconstructed,reconstructed
1915,49,325127,350527,675654,reconstructed,reconstructed
1915,50,297463,317133,614596,reconstructed,reconstructed
1915,51,300939,324925,625864,reconstructed,reconstructed
1915,52,287550,311171,598721,reconstructed,reconstructed
1915,53,267383,291468,558851,reconstructed,reconstructed
1915,54,253814,272050,525864,reconstructed,reconstructed
1915,55,259388,288193,547581,reconstructed,reconstructed
1915,56,253706,284324,538030,reconstructed,reconstructed
1915,57,235942,266997,502939,reconstructed,reconstructed
1915,58,219724,246666,466390,reconstructed,reconstructed
1915,59,205968,233940,439908,reconstructed,reconstructed
1915,60,183797,210052,393849,reconstructed,reconstructed
1915,61,185469,225946,411415,reconstructed,reconstructed
1915,62,176325,209075,385400,reconstructed,reconstructed
1915,63,169056,206027,375083,reconstructed,reconstructed
1915,64,159695,188589,348284,reconstructed,reconstructed
1915,65,161623,200048,361671,reconstructed,reconstructed
1915,66,146056,179177,325233,reconstructed,reconstructed
1915,67,129789,170663,300452,reconstructed,reconstructed
1915,68,111469,141603,253072,reconstructed,reconstructed
1915,69,110540,145434,255974,reconstructed,reconstructed
1915,70,107091,140829,247920,reconstructed,reconstructed
1915,71,98499,130230,228729,reconstructed,reconstructed
1915,72,87772,116283,204055,reconstructed,reconstructed
1915,73,85046,116721,201767,reconstructed,reconstructed
1915,74,69026,89237,158263,reconstructed,reconstructed
1915,75,69315,96512,165827,reconstructed,reconstructed
1915,76,54552,73762,128314,reconstructed,reconstructed
1915,77,48212,66437,114649,reconstructed,reconstructed
1915,78,39482,54390,93872,reconstructed,reconstructed
1915,79,35935,53773,89708,reconstructed,reconstructed
1915,80,29129,42323,71452,reconstructed,reconstructed
1915,81,25249,36769,62018,reconstructed,reconstructed
1915,82,19778,28945,48723,reconstructed,reconstructed
1915,83,15501,24541,40042,reconstructed,reconstructed
1915,84,11838,17374,29212,reconstructed,reconstructed
1915,85,10584,16694,27278,reconstructed,reconstructed
1915,86,6279,9863,16142,reconstructed,reconstructed
1915,87,4960,8401,13361,reconstructed,reconstructed
1915,88,3583,5976,9559,reconstructed,reconstructed
1915,89,2670,4749,7419,reconstructed,reconstructed
1915,90,1965,3201,5166,reconstructed,reconstructed
1915,91,0,0,0,reconstructed,reconstructed
1915,92,0,0,0,reconstructed,reconstructed
1915,93,0,0,0,reconstructed,reconstructed
1915,94,0,0,0,reconstructed,reconstructed
1915,95,0,0,0,reconstructed,reconstructed
1915,96,0,0,0,reconstructed,reconstructed
1915,97,0,0,0,reconstructed,reconstructed
1915,98,0,0,0,reconstructed,reconstructed
1915,99,0,0,0,reconstructed,reconstructed
1916,0,428230,419651,847881,original,original
1916,1,559980,549197,1109177,original,original
1916,2,722197,713937,1436134,original,original
1916,3,722850,717122,1439972,original,original
1916,4,754968,743382,1498350,original,original
1916,5,711251,708033,1419284,original,original
1916,6,747836,740781,1488617,original,original
1916,7,741436,737652,1479088,original,original
1916,8,768610,771265,1539875,original,original
1916,9,747893,748723,1496616,original,original
1916,10,750335,749316,1499651,original,original
1916,11,722968,718396,1441364,original,original
1916,12,736277,738111,1474388,original,original
1916,13,710436,710756,1421192,original,original
1916,14,751474,733890,1485364,original,original
1916,15,728439,721443,1449882,original,original
1916,16,719031,723491,1442522,original,original
1916,17,669855,687427,1357282,original,original
1916,18,616175,687888,1304063,original,original
1916,19,344433,669215,1013648,original,original
1916,20,232232,671195,903427,original,original
1916,21,212090,637551,849641,original,original
1916,22,202675,621180,823855,original,original
1916,23,202303,607837,810140,original,original
1916,24,202574,582314,784888,original,original
1916,25,212862,578884,791746,original,original
1916,26,221081,558997,780078,original,original
1916,27,224929,544113,769042,original,original
1916,28,240233,548563,788796,original,original
1916,29,240589,536556,777145,original,original
1916,30,239655,523281,762936,original,original
1916,31,237351,506346,743697,original,original
1916,32,240766,497568,738334,original,original
1916,33,237136,475286,712422,original,original
1916,34,241964,481900,723864,original,original
1916,35,231545,456200,687745,original,original
1916,36,244392,460505,704897,original,original
1916,37,253853,463484,717337,original,original
1916,38,257133,462851,719984,original,original
1916,39,262574,458136,720710,original,original
1916,40,274152,463424,737576,original,original
1916,41,287160,442759,729919,original,original
1916,42,281631,425705,707336,original,original
1916,43,283003,406767,689770,original,original
1916,44,299819,408121,707940,original,original
1916,45,267975,330227,598202,original,original
1916,46,310875,376373,687248,original,original
1916,47,337832,365793,703625,original,original
1916,48,326406,342750,669156,original,original
1916,49,314055,328657,642712,original,original
1916,50,319880,347505,667385,original,original
1916,51,291293,312674,603967,original,original
1916,52,295426,321017,616443,original,original
1916,53,281783,307157,588940,original,original
1916,54,261292,287135,548427,original,original
1916,55,248342,268220,516562,original,original
1916,56,252764,283172,535936,original,original
1916,57,247506,279425,526931,original,original
1916,58,229625,261846,491471,original,original
1916,59,213077,240794,453871,original,original
1916,60,200331,228268,428599,original,original
1916,61,177344,204215,381559,original,original
1916,62,178260,219636,397896,original,original
1916,63,169381,203097,372478,original,original
1916,64,161972,198816,360788,original,original
1916,65,152265,181925,334190,original,original
1916,66,153767,191810,345577,original,original
1916,67,138143,171139,309282,original,original
1916,68,122485,162690,285175,original,original
1916,69,104176,133724,237900,original,original
1916,70,103085,137461,240546,original,original
1916,71,98893,131655,230548,original,original
1916,72,90603,121407,212010,original,original
1916,73,79978,107704,187682,original,original
1916,74,76899,106940,183839,original,original
1916,75,61796,81579,143375,original,original
1916,76,61435,87200,148635,original,original
1916,77,47710,65716,113426,original,original
1916,78,41823,58501,100324,original,original
1916,79,33581,47156,80737,original,original
1916,80,30402,46667,77069,original,original
1916,81,24142,35786,59928,original,original
1916,82,20691,30884,51575,original,original
1916,83,15812,23779,39591,original,original
1916,84,12199,19998,32197,original,original
1916,85,9225,14071,23296,original,original
1916,86,8188,13262,21450,original,original
1916,87,4646,7570,12216,original,original
1916,88,3591,6343,9934,original,original
1916,89,2543,4415,6958,original,original
1916,90,1832,3423,5255,original,original
1916,91,0,0,0,original,original
1916,92,0,0,0,original,original
1916,93,0,0,0,original,original
1916,94,0,0,0,original,original
1916,95,0,0,0,original,original
1916,96,0,0,0,original,original
1916,97,0,0,0,original,original
1916,98,0,0,0,original,original
1916,99,0,0,0,original,original
1917,0,427200,400319,827519,reconstructed,reconstructed
1917,1,365019,364137,729156,reconstructed,reconstructed
1917,2,530247,520558,1050805,reconstructed,reconstructed
1917,3,693167,684884,1378051,reconstructed,reconstructed
1917,4,697357,690789,1388146,reconstructed,reconstructed
1917,5,728528,716978,1445506,reconstructed,reconstructed
1917,6,687981,683330,1371311,reconstructed,reconstructed
1917,7,723674,716624,1440298,reconstructed,reconstructed
1917,8,723993,719577,1443570,reconstructed,reconstructed
1917,9,744403,743437,1487840,reconstructed,reconstructed
1917,10,730371,727240,1457611,reconstructed,reconstructed
1917,11,728087,725387,1453474,reconstructed,reconstructed
1917,12,704226,699219,1403445,reconstructed,reconstructed
1917,13,714382,714751,1429133,reconstructed,reconstructed
1917,14,690609,690384,1380993,reconstructed,reconstructed
1917,15,723215,713122,1436337,reconstructed,reconstructed
1917,16,700437,698039,1398476,reconstructed,reconstructed
1917,17,687081,696820,1383901,reconstructed,reconstructed
1917,18,627408,664882,1292290,reconstructed,reconstructed
1917,19,580507,665647,1246154,reconstructed,reconstructed
1917,20,385559,645187,1030746,reconstructed,reconstructed
1917,21,304969,647950,952919,reconstructed,reconstructed
1917,22,282837,617529,900366,reconstructed,reconstructed
1917,23,270945,602930,873875,reconstructed,reconstructed
1917,24,269395,589690,859085,reconstructed,reconstructed
1917,25,267273,565641,832914,reconstructed,reconstructed
1917,26,275611,561959,837570,reconstructed,reconstructed
1917,27,282086,543520,825606,reconstructed,reconstructed
1917,28,282265,531388,813653,reconstructed,reconstructed
1917,29,294025,531647,825672,reconstructed,reconstructed
1917,30,294542,520495,815037,reconstructed,reconstructed
1917,31,291059,506479,797538,reconstructed,reconstructed
1917,32,290082,492957,783039,reconstructed,reconstructed
1917,33,290443,482707,773150,reconstructed,reconstructed
1917,34,284162,460944,745106,reconstructed,reconstructed
1917,35,289273,466841,756114,reconstructed,reconstructed
1917,36,280374,442678,723052,reconstructed,reconstructed
1917,37,292000,447229,739229,reconstructed,reconstructed
1917,38,300427,452431,752858,reconstructed,reconstructed
1917,39,301534,449516,751050,reconstructed,reconstructed
1917,40,305001,443033,748034,reconstructed,reconstructed
1917,41,314545,448211,762756,reconstructed,reconstructed
1917,42,322006,429827,751833,reconstructed,reconstructed
1917,43,311890,411824,723714,reconstructed,reconstructed
1917,44,307490,392171,699661,reconstructed,reconstructed
1917,45,317396,393312,710708,reconstructed,reconstructed
1917,46,275618,318124,593742,reconstructed,reconstructed
1917,47,315859,362696,678555,reconstructed,reconstructed
1917,48,332399,355031,687430,reconstructed,reconstructed
1917,49,315626,330257,645883,reconstructed,reconstructed
1917,50,302946,316206,619152,reconstructed,reconstructed
1917,51,307835,332334,640169,reconstructed,reconstructed
1917,52,281661,301990,583651,reconstructed,reconstructed
1917,53,283530,307714,591244,reconstructed,reconstructed
1917,54,270710,294641,565351,reconstructed,reconstructed
1917,55,250035,273996,524031,reconstructed,reconstructed
1917,56,236771,256011,492782,reconstructed,reconstructed
1917,57,241464,270226,511690,reconstructed,reconstructed
1917,58,236395,268665,505060,reconstructed,reconstructed
1917,59,217724,249134,466858,reconstructed,reconstructed
1917,60,201545,229244,430789,reconstructed,reconstructed
1917,61,188587,217785,406372,reconstructed,reconstructed
1917,62,167201,193212,360413,reconstructed,reconstructed
1917,63,168736,207888,376624,reconstructed,reconstructed
1917,64,158605,190627,349232,reconstructed,reconstructed
1917,65,150875,186857,337732,reconstructed,reconstructed
1917,66,141510,169653,311163,reconstructed,reconstructed
1917,67,141329,177788,319117,reconstructed,reconstructed
1917,68,127459,159394,286853,reconstructed,reconstructed
1917,69,111615,149250,260865,reconstructed,reconstructed
1917,70,94658,122314,216972,reconstructed,reconstructed
1917,71,92371,123521,215892,reconstructed,reconstructed
1917,72,88504,118411,206915,reconstructed,reconstructed
1917,73,79560,107054,186614,reconstructed,reconstructed
1917,74,70164,94670,164834,reconstructed,reconstructed
1917,75,66639,93436,160075,reconstructed,reconstructed
1917,76,52869,69997,122866,reconstructed,reconstructed
1917,77,51896,73308,125204,reconstructed,reconstructed
1917,78,40225,55574,95799,reconstructed,reconstructed
1917,79,34476,48277,82753,reconstructed,reconstructed
1917,80,27267,38658,65925,reconstructed,reconstructed
1917,81,24249,37004,61253,reconstructed,reconstructed
1917,82,19149,28380,47529,reconstructed,reconstructed
1917,83,15807,23702,39509,reconstructed,reconstructed
1917,84,11836,17792,29628,reconstructed,reconstructed
1917,85,8929,14745,23674,reconstructed,reconstructed
1917,86,6643,10153,16796,reconstructed,reconstructed
1917,87,5649,9226,14875,reconstructed,reconstructed
1917,88,3175,5218,8393,reconstructed,reconstructed
1917,89,2567,4665,7232,reconstructed,reconstructed
1917,90,1759,3160,4919,reconstructed,reconstructed
1917,91,0,0,0,reconstructed,reconstructed
1917,92,0,0,0,reconstructed,reconstructed
1917,93,0,0,0,reconstructed,reconstructed
1917,94,0,0,0,reconstructed,reconstructed
1917,95,0,0,0,reconstructed,reconstructed
1917,96,0,0,0,reconstructed,reconstructed
1917,97,0,0,0,reconstructed,reconstructed
1917,98,0,0,0,reconstructed,reconstructed
1917,99,0,0,0,reconstructed,reconstructed
1918,0,428935,403690,832625,reconstructed,reconstructed
1918,1,349685,339050,688735,reconstructed,reconstructed
1918,2,367252,361296,728548,reconstructed,reconstructed
1918,3,512347,503080,1015427,reconstructed,reconstructed
1918,4,667746,659122,1326868,reconstructed,reconstructed
1918,5,673428,666060,1339488,reconstructed,reconstructed
1918,6,703342,691692,1395034,reconstructed,reconstructed
1918,7,665437,659331,1324768,reconstructed,reconstructed
1918,8,700049,693020,1393069,reconstructed,reconstructed
1918,9,706968,701899,1408867,reconstructed,reconstructed
1918,10,720526,715927,1436453,reconstructed,reconstructed
1918,11,713034,705952,1418986,reconstructed,reconstructed
1918,12,706017,701615,1407632,reconstructed,reconstructed
1918,13,685662,680127,1365789,reconstructed,reconstructed
1918,14,692492,691354,1383846,reconstructed,reconstructed
1918,15,670658,669921,1340579,reconstructed,reconstructed
1918,16,694818,692283,1387101,reconstructed,reconstructed
1918,17,672237,674579,1346816,reconstructed,reconstructed
1918,18,655019,670172,1325191,reconstructed,reconstructed
1918,19,585019,642343,1227362,reconstructed,reconstructed
1918,20,544907,643405,1188312,reconstructed,reconstructed
1918,21,426236,621242,1047478,reconstructed,reconstructed
1918,22,377012,624755,1001767,reconstructed,reconstructed
1918,23,352916,597558,950474,reconstructed,reconstructed
1918,24,338600,584730,923330,reconstructed,reconstructed
1918,25,335855,571513,907368,reconstructed,reconstructed
1918,26,331338,548951,880289,reconstructed,reconstructed
1918,27,337743,545096,882839,reconstructed,reconstructed
1918,28,342506,528167,870673,reconstructed,reconstructed
1918,29,339059,518786,857845,reconstructed,reconstructed
1918,30,347263,514777,862040,reconstructed,reconstructed
1918,31,347896,504476,852372,reconstructed,reconstructed
1918,32,341882,489839,831721,reconstructed,reconstructed
1918,33,342210,479665,821875,reconstructed,reconstructed
1918,34,339518,467957,807475,reconstructed,reconstructed
1918,35,330564,446627,777191,reconstructed,reconstructed
1918,36,335917,451739,787656,reconstructed,reconstructed
1918,37,328529,429248,757777,reconstructed,reconstructed
1918,38,338842,434120,772962,reconstructed,reconstructed
1918,39,346175,441478,787653,reconstructed,reconstructed
1918,40,345133,436253,781386,reconstructed,reconstructed
1918,41,346577,428067,774644,reconstructed,reconstructed
1918,42,354101,433181,787282,reconstructed,reconstructed
1918,43,356054,416968,773022,reconstructed,reconstructed
1918,44,341389,398060,739449,reconstructed,reconstructed
1918,45,331277,377729,709006,reconstructed,reconstructed
1918,46,334329,378567,712896,reconstructed,reconstructed
1918,47,282863,306028,588891,reconstructed,reconstructed
1918,48,320418,348987,669405,reconstructed,reconstructed
1918,49,326742,344237,670979,reconstructed,reconstructed
1918,50,304786,317811,622597,reconstructed,reconstructed
1918,51,291792,303794,595586,reconstructed,reconstructed
1918,52,295766,317226,612992,reconstructed,reconstructed
1918,53,271933,291188,563121,reconstructed,reconstructed
1918,54,271643,294400,566043,reconstructed,reconstructed
1918,55,259655,282171,541826,reconstructed,reconstructed
1918,56,238709,260938,499647,reconstructed,reconstructed
1918,57,225169,243781,468950,reconstructed,reconstructed
1918,58,230146,257123,487269,reconstructed,reconstructed
1918,59,225171,257724,482895,reconstructed,reconstructed
1918,60,205900,236398,442298,reconstructed,reconstructed
1918,61,190135,217674,407809,reconstructed,reconstructed
1918,62,176824,207181,384005,reconstructed,reconstructed
1918,63,157104,182108,339212,reconstructed,reconstructed
1918,64,159241,196004,355245,reconstructed,reconstructed
1918,65,147846,178174,326020,reconstructed,reconstructed
1918,66,139980,174959,314939,reconstructed,reconstructed
1918,67,131031,157365,288396,reconstructed,reconstructed
1918,68,129188,163890,293078,reconstructed,reconstructed
1918,69,116861,147628,264489,reconstructed,reconstructed
1918,70,101025,135970,236995,reconstructed,reconstructed
1918,71,85483,111222,196705,reconstructed,reconstructed
1918,72,82027,109940,191967,reconstructed,reconstructed
1918,73,78436,105459,183895,reconstructed,reconstructed
1918,74,69207,93554,162761,reconstructed,reconstructed
1918,75,60907,82475,143382,reconstructed,reconstructed
1918,76,56994,80723,137717,reconstructed,reconstructed
1918,77,44711,59127,103838,reconstructed,reconstructed
1918,78,43382,60811,104193,reconstructed,reconstructed
1918,79,33368,46412,79780,reconstructed,reconstructed
1918,80,27944,39134,67078,reconstructed,reconstructed
1918,81,21849,31236,53085,reconstructed,reconstructed
1918,82,18908,28687,47595,reconstructed,reconstructed
1918,83,14824,21984,36808,reconstructed,reconstructed
1918,84,11801,17840,29641,reconstructed,reconstructed
1918,85,8688,13089,21777,reconstructed,reconstructed
1918,86,6420,10620,17040,reconstructed,reconstructed
1918,87,4660,7100,11760,reconstructed,reconstructed
1918,88,3781,6247,10028,reconstructed,reconstructed
1918,89,2116,3504,5620,reconstructed,reconstructed
1918,90,1776,3339,5115,reconstructed,reconstructed
1918,91,0,0,0,reconstructed,reconstructed
1918,92,0,0,0,reconstructed,reconstructed
1918,93,0,0,0,reconstructed,reconstructed
1918,94,0,0,0,reconstructed,reconstructed
1918,95,0,0,0,reconstructed,reconstructed
1918,96,0,0,0,reconstructed,reconstructed
1918,97,0,0,0,reconstructed,reconstructed
1918,98,0,0,0,reconstructed,reconstructed
1918,99,0,0,0,reconstructed,reconstructed
1919,0,376306,357216,733522,original,original
1919,1,351105,341905,693010,original,original
1919,2,338390,328543,666933,original,original
1919,3,376677,365484,742161,original,original
1919,4,497045,487946,984991,original,original
1919,5,643837,634898,1278735,original,original
1919,6,650655,642371,1293026,original,original
1919,7,678910,667120,1346030,original,original
1919,8,643388,635852,1279240,original,original
1919,9,676868,669833,1346701,original,original
1919,10,690229,684480,1374709,original,original
1919,11,696862,688639,1385501,original,original
1919,12,695852,684810,1380662,original,original
1919,13,684138,677948,1362086,original,original
1919,14,667092,660986,1328078,original,original
1919,15,670486,667881,1338367,original,original
1919,16,650547,649395,1299942,original,original
1919,17,666229,671373,1337602,original,original
1919,18,643907,651127,1295034,original,original
1919,19,622921,643556,1266477,original,original
1919,20,542753,619811,1162564,original,original
1919,21,509528,621232,1130760,original,original
1919,22,466512,597359,1063871,original,original
1919,23,448373,601636,1050009,original,original
1919,24,422370,577651,1000021,original,original
1919,25,405615,566501,972116,original,original
1919,26,401658,553332,954990,original,original
1919,27,394769,532323,927092,original,original
1919,28,399279,528371,927650,original,original
1919,29,402355,512964,915319,original,original
1919,30,395264,506188,901452,original,original
1919,31,399897,497960,897857,original,original
1919,32,400639,488611,889250,original,original
1919,33,392113,473334,865447,original,original
1919,34,393696,466467,860163,original,original
1919,35,387926,453236,841162,original,original
1919,36,376297,432267,808564,original,original
1919,37,381900,436749,818649,original,original
1919,38,375892,415988,791880,original,original
1919,39,384832,421141,805973,original,original
1919,40,391081,430566,821647,original,original
1919,41,387838,423101,810939,original,original
1919,42,387280,413282,800562,original,original
1919,43,392758,418253,811011,original,original
1919,44,389245,404209,793454,original,original
1919,45,370065,384435,754500,original,original
1919,46,354277,363351,717628,original,original
1919,47,350607,363837,714444,original,original
1919,48,289660,293916,583576,original,original
1919,49,324508,335306,659814,original,original
1919,50,320870,333447,654317,original,original
1919,51,293892,305402,599294,original,original
1919,52,280607,291407,572014,original,original
1919,53,283662,302088,585750,original,original
1919,54,262153,280330,542483,original,original
1919,55,259804,281154,540958,original,original
1919,56,248501,269752,518253,original,original
1919,57,227337,247878,475215,original,original
1919,58,213602,231428,445030,original,original
1919,59,218743,243955,462698,original,original
1919,60,213965,246664,460629,original,original
1919,61,194203,223678,417881,original,original
1919,62,178678,206038,384716,original,original
1919,63,165183,196402,361585,original,original
1919,64,147127,170934,318061,original,original
1919,65,149656,184075,333731,original,original
1919,66,137275,165856,303131,original,original
1919,67,129383,162983,292366,original,original
1919,68,120722,145176,265898,original,original
1919,69,117277,150145,267422,original,original
1919,70,106464,135857,242321,original,original
1919,71,90857,123111,213968,original,original
1919,72,76546,100267,176813,original,original
1919,73,72090,96811,168901,original,original
1919,74,68912,93164,162076,original,original
1919,75,59525,80984,140509,original,original
1919,76,52189,71027,123216,original,original
1919,77,48184,68704,116888,original,original
1919,78,37422,49310,86732,original,original
1919,79,35654,49710,85364,original,original
1919,80,27231,38122,65353,original,original
1919,81,22347,31226,53573,original,original
1919,82,17124,24735,41859,original,original
1919,83,14366,21655,36021,original,original
1919,84,11230,16721,27951,original,original
1919,85,8638,13215,21853,original,original
1919,86,6267,9402,15669,original,original
1919,87,4495,7410,11905,original,original
1919,88,3180,4838,8018,original,original
1919,89,2459,4106,6565,original,original
1919,90,1357,2269,3626,original,original
1919,91,0,0,0,original,original
1919,92,0,0,0,original,original
1919,93,0,0,0,original,original
1919,94,0,0,0,original,original
1919,95,0,0,0,original,original
1919,96,0,0,0,original,original
1919,97,0,0,0,original,original
1919,98,0,0,0,original,original
1919,99,0,0,0,original,original
1920,0,832278,774735,1607013,reconstructed,reconstructed
1920,1,317369,310742,628111,reconstructed,reconstructed
1920,2,336668,327974,664642,reconstructed,reconstructed
1920,3,336716,327125,663841,reconstructed,reconstructed
1920,4,377409,366793,744202,reconstructed,reconstructed
1920,5,511879,502834,1014713,reconstructed,reconstructed
1920,6,639517,630321,1269838,reconstructed,reconstructed
1920,7,648732,639704,1288436,reconstructed,reconstructed
1920,8,670599,659942,1330541,reconstructed,reconstructed
1920,9,643379,634361,1277740,reconstructed,reconstructed
1920,10,674192,666821,1341013,reconstructed,reconstructed
1920,11,686829,680757,1367586,reconstructed,reconstructed
1920,12,692247,683953,1376200,reconstructed,reconstructed
1920,13,689670,679847,1369517,reconstructed,reconstructed
1920,14,675528,670571,1346099,reconstructed,reconstructed
1920,15,660480,655770,1316250,reconstructed,reconstructed
1920,16,660784,659049,1319833,reconstructed,reconstructed
1920,17,647409,646490,1293899,reconstructed,reconstructed
1920,18,657737,662784,1320521,reconstructed,reconstructed
1920,19,635074,642009,1277083,reconstructed,reconstructed
1920,20,613713,635343,1249056,reconstructed,reconstructed
1920,21,537541,612116,1149657,reconstructed,reconstructed
1920,22,505861,612169,1118030,reconstructed,reconstructed
1920,23,465400,591128,1056528,reconstructed,reconstructed
1920,24,447012,592914,1039926,reconstructed,reconstructed
1920,25,422152,571217,993369,reconstructed,reconstructed
1920,26,406434,559596,966030,reconstructed,reconstructed
1920,27,401131,545051,946182,reconstructed,reconstructed
1920,28,395301,526003,921304,reconstructed,reconstructed
1920,29,399728,522191,921919,reconstructed,reconstructed
1920,30,401471,507756,909227,reconstructed,reconstructed
1920,31,394955,500019,894974,reconstructed,reconstructed
1920,32,400257,493587,893844,reconstructed,reconstructed
1920,33,398871,482312,881183,reconstructed,reconstructed
1920,34,391656,469146,860802,reconstructed,reconstructed
1920,35,392385,461449,853834,reconstructed,reconstructed
1920,36,385195,446778,831973,reconstructed,reconstructed
1920,37,376018,429032,805050,reconstructed,reconstructed
1920,38,379827,430846,810673,reconstructed,reconstructed
1920,39,373810,411573,785383,reconstructed,reconstructed
1920,40,383104,418563,801667,reconstructed,reconstructed
1920,41,388600,426119,814719,reconstructed,reconstructed
1920,42,385618,418539,804157,reconstructed,reconstructed
1920,43,384851,409800,794651,reconstructed,reconstructed
1920,44,390279,414030,804309,reconstructed,reconstructed
1920,45,383863,398664,782527,reconstructed,reconstructed
1920,46,365111,378739,743850,reconstructed,reconstructed
1920,47,350237,359450,709687,reconstructed,reconstructed
1920,48,340462,352687,693149,reconstructed,reconstructed
1920,49,289352,294539,583891,reconstructed,reconstructed
1920,50,321438,332633,654071,reconstructed,reconstructed
1920,51,312982,325392,638374,reconstructed,reconstructed
1920,52,289318,300817,590135,reconstructed,reconstructed
1920,53,276474,287973,564447,reconstructed,reconstructed
1920,54,277176,295553,572729,reconstructed,reconstructed
1920,55,257585,276126,533711,reconstructed,reconstructed
1920,56,254603,276269,530872,reconstructed,reconstructed
1920,57,242129,263579,505708,reconstructed,reconstructed
1920,58,221337,241717,463054,reconstructed,reconstructed
1920,59,209391,228121,437512,reconstructed,reconstructed
1920,60,212394,238727,451121,reconstructed,reconstructed
1920,61,206070,238115,444185,reconstructed,reconstructed
1920,62,187512,217164,404676,reconstructed,reconstructed
1920,63,170757,198435,369192,reconstructed,reconstructed
1920,64,158220,188430,346650,reconstructed,reconstructed
1920,65,141032,165812,306844,reconstructed,reconstructed
1920,66,142924,176403,319327,reconstructed,reconstructed
1920,67,129478,158026,287504,reconstructed,reconstructed
1920,68,122615,154563,277178,reconstructed,reconstructed
1920,69,114021,138892,252913,reconstructed,reconstructed
1920,70,109091,140571,249662,reconstructed,reconstructed
1920,71,98567,127074,225641,reconstructed,reconstructed
1920,72,82619,112359,194978,reconstructed,reconstructed
1920,73,70075,92414,162489,reconstructed,reconstructed
1920,74,65518,88550,154068,reconstructed,reconstructed
1920,75,61925,84449,146374,reconstructed,reconstructed
1920,76,52644,72256,124900,reconstructed,reconstructed
1920,77,46023,63319,109342,reconstructed,reconstructed
1920,78,41580,59502,101082,reconstructed,reconstructed
1920,79,32459,43585,76044,reconstructed,reconstructed
1920,80,29913,42082,71995,reconstructed,reconstructed
1920,81,22603,31871,54474,reconstructed,reconstructed
1920,82,18204,25694,43898,reconstructed,reconstructed
1920,83,13807,20203,34010,reconstructed,reconstructed
1920,84,11230,17151,28381,reconstructed,reconstructed
1920,85,8629,13222,21851,reconstructed,reconstructed
1920,86,6600,10326,16926,reconstructed,reconstructed
1920,87,4682,7169,11851,reconstructed,reconstructed
1920,88,3281,5551,8832,reconstructed,reconstructed
1920,89,2273,3558,5831,reconstructed,reconstructed
1920,90,1701,2939,4640,reconstructed,reconstructed
1920,91,0,0,0,reconstructed,reconstructed
1920,92,0,0,0,reconstructed,reconstructed
1920,93,0,0,0,reconstructed,reconstructed
1920,94,0,0,0,reconstructed,reconstructed
1920,95,0,0,0,reconstructed,reconstructed
1920,96,0,0,0,reconstructed,reconstructed
1920,97,0,0,0,reconstructed,reconstructed
1920,98,0,0,0,reconstructed,reconstructed
1920,99,0,0,0,reconstructed,reconstructed
1921,0,822576,768367,1590943,reconstructed,reconstructed
1921,1,681261,656162,1337423,reconstructed,reconstructed
1921,2,316160,309055,625215,reconstructed,reconstructed
1921,3,329548,320902,650450,reconstructed,reconstructed
1921,4,336553,327044,663597,reconstructed,reconstructed
1921,5,378794,368757,747551,reconstructed,reconstructed
1921,6,527255,518176,1045431,reconstructed,reconstructed
1921,7,635733,626249,1261982,reconstructed,reconstructed
1921,8,647159,637406,1284565,reconstructed,reconstructed
1921,9,662632,653075,1315707,reconstructed,reconstructed
1921,10,643553,633031,1276584,reconstructed,reconstructed
1921,11,671625,663913,1335538,reconstructed,reconstructed
1921,12,683523,677101,1360624,reconstructed,reconstructed
1921,13,687750,679290,1367040,reconstructed,reconstructed
1921,14,683434,674773,1358207,reconstructed,reconstructed
1921,15,666749,663044,1329793,reconstructed,reconstructed
1921,16,653646,650413,1304059,reconstructed,reconstructed
1921,17,650797,650086,1300883,reconstructed,reconstructed
1921,18,643981,643467,1287448,reconstructed,reconstructed
1921,19,649024,654105,1303129,reconstructed,reconstructed
1921,20,626057,632801,1258858,reconstructed,reconstructed
1921,21,604472,627093,1231565,reconstructed,reconstructed
1921,22,532350,604356,1136706,reconstructed,reconstructed
1921,23,502217,603065,1105282,reconstructed,reconstructed
1921,24,464331,584844,1049175,reconstructed,reconstructed
1921,25,445641,584075,1029716,reconstructed,reconstructed
1921,26,421889,564666,986555,reconstructed,reconstructed
1921,27,407212,552652,959864,reconstructed,reconstructed
1921,28,400605,536818,937423,reconstructed,reconstructed
1921,29,395830,519740,915570,reconstructed,reconstructed
1921,30,400120,515947,916067,reconstructed,reconstructed
1921,31,400506,502474,902980,reconstructed,reconstructed
1921,32,394575,493893,888468,reconstructed,reconstructed
1921,33,400545,489207,889752,reconstructed,reconstructed
1921,34,397034,476027,873061,reconstructed,reconstructed
1921,35,391078,464859,855937,reconstructed,reconstructed
1921,36,390954,456264,847218,reconstructed,reconstructed
1921,37,382405,440319,822724,reconstructed,reconstructed
1921,38,375557,425829,801386,reconstructed,reconstructed
1921,39,377567,424976,802543,reconstructed,reconstructed
1921,40,371588,407116,778704,reconstructed,reconstructed
1921,41,381179,415950,797129,reconstructed,reconstructed
1921,42,385965,421704,807669,reconstructed,reconstructed
1921,43,383221,413933,797154,reconstructed,reconstructed
1921,44,382229,406282,788511,reconstructed,reconstructed
1921,45,387576,409801,797377,reconstructed,reconstructed
1921,46,378268,393036,771304,reconstructed,reconstructed
1921,47,359970,372911,732881,reconstructed,reconstructed
1921,48,345957,355350,701307,reconstructed,reconstructed
1921,49,330205,341513,671718,reconstructed,reconstructed
1921,50,288725,294970,583695,reconstructed,reconstructed
1921,51,318062,329783,647845,reconstructed,reconstructed
1921,52,304932,317247,622179,reconstructed,reconstructed
1921,53,284465,295971,580436,reconstructed,reconstructed
1921,54,272081,284293,556374,reconstructed,reconstructed
1921,55,270523,288896,559419,reconstructed,reconstructed
1921,56,252656,271736,524392,reconstructed,reconstructed
1921,57,249046,271099,520145,reconstructed,reconstructed
1921,58,235502,257027,492529,reconstructed,reconstructed
1921,59,215002,235258,450260,reconstructed,reconstructed
1921,60,204849,224440,429289,reconstructed,reconstructed
1921,61,205828,233166,438994,reconstructed,reconstructed
1921,62,197836,229289,427125,reconstructed,reconstructed
1921,63,180546,210214,390760,reconstructed,reconstructed
1921,64,162736,190483,353219,reconstructed,reconstructed
1921,65,150968,180184,331152,reconstructed,reconstructed
1921,66,134750,160344,295094,reconstructed,reconstructed
1921,67,136087,168310,304397,reconstructed,reconstructed
1921,68,121594,149899,271493,reconstructed,reconstructed
1921,69,115549,145836,261385,reconstructed,reconstructed
1921,70,107084,132096,239180,reconstructed,reconstructed
1921,71,100944,130953,231897,reconstructed,reconstructed
1921,72,90571,117956,208527,reconstructed,reconstructed
1921,73,74457,101629,176086,reconstructed,reconstructed
1921,74,63670,84597,148267,reconstructed,reconstructed
1921,75,58997,80422,139419,reconstructed,reconstructed
1921,76,55008,75823,130831,reconstructed,reconstructed
1921,77,46099,63626,109725,reconstructed,reconstructed
1921,78,40241,55889,96130,reconstructed,reconstructed
1921,79,35346,50966,86312,reconstructed,reconstructed
1921,80,27738,37956,65694,reconstructed,reconstructed
1921,81,24813,35184,59997,reconstructed,reconstructed
1921,82,18389,26173,44562,reconstructed,reconstructed
1921,83,14492,20701,35193,reconstructed,reconstructed
1921,84,10911,16250,27161,reconstructed,reconstructed
1921,85,8633,13427,22060,reconstructed,reconstructed
1921,86,6535,10276,16811,reconstructed,reconstructed
1921,87,4931,7874,12805,reconstructed,reconstructed
1921,88,3417,5371,8788,reconstructed,reconstructed
1921,89,2345,4083,6428,reconstructed,reconstructed
1921,90,1573,2547,4120,reconstructed,reconstructed
1921,91,0,0,0,reconstructed,reconstructed
1921,92,0,0,0,reconstructed,reconstructed
1921,93,0,0,0,reconstructed,reconstructed
1921,94,0,0,0,reconstructed,reconstructed
1921,95,0,0,0,reconstructed,reconstructed
1921,96,0,0,0,reconstructed,reconstructed
1921,97,0,0,0,reconstructed,reconstructed
1921,98,0,0,0,reconstructed,reconstructed
1921,99,0,0,0,reconstructed,reconstructed
1922,0,788756,739381,1528137,reconstructed,reconstructed
1922,1,673320,650769,1324089,reconstructed,reconstructed
1922,2,659257,635827,1295084,reconstructed,reconstructed
1922,3,321280,313350,634630,reconstructed,reconstructed
1922,4,324014,315248,639262,reconstructed,reconstructed
1922,5,336983,327562,664545,reconstructed,reconstructed
1922,6,380678,371141,751819,reconstructed,reconstructed
1922,7,542922,533783,1076705,reconstructed,reconstructed
1922,8,632304,622547,1254851,reconstructed,reconstructed
1922,9,645880,635383,1281263,reconstructed,reconstructed
1922,10,654892,646402,1301294,reconstructed,reconstructed
1922,11,643820,631793,1275613,reconstructed,reconstructed
1922,12,669147,661068,1330215,reconstructed,reconstructed
1922,13,680330,673465,1353795,reconstructed,reconstructed
1922,14,683194,674516,1357710,reconstructed,reconstructed
1922,15,677016,669537,1346553,reconstructed,reconstructed
1922,16,657757,655388,1313145,reconstructed,reconstructed
1922,17,646514,644907,1291421,reconstructed,reconstructed
1922,18,640565,641044,1281609,reconstructed,reconstructed
1922,19,640299,640323,1280622,reconstructed,reconstructed
1922,20,640121,645331,1285452,reconstructed,reconstructed
1922,21,617003,623565,1240568,reconstructed,reconstructed
1922,22,595285,618780,1214065,reconstructed,reconstructed
1922,23,527196,596546,1123742,reconstructed,reconstructed
1922,24,498641,593933,1092574,reconstructed,reconstructed
1922,25,463247,578424,1041671,reconstructed,reconstructed
1922,26,444232,575139,1019371,reconstructed,reconstructed
1922,27,421593,558070,979663,reconstructed,reconstructed
1922,28,407978,545742,953720,reconstructed,reconstructed
1922,29,400086,528662,928748,reconstructed,reconstructed
1922,30,396302,513414,909716,reconstructed,reconstructed
1922,31,400418,509638,910056,reconstructed,reconstructed
1922,32,399476,497225,896701,reconstructed,reconstructed
1922,33,394133,487781,881914,reconstructed,reconstructed
1922,34,400743,484818,885561,reconstructed,reconstructed
1922,35,395090,469666,864756,reconstructed,reconstructed
1922,36,390372,460395,850767,reconstructed,reconstructed
1922,37,389447,451059,840506,reconstructed,reconstructed
1922,38,379464,433935,813399,reconstructed,reconstructed
1922,39,374889,422624,797513,reconstructed,reconstructed
1922,40,375169,419081,794250,reconstructed,reconstructed
1922,41,369184,402653,771837,reconstructed,reconstructed
1922,42,379096,413344,792440,reconstructed,reconstructed
1922,43,383161,417242,800403,reconstructed,reconstructed
1922,44,380633,409306,789939,reconstructed,reconstructed
1922,45,379392,402749,782141,reconstructed,reconstructed
1922,46,384599,405465,790064,reconstructed,reconstructed
1922,47,372490,387266,759756,reconstructed,reconstructed
1922,48,354605,366905,721510,reconstructed,reconstructed
1922,49,341406,351092,692498,reconstructed,reconstructed
1922,50,319858,330353,650211,reconstructed,reconstructed
1922,51,287761,295185,582946,reconstructed,reconstructed
1922,52,314375,326724,641099,reconstructed,reconstructed
1922,53,296697,308906,605603,reconstructed,reconstructed
1922,54,279365,290908,570273,reconstructed,reconstructed
1922,55,267447,280425,547872,reconstructed,reconstructed
1922,56,263566,282112,545678,reconstructed,reconstructed
1922,57,247363,267052,514415,reconstructed,reconstructed
1922,58,243179,265496,508675,reconstructed,reconstructed
1922,59,228531,250157,478688,reconstructed,reconstructed
1922,60,208440,228542,436982,reconstructed,reconstructed
1922,61,200003,220390,420393,reconstructed,reconstructed
1922,62,198839,227193,426032,reconstructed,reconstructed
1922,63,189394,220110,409504,reconstructed,reconstructed
1922,64,173369,202826,376195,reconstructed,reconstructed
1922,65,154488,182246,336734,reconstructed,reconstructed
1922,66,143580,171758,315338,reconstructed,reconstructed
1922,67,128363,154373,282736,reconstructed,reconstructed
1922,68,129023,159879,288902,reconstructed,reconstructed
1922,69,113541,141472,255013,reconstructed,reconstructed
1922,70,108276,136797,245073,reconstructed,reconstructed
1922,71,100044,125004,225048,reconstructed,reconstructed
1922,72,92704,121061,213765,reconstructed,reconstructed
1922,73,82501,108556,191057,reconstructed,reconstructed
1922,74,66579,91263,157842,reconstructed,reconstructed
1922,75,57318,76897,134215,reconstructed,reconstructed
1922,76,52516,72349,124865,reconstructed,reconstructed
1922,77,48383,67194,115577,reconstructed,reconstructed
1922,78,40023,55466,95489,reconstructed,reconstructed
1922,79,34666,48802,83468,reconstructed,reconstructed
1922,80,29597,43003,72600,reconstructed,reconstructed
1922,81,23439,32647,56086,reconstructed,reconstructed
1922,82,20175,28896,49071,reconstructed,reconstructed
1922,83,14621,21045,35666,reconstructed,reconstructed
1922,84,11305,16422,27727,reconstructed,reconstructed
1922,85,8479,12923,21402,reconstructed,reconstructed
1922,86,6541,10329,16870,reconstructed,reconstructed
1922,87,4838,7793,12631,reconstructed,reconstructed
1922,88,3599,5899,9498,reconstructed,reconstructed
1922,89,2443,3950,6393,reconstructed,reconstructed
1922,90,1623,2922,4545,reconstructed,reconstructed
1922,91,0,0,0,reconstructed,reconstructed
1922,92,0,0,0,reconstructed,reconstructed
1922,93,0,0,0,reconstructed,reconstructed
1922,94,0,0,0,reconstructed,reconstructed
1922,95,0,0,0,reconstructed,reconstructed
1922,96,0,0,0,reconstructed,reconstructed
1922,97,0,0,0,reconstructed,reconstructed
1922,98,0,0,0,reconstructed,reconstructed
1922,99,0,0,0,reconstructed,reconstructed
1923,0,722649,675941,1398590,reconstructed,reconstructed
1923,1,645636,626219,1271855,reconstructed,reconstructed
1923,2,651571,630601,1282172,reconstructed,reconstructed
1923,3,651306,628509,1279815,reconstructed,reconstructed
1923,4,327710,318819,646529,reconstructed,reconstructed
1923,5,319122,310244,629366,reconstructed,reconstructed
1923,6,337866,328466,666332,reconstructed,reconstructed
1923,7,382845,373784,756629,reconstructed,reconstructed
1923,8,558766,549581,1108347,reconstructed,reconstructed
1923,9,629175,619123,1248298,reconstructed,reconstructed
1923,10,644791,633525,1278316,reconstructed,reconstructed
1923,11,647283,639847,1287130,reconstructed,reconstructed
1923,12,644159,630608,1274767,reconstructed,reconstructed
1923,13,666777,658238,1325015,reconstructed,reconstructed
1923,14,677072,669713,1346785,reconstructed,reconstructed
1923,15,678449,669579,1348028,reconstructed,reconstructed
1923,16,670369,664158,1334527,reconstructed,reconstructed
1923,17,648476,647594,1296070,reconstructed,reconstructed
1923,18,639119,639300,1278419,reconstructed,reconstructed
1923,19,630133,631920,1262053,reconstructed,reconstructed
1923,20,636387,637045,1273432,reconstructed,reconstructed
1923,21,631178,636524,1267702,reconstructed,reconstructed
1923,22,608001,614274,1222275,reconstructed,reconstructed
1923,23,586172,610420,1196592,reconstructed,reconstructed
1923,24,522126,588698,1110824,reconstructed,reconstructed
1923,25,495072,584687,1079759,reconstructed,reconstructed
1923,26,462122,571885,1034007,reconstructed,reconstructed
1923,27,442801,566180,1008981,reconstructed,reconstructed
1923,28,421295,551506,972801,reconstructed,reconstructed
1923,29,408739,538895,947634,reconstructed,reconstructed
1923,30,399519,520461,919980,reconstructed,reconstructed
1923,31,396681,507025,903706,reconstructed,reconstructed
1923,32,400639,503373,904012,reconstructed,reconstructed
1923,33,398390,491979,890369,reconstructed,reconstructed
1923,34,393609,481679,875288,reconstructed,reconstructed
1923,35,400809,480328,881137,reconstructed,reconstructed
1923,36,393032,463150,856182,reconstructed,reconstructed
1923,37,389581,455900,845481,reconstructed,reconstructed
1923,38,387768,445913,833681,reconstructed,reconstructed
1923,39,376348,427592,803940,reconstructed,reconstructed
1923,40,374059,419359,793418,reconstructed,reconstructed
1923,41,372590,413199,785789,reconstructed,reconstructed
1923,42,366636,398225,764861,reconstructed,reconstructed
1923,43,376837,410668,787505,reconstructed,reconstructed
1923,44,380173,412757,792930,reconstructed,reconstructed
1923,45,377829,404680,782509,reconstructed,reconstructed
1923,46,376291,399101,775392,reconstructed,reconstructed
1923,47,381375,400958,782333,reconstructed,reconstructed
1923,48,366490,381308,747798,reconstructed,reconstructed
1923,49,348989,360771,709760,reconstructed,reconstructed
1923,50,336595,346704,683299,reconstructed,reconstructed
1923,51,309422,319195,628617,reconstructed,reconstructed
1923,52,286449,295153,581602,reconstructed,reconstructed
1923,53,310342,323335,633677,reconstructed,reconstructed
1923,54,288319,300423,588742,reconstructed,reconstructed
1923,55,274041,285686,559727,reconstructed,reconstructed
1923,56,262433,276356,538789,reconstructed,reconstructed
1923,57,256311,275093,531404,reconstructed,reconstructed
1923,58,241751,261928,503679,reconstructed,reconstructed
1923,59,236906,259521,496427,reconstructed,reconstructed
1923,60,221332,243013,464345,reconstructed,reconstructed
1923,61,201685,221585,423270,reconstructed,reconstructed
1923,62,194648,215890,410538,reconstructed,reconstructed
1923,63,191550,220719,412269,reconstructed,reconstructed
1923,64,180816,210589,391405,reconstructed,reconstructed
1923,65,165838,195064,360902,reconstructed,reconstructed
1923,66,146173,173819,319992,reconstructed,reconstructed
1923,67,136145,162996,299141,reconstructed,reconstructed
1923,68,121755,147965,269720,reconstructed,reconstructed
1923,69,121638,151104,272742,reconstructed,reconstructed
1923,70,105417,132738,238155,reconstructed,reconstructed
1923,71,100932,127683,228615,reconstructed,reconstructed
1923,72,92768,117385,210153,reconstructed,reconstructed
1923,73,84396,110954,195350,reconstructed,reconstructed
1923,74,74583,99227,173810,reconstructed,reconstructed
1923,75,58970,81341,140311,reconstructed,reconstructed
1923,76,51008,69235,120243,reconstructed,reconstructed
1923,77,46288,64241,110529,reconstructed,reconstructed
1923,78,42195,58957,101152,reconstructed,reconstructed
1923,79,34234,47830,82064,reconstructed,reconstructed
1923,80,29423,41992,71415,reconstructed,reconstructed
1923,81,24503,35833,60336,reconstructed,reconstructed
1923,82,19416,27584,47000,reconstructed,reconstructed
1923,83,16030,23236,39266,reconstructed,reconstructed
1923,84,11391,16660,28051,reconstructed,reconstructed
1923,85,8672,12878,21550,reconstructed,reconstructed
1923,86,6495,10101,16596,reconstructed,reconstructed
1923,87,4845,7752,12597,reconstructed,reconstructed
1923,88,3499,5807,9306,reconstructed,reconstructed
1923,89,2573,4338,6911,reconstructed,reconstructed
1923,90,1690,2827,4517,reconstructed,reconstructed
1923,91,0,0,0,reconstructed,reconstructed
1923,92,0,0,0,reconstructed,reconstructed
1923,93,0,0,0,reconstructed,reconstructed
1923,94,0,0,0,reconstructed,reconstructed
1923,95,0,0,0,reconstructed,reconstructed
1923,96,0,0,0,reconstructed,reconstructed
1923,97,0,0,0,reconstructed,reconstructed
1923,98,0,0,0,reconstructed,reconstructed
1923,99,0,0,0,reconstructed,reconstructed
1924,0,676774,630803,1307577,reconstructed,reconstructed
1924,1,591524,572488,1164012,reconstructed,reconstructed
1924,2,624782,606812,1231594,reconstructed,reconstructed
1924,3,643713,623343,1267056,reconstructed,reconstructed
1924,4,646369,623845,1270214,reconstructed,reconstructed
1924,5,334630,324800,659430,reconstructed,reconstructed
1924,6,314713,305660,620373,reconstructed,reconstructed
1924,7,339006,329608,668614,reconstructed,reconstructed
1924,8,385197,376614,761811,reconstructed,reconstructed
1924,9,574768,565517,1140285,reconstructed,reconstructed
1924,10,626239,615867,1242106,reconstructed,reconstructed
1924,11,643801,631762,1275563,reconstructed,reconstructed
1924,12,639780,633367,1273147,reconstructed,reconstructed
1924,13,644592,629432,1274024,reconstructed,reconstructed
1924,14,664340,655292,1319632,reconstructed,reconstructed
1924,15,673621,665795,1339416,reconstructed,reconstructed
1924,16,673465,664496,1337961,reconstructed,reconstructed
1924,17,663414,658625,1322039,reconstructed,reconstructed
1924,18,638947,639714,1278661,reconstructed,reconstructed
1924,19,631503,633590,1265093,reconstructed,reconstructed
1924,20,619534,622709,1242243,reconstructed,reconstructed
1924,21,632389,633694,1266083,reconstructed,reconstructed
1924,22,622285,627655,1249940,reconstructed,reconstructed
1924,23,599070,604944,1204014,reconstructed,reconstructed
1924,24,577183,602023,1179206,reconstructed,reconstructed
1924,25,517076,580726,1097802,reconstructed,reconstructed
1924,26,491481,575347,1066828,reconstructed,reconstructed
1924,27,460970,565301,1026271,reconstructed,reconstructed
1924,28,441377,557276,998653,reconstructed,reconstructed
1924,29,421003,545000,966003,reconstructed,reconstructed
1924,30,409438,531986,941424,reconstructed,reconstructed
1924,31,398868,512215,911083,reconstructed,reconstructed
1924,32,396981,500680,897661,reconstructed,reconstructed
1924,33,400790,497123,897913,reconstructed,reconstructed
1924,34,397229,486734,883963,reconstructed,reconstructed
1924,35,392965,475499,868464,reconstructed,reconstructed
1924,36,400736,475655,876391,reconstructed,reconstructed
1924,37,390907,456631,847538,reconstructed,reconstructed
1924,38,388608,451453,840061,reconstructed,reconstructed
1924,39,385892,440788,826680,reconstructed,reconstructed
1924,40,373107,421229,794336,reconstructed,reconstructed
1924,41,373025,416068,789093,reconstructed,reconstructed
1924,42,369867,407370,777237,reconstructed,reconstructed
1924,43,363928,393756,757684,reconstructed,reconstructed
1924,44,374388,407943,782331,reconstructed,reconstructed
1924,45,376979,408270,785249,reconstructed,reconstructed
1924,46,374763,399956,774719,reconstructed,reconstructed
1924,47,372953,395274,768227,reconstructed,reconstructed
1924,48,377860,396230,774090,reconstructed,reconstructed
1924,49,360243,375210,735453,reconstructed,reconstructed
1924,50,343132,354538,697670,reconstructed,reconstructed
1924,51,331511,342166,673677,reconstructed,reconstructed
1924,52,298910,308021,606931,reconstructed,reconstructed
1924,53,284752,294756,579508,reconstructed,reconstructed
1924,54,305994,319659,625653,reconstructed,reconstructed
1924,55,279830,291868,571698,reconstructed,reconstructed
1924,56,268352,280299,548651,reconstructed,reconstructed
1924,57,257038,271975,529013,reconstructed,reconstructed
1924,58,248810,267698,516508,reconstructed,reconstructed
1924,59,235724,256421,492145,reconstructed,reconstructed
1924,60,230343,253213,483556,reconstructed,reconstructed
1924,61,213941,235614,449555,reconstructed,reconstructed
1924,62,194536,214321,408857,reconstructed,reconstructed
1924,63,188895,210848,399743,reconstructed,reconstructed
1924,64,184030,213735,397765,reconstructed,reconstructed
1924,65,171957,200802,372759,reconstructed,reconstructed
1924,66,158119,187021,345140,reconstructed,reconstructed
1924,67,137883,165046,302929,reconstructed,reconstructed
1924,68,128541,153990,282531,reconstructed,reconstructed
1924,69,114839,141105,255944,reconstructed,reconstructed
1924,70,114029,141978,256007,reconstructed,reconstructed
1924,71,97357,123926,221283,reconstructed,reconstructed
1924,72,93384,118268,211652,reconstructed,reconstructed
1924,73,85276,109282,194558,reconstructed,reconstructed
1924,74,76253,100997,177250,reconstructed,reconstructed
1924,75,66802,90059,156861,reconstructed,reconstructed
1924,76,51616,71778,123394,reconstructed,reconstructed
1924,77,44946,61528,106474,reconstructed,reconstructed
1924,78,40452,56478,96930,reconstructed,reconstructed
1924,79,36254,51175,87429,reconstructed,reconstructed
1924,80,28848,40638,69486,reconstructed,reconstructed
1924,81,24695,35694,60389,reconstructed,reconstructed
1924,82,19883,29326,49209,reconstructed,reconstructed
1924,83,15718,22821,38539,reconstructed,reconstructed
1924,84,12481,18397,30878,reconstructed,reconstructed
1924,85,8727,13037,21764,reconstructed,reconstructed
1924,86,6556,9924,16480,reconstructed,reconstructed
1924,87,4864,7705,12569,reconstructed,reconstructed
1924,88,3506,5714,9220,reconstructed,reconstructed
1924,89,2479,4247,6726,reconstructed,reconstructed
1924,90,1780,3105,4885,reconstructed,reconstructed
1924,91,0,0,0,reconstructed,reconstructed
1924,92,0,0,0,reconstructed,reconstructed
1924,93,0,0,0,reconstructed,reconstructed
1924,94,0,0,0,reconstructed,reconstructed
1924,95,0,0,0,reconstructed,reconstructed
1924,96,0,0,0,reconstructed,reconstructed
1924,97,0,0,0,reconstructed,reconstructed
1924,98,0,0,0,reconstructed,reconstructed
1924,99,0,0,0,reconstructed,reconstructed
1925,0,601819,579674,1181493,original,original
1925,1,553973,534259,1088232,original,original
1925,2,572418,554747,1127165,original,original
1925,3,617247,599828,1217075,original,original
1925,4,638834,618718,1257552,original,original
1925,5,642633,620383,1263016,original,original
1925,6,341933,331111,673044,original,original
1925,7,310585,301340,611925,original,original
1925,8,340314,330924,671238,original,original
1925,9,387705,379584,767289,original,original
1925,10,590853,581512,1172365,original,original
1925,11,623407,612709,1236116,original,original
1925,12,642889,630053,1272942,original,original
1925,13,632400,626919,1259319,original,original
1925,14,644949,628138,1273087,original,original
1925,15,661711,652180,1313891,original,original
1925,16,669928,661727,1331655,original,original
1925,17,668162,659258,1327420,original,original
1925,18,656187,652989,1309176,original,original
1925,19,629214,631745,1260959,original,original
1925,20,623695,627767,1251462,original,original
1925,21,608913,613472,1222385,original,original
1925,22,628396,630239,1258635,original,original
1925,23,613461,618742,1232203,original,original
1925,24,590263,595587,1185850,original,original
1925,25,568247,593503,1161750,original,original
1925,26,512015,572649,1084664,original,original
1925,27,487884,565989,1053873,original,original
1925,28,459822,558746,1018568,original,original
1925,29,439970,548455,988425,original,original
1925,30,420658,538428,959086,original,original
1925,31,410039,525015,935054,original,original
1925,32,398149,504035,902184,original,original
1925,33,397212,494352,891564,original,original
1925,34,400851,490883,891734,original,original
1925,35,395952,481397,877349,original,original
1925,36,392192,469158,861350,original,original
1925,37,400568,470951,871519,original,original
1925,38,388616,450188,838804,original,original
1925,39,387428,447019,834447,original,original
1925,40,383868,435625,819493,original,original
1925,41,369699,414884,784583,original,original
1925,42,371821,412795,784616,original,original
1925,43,366986,401518,768504,original,original
1925,44,361046,389268,750314,original,original
1925,45,371726,405191,776917,original,original
1925,46,373530,403681,777211,original,original
1925,47,371459,395070,766529,original,original
1925,48,369334,391219,760553,original,original
1925,49,374021,391330,765351,original,original
1925,50,353760,369005,722765,original,original
1925,51,337026,348188,685214,original,original
1925,52,326152,337446,663598,original,original
1925,53,288305,296735,585040,original,original
1925,54,282694,294028,576722,original,original
1925,55,301352,315757,617109,original,original
1925,56,271093,283238,554331,original,original
1925,57,262297,274635,536932,original,original
1925,58,251305,267133,518438,original,original
1925,59,240972,259994,500966,original,original
1925,60,229397,250568,479965,original,original
1925,61,223525,246587,470112,original,original
1925,62,206147,227888,434035,original,original
1925,63,187115,206672,393787,original,original
1925,64,182807,205250,388057,original,original
1925,65,176126,206302,382428,original,original
1925,66,162996,190857,353853,original,original
1925,67,150310,178524,328834,original,original
1925,68,129499,156015,285514,original,original
1925,69,120680,144737,265417,original,original
1925,70,107705,133775,241480,original,original
1925,71,106339,132744,239083,original,original
1925,72,89236,114818,204054,original,original
1925,73,85652,108609,194261,original,original
1925,74,77799,101040,178839,original,original
1925,75,68259,91281,159540,original,original
1925,76,59145,80964,140109,original,original
1925,77,44721,62489,107210,original,original
1925,78,39269,54138,93407,original,original
1925,79,34830,49121,83951,original,original
1925,80,30691,43771,74462,original,original
1925,81,24038,34104,58142,original,original
1925,82,20319,29810,50129,original,original
1925,83,15766,23496,39262,original,original
1925,84,12470,18590,31060,original,original
1925,85,9555,14397,23952,original,original
1925,86,6589,10024,16613,original,original
1925,87,4846,7461,12307,original,original
1925,88,3559,5774,9333,original,original
1925,89,2485,4134,6619,original,original
1925,90,1699,3023,4722,original,original
1925,91,0,0,0,original,original
1925,92,0,0,0,original,original
1925,93,0,0,0,original,original
1925,94,0,0,0,original,original
1925,95,0,0,0,original,original
1925,96,0,0,0,original,original
1925,97,0,0,0,original,original
1925,98,0,0,0,original,original
1925,99,0,0,0,original,original
1926,0,704997,660707,1365704,reconstructed,reconstructed
1926,1,506882,502960,1009842,reconstructed,reconstructed
1926,2,540626,522239,1062865,reconstructed,reconstructed
1926,3,566095,548714,1114809,reconstructed,reconstructed
1926,4,610607,593471,1204078,reconstructed,reconstructed
1926,5,636073,616072,1252145,reconstructed,reconstructed
1926,6,642214,620227,1262441,reconstructed,reconstructed
1926,7,360717,348638,709355,reconstructed,reconstructed
1926,8,312950,303386,616336,reconstructed,reconstructed
1926,9,337320,327670,664990,reconstructed,reconstructed
1926,10,383493,374941,758434,reconstructed,reconstructed
1926,11,575407,566226,1141633,reconstructed,reconstructed
1926,12,620645,610688,1231333,reconstructed,reconstructed
1926,13,639112,627115,1266227,reconstructed,reconstructed
1926,14,632728,626728,1259456,reconstructed,reconstructed
1926,15,639322,624110,1263432,reconstructed,reconstructed
1926,16,657467,648521,1305988,reconstructed,reconstructed
1926,17,665629,658307,1323936,reconstructed,reconstructed
1926,18,664717,656979,1321696,reconstructed,reconstructed
1926,19,652510,649865,1302375,reconstructed,reconstructed
1926,20,628244,631170,1259414,reconstructed,reconstructed
1926,21,620452,624823,1245275,reconstructed,reconstructed
1926,22,607939,612921,1220860,reconstructed,reconstructed
1926,23,622871,625713,1248584,reconstructed,reconstructed
1926,24,612033,617397,1229430,reconstructed,reconstructed
1926,25,589942,594882,1184824,reconstructed,reconstructed
1926,26,568281,591381,1159662,reconstructed,reconstructed
1926,27,513329,571491,1084820,reconstructed,reconstructed
1926,28,488768,565770,1054538,reconstructed,reconstructed
1926,29,460046,557275,1017321,reconstructed,reconstructed
1926,30,440492,548589,989081,reconstructed,reconstructed
1926,31,419961,536616,956577,reconstructed,reconstructed
1926,32,408664,523555,932219,reconstructed,reconstructed
1926,33,398379,504784,903163,reconstructed,reconstructed
1926,34,395911,493175,889086,reconstructed,reconstructed
1926,35,399629,489803,889432,reconstructed,reconstructed
1926,36,394035,478816,872851,reconstructed,reconstructed
1926,37,390878,467852,858730,reconstructed,reconstructed
1926,38,398593,468937,867530,reconstructed,reconstructed
1926,39,387957,449655,837612,reconstructed,reconstructed
1926,40,385380,444728,830108,reconstructed,reconstructed
1926,41,382091,433739,815830,reconstructed,reconstructed
1926,42,368736,414123,782859,reconstructed,reconstructed
1926,43,369331,410511,779842,reconstructed,reconstructed
1926,44,365579,400773,766352,reconstructed,reconstructed
1926,45,359205,387733,746938,reconstructed,reconstructed
1926,46,368402,401564,769966,reconstructed,reconstructed
1926,47,371094,401103,772197,reconstructed,reconstructed
1926,48,368859,393074,761933,reconstructed,reconstructed
1926,49,366795,388551,755346,reconstructed,reconstructed
1926,50,370341,388647,758988,reconstructed,reconstructed
1926,51,351727,367145,718872,reconstructed,reconstructed
1926,52,334639,346519,681158,reconstructed,reconstructed
1926,53,323246,335143,658389,reconstructed,reconstructed
1926,54,290039,299634,589673,reconstructed,reconstructed
1926,55,277003,288347,565350,reconstructed,reconstructed
1926,56,296236,311281,607517,reconstructed,reconstructed
1926,57,269578,282376,551954,reconstructed,reconstructed
1926,58,258882,272117,530999,reconstructed,reconstructed
1926,59,247312,263770,511082,reconstructed,reconstructed
1926,60,238015,257975,495990,reconstructed,reconstructed
1926,61,224947,246641,471588,reconstructed,reconstructed
1926,62,218432,242594,461026,reconstructed,reconstructed
1926,63,202085,225096,427181,reconstructed,reconstructed
1926,64,183154,203768,386922,reconstructed,reconstructed
1926,65,177051,199882,376933,reconstructed,reconstructed
1926,66,170910,201138,372048,reconstructed,reconstructed
1926,67,158338,186696,345034,reconstructed,reconstructed
1926,68,145184,173465,318649,reconstructed,reconstructed
1926,69,125456,151825,277281,reconstructed,reconstructed
1926,70,115689,140270,255959,reconstructed,reconstructed
1926,71,102692,127927,230619,reconstructed,reconstructed
1926,72,100498,126774,227272,reconstructed,reconstructed
1926,73,84856,109788,194644,reconstructed,reconstructed
1926,74,80149,102961,183110,reconstructed,reconstructed
1926,75,72154,94436,166590,reconstructed,reconstructed
1926,76,63163,85856,149019,reconstructed,reconstructed
1926,77,54118,74613,128731,reconstructed,reconstructed
1926,78,41274,58357,99631,reconstructed,reconstructed
1926,79,35215,49143,84358,reconstructed,reconstructed
1926,80,30830,44093,74923,reconstructed,reconstructed
1926,81,27138,38834,65972,reconstructed,reconstructed
1926,82,20932,30062,50994,reconstructed,reconstructed
1926,83,17280,25721,43001,reconstructed,reconstructed
1926,84,12427,18893,31320,reconstructed,reconstructed
1926,85,9667,14780,24447,reconstructed,reconstructed
1926,86,7301,11250,18551,reconstructed,reconstructed
1926,87,4923,7644,12567,reconstructed,reconstructed
1926,88,3537,5590,9127,reconstructed,reconstructed
1926,89,2544,4246,6790,reconstructed,reconstructed
1926,90,1719,2959,4678,reconstructed,reconstructed
1926,91,0,0,0,reconstructed,reconstructed
1926,92,0,0,0,reconstructed,reconstructed
1926,93,0,0,0,reconstructed,reconstructed
1926,94,0,0,0,reconstructed,reconstructed
1926,95,0,0,0,reconstructed,reconstructed
1926,96,0,0,0,reconstructed,reconstructed
1926,97,0,0,0,reconstructed,reconstructed
1926,98,0,0,0,reconstructed,reconstructed
1926,99,0,0,0,reconstructed,reconstructed
1927,0,676386,634052,1310438,reconstructed,reconstructed
1927,1,577075,559586,1136661,reconstructed,reconstructed
1927,2,504312,499006,1003318,reconstructed,reconstructed
1927,3,538598,520712,1059310,reconstructed,reconstructed
1927,4,562380,544992,1107372,reconstructed,reconstructed
1927,5,605128,588282,1193410,reconstructed,reconstructed
1927,6,634201,614188,1248389,reconstructed,reconstructed
1927,7,642302,620534,1262836,reconstructed,reconstructed
1927,8,379563,366242,745805,reconstructed,reconstructed
1927,9,315439,305545,620984,reconstructed,reconstructed
1927,10,334437,324513,658950,reconstructed,reconstructed
1927,11,379356,370369,749725,reconstructed,reconstructed
1927,12,560093,551049,1111142,reconstructed,reconstructed
1927,13,617984,608680,1226664,reconstructed,reconstructed
1927,14,635278,624067,1259345,reconstructed,reconstructed
1927,15,632863,626364,1259227,reconstructed,reconstructed
1927,16,633476,619943,1253419,reconstructed,reconstructed
1927,17,652907,644702,1297609,reconstructed,reconstructed
1927,18,661038,654770,1315808,reconstructed,reconstructed
1927,19,661010,654570,1315580,reconstructed,reconstructed
1927,20,648598,646605,1295203,reconstructed,reconstructed
1927,21,627164,630501,1257665,reconstructed,reconstructed
1927,22,617208,621774,1238982,reconstructed,reconstructed
1927,23,606962,612260,1219222,reconstructed,reconstructed
1927,24,617440,621114,1238554,reconstructed,reconstructed
1927,25,610586,615860,1226446,reconstructed,reconstructed
1927,26,589558,593998,1183556,reconstructed,reconstructed
1927,27,568268,589164,1157432,reconstructed,reconstructed
1927,28,514623,570306,1084929,reconstructed,reconstructed
1927,29,489647,565543,1055190,reconstructed,reconstructed
1927,30,460206,555681,1015887,reconstructed,reconstructed
1927,31,440909,548578,989487,reconstructed,reconstructed
1927,32,419192,534797,953989,reconstructed,reconstructed
1927,33,407235,522053,929288,reconstructed,reconstructed
1927,34,398518,505462,903980,reconstructed,reconstructed
1927,35,394497,491856,886353,reconstructed,reconstructed
1927,36,398283,488492,886775,reconstructed,reconstructed
1927,37,392048,476177,868225,reconstructed,reconstructed
1927,38,389389,466551,855940,reconstructed,reconstructed
1927,39,396419,466901,863320,reconstructed,reconstructed
1927,40,387131,449019,836150,reconstructed,reconstructed
1927,41,383140,442394,825534,reconstructed,reconstructed
1927,42,380153,431849,812002,reconstructed,reconstructed
1927,43,367585,413265,780850,reconstructed,reconstructed
1927,44,366659,408172,774831,reconstructed,reconstructed
1927,45,363944,399972,763916,reconstructed,reconstructed
1927,46,357097,386058,743155,reconstructed,reconstructed
1927,47,364852,397757,762609,reconstructed,reconstructed
1927,48,368359,398271,766630,reconstructed,reconstructed
1927,49,365920,390857,756777,reconstructed,reconstructed
1927,50,363910,385699,749609,reconstructed,reconstructed
1927,51,366314,385748,752062,reconstructed,reconstructed
1927,52,349297,365024,714321,reconstructed,reconstructed
1927,53,331830,344462,676292,reconstructed,reconstructed
1927,54,319966,332511,652477,reconstructed,reconstructed
1927,55,291270,302144,593414,reconstructed,reconstructed
1927,56,270955,282510,553465,reconstructed,reconstructed
1927,57,290664,306450,597114,reconstructed,reconstructed
1927,58,267510,280906,548416,reconstructed,reconstructed
1927,59,254888,269093,523981,reconstructed,reconstructed
1927,60,242875,259955,502830,reconstructed,reconstructed
1927,61,234567,255430,489997,reconstructed,reconstructed
1927,62,219860,242181,462041,reconstructed,reconstructed
1927,63,212829,237933,450762,reconstructed,reconstructed
1927,64,197508,221554,419062,reconstructed,reconstructed
1927,65,178525,200185,378710,reconstructed,reconstructed
1927,66,170896,194039,364935,reconstructed,reconstructed
1927,67,165303,195206,360509,reconstructed,reconstructed
1927,68,153085,181738,334823,reconstructed,reconstructed
1927,69,139392,167638,307030,reconstructed,reconstructed
1927,70,120758,146791,267549,reconstructed,reconstructed
1927,71,110266,135170,245436,reconstructed,reconstructed
1927,72,97128,121362,218490,reconstructed,reconstructed
1927,73,94110,119961,214071,reconstructed,reconstructed
1927,74,79979,104140,184119,reconstructed,reconstructed
1927,75,74251,96813,171064,reconstructed,reconstructed
1927,76,66097,87368,153465,reconstructed,reconstructed
1927,77,57793,79571,137364,reconstructed,reconstructed
1927,78,49034,68000,117034,reconstructed,reconstructed
1927,79,37428,53743,91171,reconstructed,reconstructed
1927,80,31065,43889,74954,reconstructed,reconstructed
1927,81,26940,39028,65968,reconstructed,reconstructed
1927,82,23464,33787,57251,reconstructed,reconstructed
1927,83,17761,25874,43635,reconstructed,reconstructed
1927,84,14360,21792,36152,reconstructed,reconstructed
1927,85,9633,15021,24654,reconstructed,reconstructed
1927,86,7386,11548,18934,reconstructed,reconstructed
1927,87,5454,8578,14032,reconstructed,reconstructed
1927,88,3593,5726,9319,reconstructed,reconstructed
1927,89,2528,4111,6639,reconstructed,reconstructed
1927,90,1760,3039,4799,reconstructed,reconstructed
1927,91,0,0,0,reconstructed,reconstructed
1927,92,0,0,0,reconstructed,reconstructed
1927,93,0,0,0,reconstructed,reconstructed
1927,94,0,0,0,reconstructed,reconstructed
1927,95,0,0,0,reconstructed,reconstructed
1927,96,0,0,0,reconstructed,reconstructed
1927,97,0,0,0,reconstructed,reconstructed
1927,98,0,0,0,reconstructed,reconstructed
1927,99,0,0,0,reconstructed,reconstructed
1928,0,688655,645551,1334206,reconstructed,reconstructed
1928,1,553656,537010,1090666,reconstructed,reconstructed
1928,2,558435,542245,1100680,reconstructed,reconstructed
1928,3,511866,504761,1016627,reconstructed,reconstructed
1928,4,538973,521299,1060272,reconstructed,reconstructed
1928,5,559701,542315,1102016,reconstructed,reconstructed
1928,6,600524,583847,1184371,reconstructed,reconstructed
1928,7,632842,612777,1245619,reconstructed,reconstructed
1928,8,642722,621181,1263903,reconstructed,reconstructed
1928,9,398470,383898,782368,reconstructed,reconstructed
1928,10,318006,307768,625774,reconstructed,reconstructed
1928,11,331615,321413,653028,reconstructed,reconstructed
1928,12,375281,365845,741126,reconstructed,reconstructed
1928,13,544922,535938,1080860,reconstructed,reconstructed
1928,14,615263,606561,1221824,reconstructed,reconstructed
1928,15,631266,620862,1252128,reconstructed,reconstructed
1928,16,632752,625842,1258594,reconstructed,reconstructed
1928,17,627336,615627,1242963,reconstructed,reconstructed
1928,18,648063,640773,1288836,reconstructed,reconstructed
1928,19,656196,651112,1307308,reconstructed,reconstructed
1928,20,657064,652019,1309083,reconstructed,reconstructed
1928,21,644598,643270,1287868,reconstructed,reconstructed
1928,22,626061,629709,1255770,reconstructed,reconstructed
1928,23,613980,618634,1232614,reconstructed,reconstructed
1928,24,606034,611496,1217530,reconstructed,reconstructed
1928,25,612027,616352,1228379,reconstructed,reconstructed
1928,26,609085,614145,1223230,reconstructed,reconstructed
1928,27,589128,593006,1182134,reconstructed,reconstructed
1928,28,568247,586931,1155178,reconstructed,reconstructed
1928,29,515910,569124,1085034,reconstructed,reconstructed
1928,30,490452,565179,1055631,reconstructed,reconstructed
1928,31,460261,553960,1014221,reconstructed,reconstructed
1928,32,441240,548540,989780,reconstructed,reconstructed
1928,33,418362,532938,951300,reconstructed,reconstructed
1928,34,405732,520503,926235,reconstructed,reconstructed
1928,35,398528,505972,904500,reconstructed,reconstructed
1928,36,392964,490307,883271,reconstructed,reconstructed
1928,37,396859,487104,883963,reconstructed,reconstructed
1928,38,389893,473561,863454,reconstructed,reconstructed
1928,39,387699,465219,852918,reconstructed,reconstructed
1928,40,394096,464778,858874,reconstructed,reconstructed
1928,41,386091,448315,834406,reconstructed,reconstructed
1928,42,380745,440062,820807,reconstructed,reconstructed
1928,43,378036,429873,807909,reconstructed,reconstructed
1928,44,366227,412331,778558,reconstructed,reconstructed
1928,45,363784,405800,769584,reconstructed,reconstructed
1928,46,362034,399016,761050,reconstructed,reconstructed
1928,47,354744,384180,738924,reconstructed,reconstructed
1928,48,361034,393719,754753,reconstructed,reconstructed
1928,49,365289,395229,760518,reconstructed,reconstructed
1928,50,362648,388445,751093,reconstructed,reconstructed
1928,51,360663,382637,743300,reconstructed,reconstructed
1928,52,361934,382595,744529,reconstructed,reconstructed
1928,53,346425,362503,708928,reconstructed,reconstructed
1928,54,328632,342059,670691,reconstructed,reconstructed
1928,55,316330,329611,645941,reconstructed,reconstructed
1928,56,291830,304242,596072,reconstructed,reconstructed
1928,57,264552,276407,540959,reconstructed,reconstructed
1928,58,284686,301096,585782,reconstructed,reconstructed
1928,59,264768,278869,543637,reconstructed,reconstructed
1928,60,250428,265589,516017,reconstructed,reconstructed
1928,61,238020,255691,493711,reconstructed,reconstructed
1928,62,230378,252256,482634,reconstructed,reconstructed
1928,63,214256,237081,451337,reconstructed,reconstructed
1928,64,206783,232583,439366,reconstructed,reconstructed
1928,65,192235,217299,409534,reconstructed,reconstructed
1928,66,173391,195996,369387,reconstructed,reconstructed
1928,67,164439,187525,351964,reconstructed,reconstructed
1928,68,159151,188582,347733,reconstructed,reconstructed
1928,69,147113,175944,323057,reconstructed,reconstructed
1928,70,133026,161008,294034,reconstructed,reconstructed
1928,71,115543,141136,256679,reconstructed,reconstructed
1928,72,104258,129175,233433,reconstructed,reconstructed
1928,73,91024,114111,205135,reconstructed,reconstructed
1928,74,87426,112677,200103,reconstructed,reconstructed
1928,75,74598,97976,172574,reconstructed,reconstructed
1928,76,67947,90078,158025,reconstructed,reconstructed
1928,77,59907,79730,139637,reconstructed,reconstructed
1928,78,52362,72901,125263,reconstructed,reconstructed
1928,79,43719,61242,104961,reconstructed,reconstructed
1928,80,33356,48632,81988,reconstructed,reconstructed
1928,81,27061,38665,65726,reconstructed,reconstructed
1928,82,23042,33882,56924,reconstructed,reconstructed
1928,83,19782,28737,48519,reconstructed,reconstructed
1928,84,14729,21874,36603,reconstructed,reconstructed
1928,85,11704,18208,29912,reconstructed,reconstructed
1928,86,7361,11737,19098,reconstructed,reconstructed
1928,87,5518,8806,14324,reconstructed,reconstructed
1928,88,3981,6426,10407,reconstructed,reconstructed
1928,89,2568,4211,6779,reconstructed,reconstructed
1928,90,1749,2942,4691,reconstructed,reconstructed
1928,91,0,0,0,reconstructed,reconstructed
1928,92,0,0,0,reconstructed,reconstructed
1928,93,0,0,0,reconstructed,reconstructed
1928,94,0,0,0,reconstructed,reconstructed
1928,95,0,0,0,reconstructed,reconstructed
1928,96,0,0,0,reconstructed,reconstructed
1928,97,0,0,0,reconstructed,reconstructed
1928,98,0,0,0,reconstructed,reconstructed
1928,99,0,0,0,reconstructed,reconstructed
1929,0,666372,623565,1289937,reconstructed,reconstructed
1929,1,563698,546750,1110448,reconstructed,reconstructed
1929,2,535773,520368,1056141,reconstructed,reconstructed
1929,3,551701,536003,1087704,reconstructed,reconstructed
1929,4,521519,512430,1033949,reconstructed,reconstructed
1929,5,540289,522832,1063121,reconstructed,reconstructed
1929,6,557809,540312,1098121,reconstructed,reconstructed
1929,7,596428,579882,1176310,reconstructed,reconstructed
1929,8,631820,611711,1243531,reconstructed,reconstructed
1929,9,643425,622079,1265504,reconstructed,reconstructed
1929,10,417397,401561,818958,reconstructed,reconstructed
1929,11,320607,310023,630630,reconstructed,reconstructed
1929,12,328843,318351,647194,reconstructed,reconstructed
1929,13,371276,361343,732619,reconstructed,reconstructed
1929,14,529748,520790,1050538,reconstructed,reconstructed
1929,15,612367,604286,1216653,reconstructed,reconstructed
1929,16,627031,617515,1244546,reconstructed,reconstructed
1929,17,632313,625148,1257461,reconstructed,reconstructed
1929,18,620935,611210,1232145,reconstructed,reconstructed
1929,19,642976,636728,1279704,reconstructed,reconstructed
1929,20,651127,647323,1298450,reconstructed,reconstructed
1929,21,653029,649387,1302416,reconstructed,reconstructed
1929,22,640602,639830,1280432,reconstructed,reconstructed
1929,23,624954,628804,1253758,reconstructed,reconstructed
1929,24,610824,615410,1226234,reconstructed,reconstructed
1929,25,605085,610536,1215621,reconstructed,reconstructed
1929,26,606597,611443,1218040,reconstructed,reconstructed
1929,27,607548,612328,1219876,reconstructed,reconstructed
1929,28,588696,591985,1180681,reconstructed,reconstructed
1929,29,568231,584712,1152943,reconstructed,reconstructed
1929,30,517115,567814,1084929,reconstructed,reconstructed
1929,31,491139,564671,1055810,reconstructed,reconstructed
1929,32,460230,552229,1012459,reconstructed,reconstructed
1929,33,441494,548440,989934,reconstructed,reconstructed
1929,34,417448,531034,948482,reconstructed,reconstructed
1929,35,404115,518808,922923,reconstructed,reconstructed
1929,36,398400,506223,904623,reconstructed,reconstructed
1929,37,391355,488684,880039,reconstructed,reconstructed
1929,38,395258,485722,880980,reconstructed,reconstructed
1929,39,387547,470930,858477,reconstructed,reconstructed
1929,40,385858,463790,849648,reconstructed,reconstructed
1929,41,391580,462605,854185,reconstructed,reconstructed
1929,42,384876,447590,832466,reconstructed,reconstructed
1929,43,378180,437648,815828,reconstructed,reconstructed
1929,44,375725,427834,803559,reconstructed,reconstructed
1929,45,364641,411342,775983,reconstructed,reconstructed
1929,46,360659,403295,763954,reconstructed,reconstructed
1929,47,359870,397837,757707,reconstructed,reconstructed
1929,48,352104,382048,734152,reconstructed,reconstructed
1929,49,356918,389497,746415,reconstructed,reconstructed
1929,50,361890,392007,753897,reconstructed,reconstructed
1929,51,359027,385812,744839,reconstructed,reconstructed
1929,52,357044,379327,736371,reconstructed,reconstructed
1929,53,357158,379046,736204,reconstructed,reconstructed
1929,54,343143,359626,702769,reconstructed,reconstructed
1929,55,325061,339371,664432,reconstructed,reconstructed
1929,56,312169,326428,638597,reconstructed,reconstructed
1929,57,291691,305788,597479,reconstructed,reconstructed
1929,58,257842,269894,527736,reconstructed,reconstructed
1929,59,278186,295280,573466,reconstructed,reconstructed
1929,60,261464,276289,537753,reconstructed,reconstructed
1929,61,245531,261609,507140,reconstructed,reconstructed
1929,62,232500,250884,483384,reconstructed,reconstructed
1929,63,225568,248335,473903,reconstructed,reconstructed
1929,64,208203,231321,439524,reconstructed,reconstructed
1929,65,200110,226594,426704,reconstructed,reconstructed
1929,66,186442,212412,398854,reconstructed,reconstructed
1929,67,167846,190992,358838,reconstructed,reconstructed
1929,68,157526,180416,337942,reconstructed,reconstructed
1929,69,152326,181231,333557,reconstructed,reconstructed
1929,70,140519,169272,309791,reconstructed,reconstructed
1929,71,126242,153824,280066,reconstructed,reconstructed
1929,72,109649,134589,244238,reconstructed,reconstructed
1929,73,97675,122311,219986,reconstructed,reconstructed
1929,74,84621,106529,191150,reconstructed,reconstructed
1929,75,80434,105029,185463,reconstructed,reconstructed
1929,76,68700,91208,159908,reconstructed,reconstructed
1929,77,61523,82646,144169,reconstructed,reconstructed
1929,78,53798,71996,125794,reconstructed,reconstructed
1929,79,46685,65978,112663,reconstructed,reconstructed
1929,80,38362,54295,92657,reconstructed,reconstructed
1929,81,29330,43362,72692,reconstructed,reconstructed
1929,82,23079,33422,56501,reconstructed,reconstructed
1929,83,19234,28762,47996,reconstructed,reconstructed
1929,84,16310,24033,40343,reconstructed,reconstructed
1929,85,11983,18240,30223,reconstructed,reconstructed
1929,86,9381,14917,24298,reconstructed,reconstructed
1929,87,5499,8950,14449,reconstructed,reconstructed
1929,88,4027,6597,10624,reconstructed,reconstructed
1929,89,2846,4726,7572,reconstructed,reconstructed
1929,90,1777,3014,4791,reconstructed,reconstructed
1929,91,0,0,0,reconstructed,reconstructed
1929,92,0,0,0,reconstructed,reconstructed
1929,93,0,0,0,reconstructed,reconstructed
1929,94,0,0,0,reconstructed,reconstructed
1929,95,0,0,0,reconstructed,reconstructed
1929,96,0,0,0,reconstructed,reconstructed
1929,97,0,0,0,reconstructed,reconstructed
1929,98,0,0,0,reconstructed,reconstructed
1929,99,0,0,0,reconstructed,reconstructed
1930,0,660614,615266,1275880,reconstructed,reconstructed
1930,1,545459,528129,1073588,reconstructed,reconstructed
1930,2,545491,529806,1075297,reconstructed,reconstructed
1930,3,529311,514379,1043690,reconstructed,reconstructed
1930,4,547519,532026,1079545,reconstructed,reconstructed
1930,5,531959,520936,1052895,reconstructed,reconstructed
1930,6,542324,524975,1067299,reconstructed,reconstructed
1930,7,556368,538728,1095096,reconstructed,reconstructed
1930,8,592669,576262,1168931,reconstructed,reconstructed
1930,9,631083,610904,1241987,reconstructed,reconstructed
1930,10,644306,623125,1267431,reconstructed,reconstructed
1930,11,436298,419198,855496,reconstructed,reconstructed
1930,12,323234,312291,635525,reconstructed,reconstructed
1930,13,326130,315304,641434,reconstructed,reconstructed
1930,14,367244,356789,724033,reconstructed,reconstructed
1930,15,514479,505572,1020051,reconstructed,reconstructed
1930,16,609248,601867,1211115,reconstructed,reconstructed
1930,17,622495,614015,1236510,reconstructed,reconstructed
1930,18,631573,624327,1255900,reconstructed,reconstructed
1930,19,614315,606688,1221003,reconstructed,reconstructed
1930,20,637669,632557,1270226,reconstructed,reconstructed
1930,21,645980,643462,1289442,reconstructed,reconstructed
1930,22,648998,646643,1295641,reconstructed,reconstructed
1930,23,636629,636298,1272927,reconstructed,reconstructed
1930,24,623900,627796,1251696,reconstructed,reconstructed
1930,25,607665,612012,1219677,reconstructed,reconstructed
1930,26,604076,609394,1213470,reconstructed,reconstructed
1930,27,601167,606463,1207630,reconstructed,reconstructed
1930,28,606017,610488,1216505,reconstructed,reconstructed
1930,29,588271,590964,1179235,reconstructed,reconstructed
1930,30,568139,582370,1150509,reconstructed,reconstructed
1930,31,518192,566370,1084562,reconstructed,reconstructed
1930,32,491728,564140,1055868,reconstructed,reconstructed
1930,33,460122,550457,1010579,reconstructed,reconstructed
1930,34,441647,548273,989920,reconstructed,reconstructed
1930,35,416410,528986,945396,reconstructed,reconstructed
1930,36,402378,516875,919253,reconstructed,reconstructed
1930,37,398178,506372,904550,reconstructed,reconstructed
1930,38,389575,487071,876646,reconstructed,reconstructed
1930,39,393454,484307,877761,reconstructed,reconstructed
1930,40,385059,468218,853277,reconstructed,reconstructed
1930,41,383820,462302,846122,reconstructed,reconstructed
1930,42,388911,460431,849342,reconstructed,reconstructed
1930,43,383467,446759,830226,reconstructed,reconstructed
1930,44,375430,435175,810605,reconstructed,reconstructed
1930,45,373197,425754,798951,reconstructed,reconstructed
1930,46,362776,410195,772971,reconstructed,reconstructed
1930,47,357310,400590,757900,reconstructed,reconstructed
1930,48,357411,396381,753792,reconstructed,reconstructed
1930,49,349146,379704,728850,reconstructed,reconstructed
1930,50,352512,385122,737634,reconstructed,reconstructed
1930,51,358146,388578,746724,reconstructed,reconstructed
1930,52,355048,382919,737967,reconstructed,reconstructed
1930,53,353012,375628,728640,reconstructed,reconstructed
1930,54,352025,375148,727173,reconstructed,reconstructed
1930,55,339470,356461,695931,reconstructed,reconstructed
1930,56,320944,336382,657326,reconstructed,reconstructed
1930,57,307473,322824,630297,reconstructed,reconstructed
1930,58,290881,306589,597470,reconstructed,reconstructed
1930,59,250728,263033,513761,reconstructed,reconstructed
1930,60,271298,289044,560342,reconstructed,reconstructed
1930,61,257623,273165,530788,reconstructed,reconstructed
1930,62,239941,257055,496996,reconstructed,reconstructed
1930,63,226445,245424,471869,reconstructed,reconstructed
1930,64,220202,243637,463839,reconstructed,reconstructed
1930,65,201516,224955,426471,reconstructed,reconstructed
1930,66,193000,220059,413059,reconstructed,reconstructed
1930,67,180234,206671,386905,reconstructed,reconstructed
1930,68,161731,185239,346970,reconstructed,reconstructed
1930,69,150036,172687,322723,reconstructed,reconstructed
1930,70,144932,173123,318055,reconstructed,reconstructed
1930,71,133467,161984,295451,reconstructed,reconstructed
1930,72,118869,145798,264667,reconstructed,reconstructed
1930,73,103086,127178,230264,reconstructed,reconstructed
1930,74,90776,114953,205729,reconstructed,reconstructed
1930,75,77909,98719,176628,reconstructed,reconstructed
1930,76,73122,96920,170042,reconstructed,reconstructed
1930,77,62580,83724,146304,reconstructed,reconstructed
1930,78,55197,75010,130207,reconstructed,reconstructed
1930,79,47566,64278,111844,reconstructed,reconstructed
1930,80,40963,58762,99725,reconstructed,reconstructed
1930,81,33251,47506,80757,reconstructed,reconstructed
1930,82,25231,37898,63129,reconstructed,reconstructed
1930,83,19214,28257,47471,reconstructed,reconstructed
1930,84,15714,24009,39723,reconstructed,reconstructed
1930,85,13199,19843,33042,reconstructed,reconstructed
1930,86,9589,14916,24505,reconstructed,reconstructed
1930,87,7336,11900,19236,reconstructed,reconstructed
1930,88,4013,6705,10718,reconstructed,reconstructed
1930,89,2879,4852,7731,reconstructed,reconstructed
1930,90,1969,3383,5352,reconstructed,reconstructed
1930,91,0,0,0,reconstructed,reconstructed
1930,92,0,0,0,reconstructed,reconstructed
1930,93,0,0,0,reconstructed,reconstructed
1930,94,0,0,0,reconstructed,reconstructed
1930,95,0,0,0,reconstructed,reconstructed
1930,96,0,0,0,reconstructed,reconstructed
1930,97,0,0,0,reconstructed,reconstructed
1930,98,0,0,0,reconstructed,reconstructed
1930,99,0,0,0,reconstructed,reconstructed
1931,0,593781,554696,1148477,reconstructed,reconstructed
1931,1,540746,521100,1061846,reconstructed,reconstructed
1931,2,527841,511762,1039603,reconstructed,reconstructed
1931,3,538912,523708,1062620,reconstructed,reconstructed
1931,4,525299,510562,1035861,reconstructed,reconstructed
1931,5,544354,529074,1073428,reconstructed,reconstructed
1931,6,543013,529982,1072995,reconstructed,reconstructed
1931,7,544768,527492,1072260,reconstructed,reconstructed
1931,8,555226,537450,1092676,reconstructed,reconstructed
1931,9,589193,572899,1162092,reconstructed,reconstructed
1931,10,630529,610250,1240779,reconstructed,reconstructed
1931,11,645277,624250,1269527,reconstructed,reconstructed
1931,12,455171,436791,891962,reconstructed,reconstructed
1931,13,325898,314552,640450,reconstructed,reconstructed
1931,14,323391,312208,635599,reconstructed,reconstructed
1931,15,363119,352160,715279,reconstructed,reconstructed
1931,16,499087,490306,989393,reconstructed,reconstructed
1931,17,605832,599295,1205127,reconstructed,reconstructed
1931,18,617691,610409,1228100,reconstructed,reconstructed
1931,19,630564,623374,1253938,reconstructed,reconstructed
1931,20,607500,602050,1209550,reconstructed,reconstructed
1931,21,632289,628321,1260610,reconstructed,reconstructed
1931,22,640848,639499,1280347,reconstructed,reconstructed
1931,23,644991,643800,1288791,reconstructed,reconstructed
1931,24,632736,632683,1265419,reconstructed,reconstructed
1931,25,622825,626589,1249414,reconstructed,reconstructed
1931,26,604469,608455,1212924,reconstructed,reconstructed
1931,27,603027,608144,1211171,reconstructed,reconstructed
1931,28,595782,601495,1197277,reconstructed,reconstructed
1931,29,604506,608656,1213162,reconstructed,reconstructed
1931,30,587773,589808,1177581,reconstructed,reconstructed
1931,31,567921,579903,1147824,reconstructed,reconstructed
1931,32,519162,564913,1084075,reconstructed,reconstructed
1931,33,492228,563552,1055780,reconstructed,reconstructed
1931,34,459914,548636,1008550,reconstructed,reconstructed
1931,35,441657,547935,989592,reconstructed,reconstructed
1931,36,415241,526699,941940,reconstructed,reconstructed
1931,37,400566,514866,915432,reconstructed,reconstructed
1931,38,397763,506506,904269,reconstructed,reconstructed
1931,39,387598,485428,873026,reconstructed,reconstructed
1931,40,391497,482792,874289,reconstructed,reconstructed
1931,41,382385,465466,847851,reconstructed,reconstructed
1931,42,381624,460803,842427,reconstructed,reconstructed
1931,43,386071,458167,844238,reconstructed,reconstructed
1931,44,381848,445843,827691,reconstructed,reconstructed
1931,45,372471,432667,805138,reconstructed,reconstructed
1931,46,370405,423527,793932,reconstructed,reconstructed
1931,47,360657,408823,769480,reconstructed,reconstructed
1931,48,353695,397632,751327,reconstructed,reconstructed
1931,49,354622,394691,749313,reconstructed,reconstructed
1931,50,345874,377176,723050,reconstructed,reconstructed
1931,51,347801,380568,728369,reconstructed,reconstructed
1931,52,354050,384904,738954,reconstructed,reconstructed
1931,53,350670,379622,730292,reconstructed,reconstructed
1931,54,348603,371589,720192,reconstructed,reconstructed
1931,55,346560,370974,717534,reconstructed,reconstructed
1931,56,335225,352989,688214,reconstructed,reconstructed
1931,57,316270,332952,649222,reconstructed,reconstructed
1931,58,302290,318617,620907,reconstructed,reconstructed
1931,59,289265,306678,595943,reconstructed,reconstructed
1931,60,243334,255868,499202,reconstructed,reconstructed
1931,61,264059,282401,546460,reconstructed,reconstructed
1931,62,252972,269390,522362,reconstructed,reconstructed
1931,63,233791,251811,485602,reconstructed,reconstructed
1931,64,219924,239292,459216,reconstructed,reconstructed
1931,65,214083,238209,452292,reconstructed,reconstructed
1931,66,194387,218078,412465,reconstructed,reconstructed
1931,67,185563,212755,398318,reconstructed,reconstructed
1931,68,173440,200147,373587,reconstructed,reconstructed
1931,69,154918,178702,333620,reconstructed,reconstructed
1931,70,142078,164312,306390,reconstructed,reconstructed
1931,71,137143,164533,301676,reconstructed,reconstructed
1931,72,125775,153773,279548,reconstructed,reconstructed
1931,73,110921,136967,247888,reconstructed,reconstructed
1931,74,96126,119295,215421,reconstructed,reconstructed
1931,75,83551,107211,190762,reconstructed,reconstructed
1931,76,70873,90586,161459,reconstructed,reconstructed
1931,77,65794,88231,154025,reconstructed,reconstructed
1931,78,56465,76024,132489,reconstructed,reconstructed
1931,79,48760,67293,116053,reconstructed,reconstructed
1931,80,41409,56519,97928,reconstructed,reconstructed
1931,81,35505,51635,87140,reconstructed,reconstructed
1931,82,28227,40802,69029,reconstructed,reconstructed
1931,83,21173,32369,53542,reconstructed,reconstructed
1931,84,15658,23500,39158,reconstructed,reconstructed
1931,85,12610,19789,32399,reconstructed,reconstructed
1931,86,10510,16079,26589,reconstructed,reconstructed
1931,87,7486,11880,19366,reconstructed,reconstructed
1931,88,5592,9309,14901,reconstructed,reconstructed
1931,89,2869,4931,7800,reconstructed,reconstructed
1931,90,1992,3473,5465,reconstructed,reconstructed
1931,91,0,0,0,reconstructed,reconstructed
1931,92,0,0,0,reconstructed,reconstructed
1931,93,0,0,0,reconstructed,reconstructed
1931,94,0,0,0,reconstructed,reconstructed
1931,95,0,0,0,reconstructed,reconstructed
1931,96,0,0,0,reconstructed,reconstructed
1931,97,0,0,0,reconstructed,reconstructed
1931,98,0,0,0,reconstructed,reconstructed
1931,99,0,0,0,reconstructed,reconstructed
1932,0,559418,519864,1079282,reconstructed,reconstructed
1932,1,486039,469800,955839,reconstructed,reconstructed
1932,2,523280,504951,1028231,reconstructed,reconstructed
1932,3,521475,505872,1027347,reconstructed,reconstructed
1932,4,534827,519822,1054649,reconstructed,reconstructed
1932,5,522263,507728,1029991,reconstructed,reconstructed
1932,6,541959,526783,1068742,reconstructed,reconstructed
1932,7,554405,539350,1093755,reconstructed,reconstructed
1932,8,547479,530282,1077761,reconstructed,reconstructed
1932,9,554336,536401,1090737,reconstructed,reconstructed
1932,10,585902,569693,1155595,reconstructed,reconstructed
1932,11,630069,609681,1239750,reconstructed,reconstructed
1932,12,646318,625417,1271735,reconstructed,reconstructed
1932,13,474034,454311,928345,reconstructed,reconstructed
1932,14,328515,316741,645256,reconstructed,reconstructed
1932,15,320565,309042,629607,reconstructed,reconstructed
1932,16,358873,347464,706337,reconstructed,reconstructed
1932,17,483528,474993,958521,reconstructed,reconstructed
1932,18,602148,596614,1198762,reconstructed,reconstructed
1932,19,612655,606692,1219347,reconstructed,reconstructed
1932,20,629306,622276,1251582,reconstructed,reconstructed
1932,21,600632,597355,1197987,reconstructed,reconstructed
1932,22,626926,623988,1250914,reconstructed,reconstructed
1932,23,635750,635449,1271199,reconstructed,reconstructed
1932,24,641064,640866,1281930,reconstructed,reconstructed
1932,25,628847,628891,1257738,reconstructed,reconstructed
1932,26,621689,625197,1246886,reconstructed,reconstructed
1932,27,601252,604815,1206067,reconstructed,reconstructed
1932,28,601980,606867,1208847,reconstructed,reconstructed
1932,29,590452,596567,1187019,reconstructed,reconstructed
1932,30,602928,606693,1209621,reconstructed,reconstructed
1932,31,587147,588510,1175657,reconstructed,reconstructed
1932,32,567600,577433,1145033,reconstructed,reconstructed
1932,33,520034,563408,1083442,reconstructed,reconstructed
1932,34,492615,562900,1055515,reconstructed,reconstructed
1932,35,459560,546664,1006224,reconstructed,reconstructed
1932,36,441514,547328,988842,reconstructed,reconstructed
1932,37,413987,524340,938327,reconstructed,reconstructed
1932,38,398581,512872,911453,reconstructed,reconstructed
1932,39,397127,506586,903713,reconstructed,reconstructed
1932,40,385474,483687,869161,reconstructed,reconstructed
1932,41,389344,481216,870560,reconstructed,reconstructed
1932,42,379565,462719,842284,reconstructed,reconstructed
1932,43,379254,459205,838459,reconstructed,reconstructed
1932,44,383045,455839,838884,reconstructed,reconstructed
1932,45,379993,444867,824860,reconstructed,reconstructed
1932,46,369257,430016,799273,reconstructed,reconstructed
1932,47,367372,421084,788456,reconstructed,reconstructed
1932,48,358241,407168,765409,reconstructed,reconstructed
1932,49,349786,394468,744254,reconstructed,reconstructed
1932,50,351508,392795,744303,reconstructed,reconstructed
1932,51,342273,374436,716709,reconstructed,reconstructed
1932,52,342783,375802,718585,reconstructed,reconstructed
1932,53,349561,380843,730404,reconstructed,reconstructed
1932,54,345932,375971,721903,reconstructed,reconstructed
1932,55,343838,367281,711119,reconstructed,reconstructed
1932,56,340581,366508,707089,reconstructed,reconstructed
1932,57,330395,349064,679459,reconstructed,reconstructed
1932,58,311087,328889,639976,reconstructed,reconstructed
1932,59,296493,313865,610358,reconstructed,reconstructed
1932,60,286956,306072,593028,reconstructed,reconstructed
1932,61,235698,248419,484117,reconstructed,reconstructed
1932,62,256202,275255,531457,reconstructed,reconstructed
1932,63,247642,264837,512479,reconstructed,reconstructed
1932,64,227153,245856,473009,reconstructed,reconstructed
1932,65,212744,232545,445289,reconstructed,reconstructed
1932,66,207407,232144,439551,reconstructed,reconstructed
1932,67,186925,210471,397396,reconstructed,reconstructed
1932,68,177627,204769,382396,reconstructed,reconstructed
1932,69,165922,192805,358727,reconstructed,reconstructed
1932,70,147512,171341,318853,reconstructed,reconstructed
1932,71,133823,155559,289382,reconstructed,reconstructed
1932,72,128771,155156,283927,reconstructed,reconstructed
1932,73,117458,144678,262136,reconstructed,reconstructed
1932,74,102693,127759,230452,reconstructed,reconstructed
1932,75,88757,111056,199813,reconstructed,reconstructed
1932,76,75985,98987,174972,reconstructed,reconstructed
1932,77,63812,82021,145833,reconstructed,reconstructed
1932,78,58675,79487,138162,reconstructed,reconstructed
1932,79,50147,68232,118379,reconstructed,reconstructed
1932,80,42412,59442,101854,reconstructed,reconstructed
1932,81,35625,49067,84692,reconstructed,reconstructed
1932,82,30139,44526,74665,reconstructed,reconstructed
1932,83,23397,34290,57687,reconstructed,reconstructed
1932,84,17383,27174,44557,reconstructed,reconstructed
1932,85,12536,19301,31837,reconstructed,reconstructed
1932,86,9963,16011,25974,reconstructed,reconstructed
1932,87,8169,12699,20868,reconstructed,reconstructed
1932,88,5699,9279,14978,reconstructed,reconstructed
1932,89,4169,7136,11305,reconstructed,reconstructed
1932,90,1985,3529,5514,reconstructed,reconstructed
1932,91,0,0,0,reconstructed,reconstructed
1932,92,0,0,0,reconstructed,reconstructed
1932,93,0,0,0,reconstructed,reconstructed
1932,94,0,0,0,reconstructed,reconstructed
1932,95,0,0,0,reconstructed,reconstructed
1932,96,0,0,0,reconstructed,reconstructed
1932,97,0,0,0,reconstructed,reconstructed
1932,98,0,0,0,reconstructed,reconstructed
1932,99,0,0,0,reconstructed,reconstructed
1933,0,220178,208963,429141,original,original
1933,1,457912,440299,898211,original,original
1933,2,470340,455241,925581,original,original
1933,3,516969,499139,1016108,original,original
1933,4,517522,502118,1019640,original,original
1933,5,531736,516937,1048673,original,original
1933,6,519965,505530,1025495,original,original
1933,7,540008,524902,1064910,original,original
1933,8,566009,548954,1114963,original,original
1933,9,550416,533275,1083691,original,original
1933,10,553608,535488,1089096,original,original
1933,11,582710,566578,1149288,original,original
1933,12,629684,609160,1238844,original,original
1933,13,647450,626583,1274033,original,original
1933,14,492770,471666,964436,original,original
1933,15,331020,318832,649852,original,original
1933,16,317630,305813,623443,original,original
1933,17,354467,342700,697167,original,original
1933,18,467842,459678,927520,original,original
1933,19,598230,593818,1192048,original,original
1933,20,607412,602854,1210266,original,original
1933,21,627939,621090,1249029,original,original
1933,22,593796,592574,1186370,original,original
1933,23,621600,619575,1241175,original,original
1933,24,630742,631321,1262063,original,original
1933,25,637141,637747,1274888,original,original
1933,26,624924,624939,1249863,original,original
1933,27,620513,623697,1244210,original,original
1933,28,598059,601172,1199231,original,original
1933,29,600948,605592,1206540,original,original
1933,30,585095,591544,1176639,original,original
1933,31,601231,604594,1205825,original,original
1933,32,586419,587197,1173616,original,original
1933,33,567186,574927,1142113,original,original
1933,34,520783,561852,1082635,original,original
1933,35,492838,562079,1054917,original,original
1933,36,459052,544444,1003496,original,original
1933,37,441267,546622,987889,original,original
1933,38,412545,522000,934545,original,original
1933,39,396396,510851,907247,original,original
1933,40,396319,506539,902858,original,original
1933,41,383158,481889,865047,original,original
1933,42,387031,479629,866660,original,original
1933,43,376583,459891,836474,original,original
1933,44,376694,457532,834226,original,original
1933,45,379812,453469,833281,original,original
1933,46,377854,443719,821573,original,original
1933,47,365813,427152,792965,original,original
1933,48,364057,418369,782426,original,original
1933,49,355493,405277,760770,original,original
1933,50,345588,391127,736715,original,original
1933,51,348054,390663,738717,original,original
1933,52,338336,371448,709784,original,original
1933,53,337420,370686,708106,original,original
1933,54,344716,376446,721162,original,original
1933,55,340854,372035,712889,original,original
1933,56,338536,362689,701225,original,original
1933,57,334082,361598,695680,original,original
1933,58,325031,344488,669519,original,original
1933,59,305264,324253,629517,original,original
1933,60,290218,308606,598824,original,original
1933,61,283981,304760,588741,original,original
1933,62,227585,240607,468192,original,original
1933,63,247878,267495,515373,original,original
1933,64,241707,259478,501185,original,original
1933,65,219826,239246,459072,original,original
1933,66,205107,225282,430389,original,original
1933,67,200290,225202,425492,original,original
1933,68,178958,202223,381181,original,original
1933,69,169057,196072,365129,original,original
1933,70,157795,184606,342401,original,original
1933,71,139688,163427,303115,original,original
1933,72,125091,146143,271234,original,original
1933,73,119835,145041,264876,original,original
1933,74,108828,135149,243977,original,original
1933,75,94172,118295,212467,original,original
1933,76,80966,102356,183322,original,original
1933,77,68396,90159,158555,original,original
1933,78,56943,73510,130453,original,original
1933,79,51535,70808,122343,original,original
1933,80,43841,60296,104137,original,original
1933,81,36459,51830,88289,original,original
1933,82,30029,41832,71861,original,original
1933,83,24981,37561,62542,original,original
1933,84,18989,28357,47346,original,original
1933,85,14013,22515,36528,original,original
1933,86,9883,15565,25448,original,original
1933,87,7688,12626,20314,original,original
1933,88,6194,9842,16036,original,original
1933,89,4243,7103,11346,original,original
1933,90,3002,5315,8317,original,original
1933,91,0,0,0,original,original
1933,92,0,0,0,original,original
1933,93,0,0,0,original,original
1933,94,0,0,0,original,original
1933,95,0,0,0,original,original
1933,96,0,0,0,original,original
1933,97,0,0,0,original,original
1933,98,0,0,0,original,original
1933,99,0,0,0,original,original
1934,0,727596,672220,1399816,reconstructed,reconstructed
1934,1,230472,224404,454876,reconstructed,reconstructed
1934,2,448425,431851,880276,reconstructed,reconstructed
1934,3,468886,453655,922541,reconstructed,reconstructed
1934,4,516571,499038,1015609,reconstructed,reconstructed
1934,5,517139,501627,1018766,reconstructed,reconstructed
1934,6,532186,517323,1049509,reconstructed,reconstructed
1934,7,520559,505883,1026442,reconstructed,reconstructed
1934,8,541137,525775,1066912,reconstructed,reconstructed
1934,9,567482,550715,1118197,reconstructed,reconstructed
1934,10,553231,536483,1089714,reconstructed,reconstructed
1934,11,556043,538374,1094417,reconstructed,reconstructed
1934,12,584163,569258,1153421,reconstructed,reconstructed
1934,13,624265,610834,1235099,reconstructed,reconstructed
1934,14,631028,627799,1258827,reconstructed,reconstructed
1934,15,469852,472540,942392,reconstructed,reconstructed
1934,16,306676,318913,625589,reconstructed,reconstructed
1934,17,285056,305875,590931,reconstructed,reconstructed
1934,18,318708,342581,661289,reconstructed,reconstructed
1934,19,433590,460029,893619,reconstructed,reconstructed
1934,20,592884,594340,1187224,reconstructed,reconstructed
1934,21,607424,604367,1211791,reconstructed,reconstructed
1934,22,629249,622249,1251498,reconstructed,reconstructed
1934,23,596438,593850,1190288,reconstructed,reconstructed
1934,24,623737,621136,1244873,reconstructed,reconstructed
1934,25,634118,633041,1267159,reconstructed,reconstructed
1934,26,639663,638760,1278423,reconstructed,reconstructed
1934,27,627608,625845,1253453,reconstructed,reconstructed
1934,28,622966,624610,1247576,reconstructed,reconstructed
1934,29,600003,601733,1201736,reconstructed,reconstructed
1934,30,602950,606253,1209203,reconstructed,reconstructed
1934,31,586260,591316,1177576,reconstructed,reconstructed
1934,32,602362,604601,1206963,reconstructed,reconstructed
1934,33,587537,587535,1175072,reconstructed,reconstructed
1934,34,567109,574025,1141134,reconstructed,reconstructed
1934,35,521731,562041,1083772,reconstructed,reconstructed
1934,36,492778,561289,1054067,reconstructed,reconstructed
1934,37,459224,543929,1003153,reconstructed,reconstructed
1934,38,440987,545728,986715,reconstructed,reconstructed
1934,39,411928,521154,933082,reconstructed,reconstructed
1934,40,395848,510190,906038,reconstructed,reconstructed
1934,41,395247,505147,900394,reconstructed,reconstructed
1934,42,381929,480562,862491,reconstructed,reconstructed
1934,43,386112,478774,864886,reconstructed,reconstructed
1934,44,375197,458311,833508,reconstructed,reconstructed
1934,45,375633,456707,832340,reconstructed,reconstructed
1934,46,378050,451369,829419,reconstructed,reconstructed
1934,47,376481,442201,818682,reconstructed,reconstructed
1934,48,364049,425272,789321,reconstructed,reconstructed
1934,49,362201,416678,778879,reconstructed,reconstructed
1934,50,353572,403525,757097,reconstructed,reconstructed
1934,51,343087,388767,731854,reconstructed,reconstructed
1934,52,345406,388235,733641,reconstructed,reconstructed
1934,53,335798,369423,705221,reconstructed,reconstructed
1934,54,334292,367941,702233,reconstructed,reconstructed
1934,55,341458,373874,715332,reconstructed,reconstructed
1934,56,337016,368911,705927,reconstructed,reconstructed
1934,57,334910,360033,694943,reconstructed,reconstructed
1934,58,329767,357818,687585,reconstructed,reconstructed
1934,59,320304,340603,660907,reconstructed,reconstructed
1934,60,300855,320748,621603,reconstructed,reconstructed
1934,61,285381,304463,589844,reconstructed,reconstructed
1934,62,277890,299638,577528,reconstructed,reconstructed
1934,63,222649,236803,459452,reconstructed,reconstructed
1934,64,241691,262155,503846,reconstructed,reconstructed
1934,65,235049,254296,489345,reconstructed,reconstructed
1934,66,212750,233328,446078,reconstructed,reconstructed
1934,67,198538,219250,417788,reconstructed,reconstructed
1934,68,193340,218672,412012,reconstructed,reconstructed
1934,69,171786,195694,367480,reconstructed,reconstructed
1934,70,161957,189137,351094,reconstructed,reconstructed
1934,71,150410,176981,327391,reconstructed,reconstructed
1934,72,132372,156024,288396,reconstructed,reconstructed
1934,73,117696,138868,256564,reconstructed,reconstructed
1934,74,112049,136736,248785,reconstructed,reconstructed
1934,75,101077,126916,227993,reconstructed,reconstructed
1934,76,86566,110148,196714,reconstructed,reconstructed
1934,77,73879,94632,168511,reconstructed,reconstructed
1934,78,62073,82527,144600,reconstructed,reconstructed
1934,79,51210,66974,118184,reconstructed,reconstructed
1934,80,45652,63545,109197,reconstructed,reconstructed
1934,81,38379,53453,91832,reconstructed,reconstructed
1934,82,31373,45251,76624,reconstructed,reconstructed
1934,83,25238,35849,61087,reconstructed,reconstructed
1934,84,20603,31425,52028,reconstructed,reconstructed
1934,85,15371,23630,39001,reconstructed,reconstructed
1934,86,10707,17593,28300,reconstructed,reconstructed
1934,87,7383,11869,19252,reconstructed,reconstructed
1934,88,5611,9459,15070,reconstructed,reconstructed
1934,89,4428,7238,11666,reconstructed,reconstructed
1934,90,2935,5084,8019,reconstructed,reconstructed
1934,91,0,0,0,reconstructed,reconstructed
1934,92,0,0,0,reconstructed,reconstructed
1934,93,0,0,0,reconstructed,reconstructed
1934,94,0,0,0,reconstructed,reconstructed
1934,95,0,0,0,reconstructed,reconstructed
1934,96,0,0,0,reconstructed,reconstructed
1934,97,0,0,0,reconstructed,reconstructed
1934,98,0,0,0,reconstructed,reconstructed
1934,99,0,0,0,reconstructed,reconstructed
1935,0,766230,707549,1473779,reconstructed,reconstructed
1935,1,595574,569336,1164910,reconstructed,reconstructed
1935,2,271650,263402,535052,reconstructed,reconstructed
1935,3,448257,432017,880274,reconstructed,reconstructed
1935,4,469517,453915,923432,reconstructed,reconstructed
1935,5,517086,499851,1016937,reconstructed,reconstructed
1935,6,517460,501740,1019200,reconstructed,reconstructed
1935,7,533050,518092,1051142,reconstructed,reconstructed
1935,8,521420,506511,1027931,reconstructed,reconstructed
1935,9,542498,526860,1069358,reconstructed,reconstructed
1935,10,569108,552601,1121709,reconstructed,reconstructed
1935,11,556114,539750,1095864,reconstructed,reconstructed
1935,12,558532,541289,1099821,reconstructed,reconstructed
1935,13,585696,571929,1157625,reconstructed,reconstructed
1935,14,618796,612382,1231178,reconstructed,reconstructed
1935,15,614485,628835,1243320,reconstructed,reconstructed
1935,16,446867,473288,920155,reconstructed,reconstructed
1935,17,282317,318905,601222,reconstructed,reconstructed
1935,18,252569,305873,558442,reconstructed,reconstructed
1935,19,283087,342387,625474,reconstructed,reconstructed
1935,20,399454,460266,859720,reconstructed,reconstructed
1935,21,587474,594767,1182241,reconstructed,reconstructed
1935,22,607403,605744,1213147,reconstructed,reconstructed
1935,23,630533,623281,1253814,reconstructed,reconstructed
1935,24,599097,595009,1194106,reconstructed,reconstructed
1935,25,625823,622478,1248301,reconstructed,reconstructed
1935,26,637391,634545,1271936,reconstructed,reconstructed
1935,27,642109,639637,1281746,reconstructed,reconstructed
1935,28,630259,626700,1256959,reconstructed,reconstructed
1935,29,625399,625503,1250902,reconstructed,reconstructed
1935,30,601849,602139,1203988,reconstructed,reconstructed
1935,31,604797,606749,1211546,reconstructed,reconstructed
1935,32,587305,591059,1178364,reconstructed,reconstructed
1935,33,603380,604540,1207920,reconstructed,reconstructed
1935,34,588514,587796,1176310,reconstructed,reconstructed
1935,35,566850,572952,1139802,reconstructed,reconstructed
1935,36,522487,561947,1084434,reconstructed,reconstructed
1935,37,492601,560401,1053002,reconstructed,reconstructed
1935,38,459168,543408,1002576,reconstructed,reconstructed
1935,39,440460,544789,985249,reconstructed,reconstructed
1935,40,411132,520191,931323,reconstructed,reconstructed
1935,41,395077,509452,904529,reconstructed,reconstructed
1935,42,393994,503739,897733,reconstructed,reconstructed
1935,43,380508,479128,859636,reconstructed,reconstructed
1935,44,384972,477829,862801,reconstructed,reconstructed
1935,45,373576,456679,830255,reconstructed,reconstructed
1935,46,374273,455703,829976,reconstructed,reconstructed
1935,47,376018,449033,825051,reconstructed,reconstructed
1935,48,374778,440378,815156,reconstructed,reconstructed
1935,49,361931,423147,785078,reconstructed,reconstructed
1935,50,359986,414766,774752,reconstructed,reconstructed
1935,51,351272,401526,752798,reconstructed,reconstructed
1935,52,340215,386139,726354,reconstructed,reconstructed
1935,53,342329,385385,727714,reconstructed,reconstructed
1935,54,332854,367021,699875,reconstructed,reconstructed
1935,55,330782,364894,695676,reconstructed,reconstructed
1935,56,337606,370958,708564,reconstructed,reconstructed
1935,57,332572,365297,697869,reconstructed,reconstructed
1935,58,330682,356655,687337,reconstructed,reconstructed
1935,59,324714,353389,678103,reconstructed,reconstructed
1935,60,314976,336114,651090,reconstructed,reconstructed
1935,61,295864,316634,612498,reconstructed,reconstructed
1935,62,279683,299627,579310,reconstructed,reconstructed
1935,63,271123,293702,564825,reconstructed,reconstructed
1935,64,217179,232262,449441,reconstructed,reconstructed
1935,65,234701,256049,490750,reconstructed,reconstructed
1935,66,227774,248389,476163,reconstructed,reconstructed
1935,67,205243,226515,431758,reconstructed,reconstructed
1935,68,191296,212385,403681,reconstructed,reconstructed
1935,69,185516,211190,396706,reconstructed,reconstructed
1935,70,163910,188197,352107,reconstructed,reconstructed
1935,71,154266,181454,335720,reconstructed,reconstructed
1935,72,142226,168305,310531,reconstructed,reconstructed
1935,73,124279,147592,271871,reconstructed,reconstructed
1935,74,109831,130952,240783,reconstructed,reconstructed
1935,75,103728,127900,231628,reconstructed,reconstructed
1935,76,92718,117945,210663,reconstructed,reconstructed
1935,77,78717,101131,179848,reconstructed,reconstructed
1935,78,66767,86506,153273,reconstructed,reconstructed
1935,79,55429,74628,130057,reconstructed,reconstructed
1935,80,45295,60017,105312,reconstructed,reconstructed
1935,81,39921,56232,96153,reconstructed,reconstructed
1935,82,32882,46473,79355,reconstructed,reconstructed
1935,83,26336,38611,64947,reconstructed,reconstructed
1935,84,20749,30188,50937,reconstructed,reconstructed
1935,85,16678,25954,42632,reconstructed,reconstructed
1935,86,12243,19312,31555,reconstructed,reconstructed
1935,87,7999,13415,21414,reconstructed,reconstructed
1935,88,5389,8892,14281,reconstructed,reconstructed
1935,89,4011,6956,10967,reconstructed,reconstructed
1935,90,3063,5181,8244,reconstructed,reconstructed
1935,91,0,0,0,reconstructed,reconstructed
1935,92,0,0,0,reconstructed,reconstructed
1935,93,0,0,0,reconstructed,reconstructed
1935,94,0,0,0,reconstructed,reconstructed
1935,95,0,0,0,reconstructed,reconstructed
1935,96,0,0,0,reconstructed,reconstructed
1935,97,0,0,0,reconstructed,reconstructed
1935,98,0,0,0,reconstructed,reconstructed
1935,99,0,0,0,reconstructed,reconstructed
1936,0,768075,711904,1479979,reconstructed,reconstructed
1936,1,627197,599259,1226456,reconstructed,reconstructed
1936,2,576337,551693,1128030,reconstructed,reconstructed
1936,3,316409,305794,622203,reconstructed,reconstructed
1936,4,450060,433910,883970,reconstructed,reconstructed
1936,5,470965,455003,925968,reconstructed,reconstructed
1936,6,518295,501254,1019549,reconstructed,reconstructed
1936,7,518184,502226,1020410,reconstructed,reconstructed
1936,8,534185,519139,1053324,reconstructed,reconstructed
1936,9,522506,507345,1029851,reconstructed,reconstructed
1936,10,544007,528069,1072076,reconstructed,reconstructed
1936,11,570810,554553,1125363,reconstructed,reconstructed
1936,12,559049,543042,1102091,reconstructed,reconstructed
1936,13,561093,544194,1105287,reconstructed,reconstructed
1936,14,587155,574478,1161633,reconstructed,reconstructed
1936,15,613162,613753,1226915,reconstructed,reconstructed
1936,16,597788,629704,1227492,reconstructed,reconstructed
1936,17,423786,473899,897685,reconstructed,reconstructed
1936,18,257989,318830,576819,reconstructed,reconstructed
1936,19,220224,305803,526027,reconstructed,reconstructed
1936,20,247657,342111,589768,reconstructed,reconstructed
1936,21,365554,460429,825983,reconstructed,reconstructed
1936,22,582084,595068,1177152,reconstructed,reconstructed
1936,23,607370,606996,1214366,reconstructed,reconstructed
1936,24,631849,624194,1256043,reconstructed,reconstructed
1936,25,601701,595961,1197662,reconstructed,reconstructed
1936,26,627818,623611,1251429,reconstructed,reconstructed
1936,27,640580,635911,1276491,reconstructed,reconstructed
1936,28,644523,640463,1284986,reconstructed,reconstructed
1936,29,632889,627536,1260425,reconstructed,reconstructed
1936,30,627727,626232,1253959,reconstructed,reconstructed
1936,31,603541,602384,1205925,reconstructed,reconstructed
1936,32,606512,607207,1213719,reconstructed,reconstructed
1936,33,588240,590739,1178979,reconstructed,reconstructed
1936,34,604254,604405,1208659,reconstructed,reconstructed
1936,35,589290,587869,1177159,reconstructed,reconstructed
1936,36,566398,571606,1138004,reconstructed,reconstructed
1936,37,523108,561744,1084852,reconstructed,reconstructed
1936,38,492184,559511,1051695,reconstructed,reconstructed
1936,39,458851,542837,1001688,reconstructed,reconstructed
1936,40,439740,543728,983468,reconstructed,reconstructed
1936,41,410110,519154,929264,reconstructed,reconstructed
1936,42,394121,508689,902810,reconstructed,reconstructed
1936,43,392544,502219,894763,reconstructed,reconstructed
1936,44,378879,477612,856491,reconstructed,reconstructed
1936,45,383585,476818,860403,reconstructed,reconstructed
1936,46,371670,454879,826549,reconstructed,reconstructed
1936,47,372638,454444,827082,reconstructed,reconstructed
1936,48,373672,446403,820075,reconstructed,reconstructed
1936,49,372707,438300,811007,reconstructed,reconstructed
1936,50,359461,420807,780268,reconstructed,reconstructed
1936,51,357393,412604,769997,reconstructed,reconstructed
1936,52,348583,399241,747824,reconstructed,reconstructed
1936,53,336929,383097,720026,reconstructed,reconstructed
1936,54,338855,382162,721017,reconstructed,reconstructed
1936,55,329522,364310,693832,reconstructed,reconstructed
1936,56,326710,361528,688238,reconstructed,reconstructed
1936,57,333147,367543,700690,reconstructed,reconstructed
1936,58,327570,360984,688554,reconstructed,reconstructed
1936,59,325707,352617,678324,reconstructed,reconstructed
1936,60,319065,348351,667416,reconstructed,reconstructed
1936,61,309082,331025,640107,reconstructed,reconstructed
1936,62,289980,311790,601770,reconstructed,reconstructed
1936,63,273275,293961,567236,reconstructed,reconstructed
1936,64,263763,286925,550688,reconstructed,reconstructed
1936,65,210979,227029,438008,reconstructed,reconstructed
1936,66,227124,249278,476402,reconstructed,reconstructed
1936,67,220010,241497,461507,reconstructed,reconstructed
1936,68,197112,218891,416003,reconstructed,reconstructed
1936,69,183229,204644,387873,reconstructed,reconstructed
1936,70,176941,202710,379651,reconstructed,reconstructed
1936,71,155525,180025,335550,reconstructed,reconstructed
1936,72,145771,172677,318448,reconstructed,reconstructed
1936,73,133255,158617,291872,reconstructed,reconstructed
1936,74,115737,138588,254325,reconstructed,reconstructed
1936,75,101484,122522,224006,reconstructed,reconstructed
1936,76,94856,118417,213273,reconstructed,reconstructed
1936,77,84144,108091,192235,reconstructed,reconstructed
1936,78,70908,91847,162755,reconstructed,reconstructed
1936,79,59386,78128,137514,reconstructed,reconstructed
1936,80,48706,66414,115120,reconstructed,reconstructed
1936,81,39553,53039,92592,reconstructed,reconstructed
1936,82,34168,48808,82976,reconstructed,reconstructed
1936,83,27491,39502,66993,reconstructed,reconstructed
1936,84,21627,32386,54013,reconstructed,reconstructed
1936,85,16748,25082,41830,reconstructed,reconstructed
1936,86,13284,21039,34323,reconstructed,reconstructed
1936,87,9518,15372,24890,reconstructed,reconstructed
1936,88,5838,10050,15888,reconstructed,reconstructed
1936,89,3852,6539,10391,reconstructed,reconstructed
1936,90,2775,4979,7754,reconstructed,reconstructed
1936,91,0,0,0,reconstructed,reconstructed
1936,92,0,0,0,reconstructed,reconstructed
1936,93,0,0,0,reconstructed,reconstructed
1936,94,0,0,0,reconstructed,reconstructed
1936,95,0,0,0,reconstructed,reconstructed
1936,96,0,0,0,reconstructed,reconstructed
1936,97,0,0,0,reconstructed,reconstructed
1936,98,0,0,0,reconstructed,reconstructed
1936,99,0,0,0,reconstructed,reconstructed
1937,0,763590,707101,1470691,reconstructed,reconstructed
1937,1,628708,602947,1231655,reconstructed,reconstructed
1937,2,606939,580688,1187627,reconstructed,reconstructed
1937,3,569386,545343,1114729,reconstructed,reconstructed
1937,4,361683,348612,710295,reconstructed,reconstructed
1937,5,452629,436572,889201,reconstructed,reconstructed
1937,6,473036,456623,929659,reconstructed,reconstructed
1937,7,519902,503020,1022922,reconstructed,reconstructed
1937,8,519172,502985,1022157,reconstructed,reconstructed
1937,9,535549,520395,1055944,reconstructed,reconstructed
1937,10,523735,508299,1032034,reconstructed,reconstructed
1937,11,545588,529343,1074931,reconstructed,reconstructed
1937,12,572570,556539,1129109,reconstructed,reconstructed
1937,13,562054,546324,1108378,reconstructed,reconstructed
1937,14,563580,546980,1110560,reconstructed,reconstructed
1937,15,588430,576855,1165285,reconstructed,reconstructed
1937,16,607320,614959,1222279,reconstructed,reconstructed
1937,17,580879,630392,1211271,reconstructed,reconstructed
1937,18,400659,474407,875066,reconstructed,reconstructed
1937,19,233737,318685,552422,reconstructed,reconstructed
1937,20,188066,305659,493725,reconstructed,reconstructed
1937,21,212502,341784,554286,reconstructed,reconstructed
1937,22,331951,460497,792448,reconstructed,reconstructed
1937,23,576732,595255,1171987,reconstructed,reconstructed
1937,24,607379,608129,1215508,reconstructed,reconstructed
1937,25,633119,624891,1258010,reconstructed,reconstructed
1937,26,604213,596717,1200930,reconstructed,reconstructed
1937,27,629744,624611,1254355,reconstructed,reconstructed
1937,28,643731,637219,1280950,reconstructed,reconstructed
1937,29,646919,641269,1288188,reconstructed,reconstructed
1937,30,635410,628207,1263617,reconstructed,reconstructed
1937,31,629890,626789,1256679,reconstructed,reconstructed
1937,32,605104,602594,1207698,reconstructed,reconstructed
1937,33,608107,607592,1215699,reconstructed,reconstructed
1937,34,589035,590350,1179385,reconstructed,reconstructed
1937,35,604924,604080,1209004,reconstructed,reconstructed
1937,36,589853,587646,1177499,reconstructed,reconstructed
1937,37,565817,570167,1135984,reconstructed,reconstructed
1937,38,523464,561531,1084995,reconstructed,reconstructed
1937,39,491492,558574,1050066,reconstructed,reconstructed
1937,40,458330,542139,1000469,reconstructed,reconstructed
1937,41,438775,542590,981365,reconstructed,reconstructed
1937,42,408898,518094,926992,reconstructed,reconstructed
1937,43,392962,507803,900765,reconstructed,reconstructed
1937,44,390877,500614,891491,reconstructed,reconstructed
1937,45,377017,476039,853056,reconstructed,reconstructed
1937,46,381900,475623,857523,reconstructed,reconstructed
1937,47,369504,452838,822342,reconstructed,reconstructed
1937,48,370682,452866,823548,reconstructed,reconstructed
1937,49,370976,443528,814504,reconstructed,reconstructed
1937,50,370270,435996,806266,reconstructed,reconstructed
1937,51,356622,418220,774842,reconstructed,reconstructed
1937,52,354412,410150,764562,reconstructed,reconstructed
1937,53,345463,396518,741981,reconstructed,reconstructed
1937,54,333262,379689,712951,reconstructed,reconstructed
1937,55,335005,378637,713642,reconstructed,reconstructed
1937,56,325625,361270,686895,reconstructed,reconstructed
1937,57,322066,357693,679759,reconstructed,reconstructed
1937,58,328129,363417,691546,reconstructed,reconstructed
1937,59,321870,356036,677906,reconstructed,reconstructed
1937,60,320130,347953,668083,reconstructed,reconstructed
1937,61,312858,342709,655567,reconstructed,reconstructed
1937,62,302297,325211,627508,reconstructed,reconstructed
1937,63,283357,306072,589429,reconstructed,reconstructed
1937,64,266238,287437,553675,reconstructed,reconstructed
1937,65,255575,279373,534948,reconstructed,reconstructed
1937,66,204246,221193,425439,reconstructed,reconstructed
1937,67,219090,241586,460676,reconstructed,reconstructed
1937,68,211548,233709,445257,reconstructed,reconstructed
1937,69,188204,210418,398622,reconstructed,reconstructed
1937,70,174461,195989,370450,reconstructed,reconstructed
1937,71,167826,193548,361374,reconstructed,reconstructed
1937,72,146417,170836,317253,reconstructed,reconstructed
1937,73,136487,162844,299331,reconstructed,reconstructed
1937,74,123853,148409,272262,reconstructed,reconstructed
1937,75,106733,129143,235876,reconstructed,reconstructed
1937,76,92638,113466,206104,reconstructed,reconstructed
1937,77,85832,108142,193974,reconstructed,reconstructed
1937,78,75656,97999,173655,reconstructed,reconstructed
1937,79,62878,82449,145327,reconstructed,reconstructed
1937,80,51991,69447,121438,reconstructed,reconstructed
1937,81,42274,58316,100590,reconstructed,reconstructed
1937,82,33809,45980,79789,reconstructed,reconstructed
1937,83,28540,41424,69964,reconstructed,reconstructed
1937,84,22492,33016,55508,reconstructed,reconstructed
1937,85,17439,26811,44250,reconstructed,reconstructed
1937,86,13304,20444,33748,reconstructed,reconstructed
1937,87,10328,16621,26949,reconstructed,reconstructed
1937,88,7218,12001,19219,reconstructed,reconstructed
1937,89,4174,7391,11565,reconstructed,reconstructed
1937,90,2665,4680,7345,reconstructed,reconstructed
1937,91,0,0,0,reconstructed,reconstructed
1937,92,0,0,0,reconstructed,reconstructed
1937,93,0,0,0,reconstructed,reconstructed
1937,94,0,0,0,reconstructed,reconstructed
1937,95,0,0,0,reconstructed,reconstructed
1937,96,0,0,0,reconstructed,reconstructed
1937,97,0,0,0,reconstructed,reconstructed
1937,98,0,0,0,reconstructed,reconstructed
1937,99,0,0,0,reconstructed,reconstructed
1938,0,792333,731646,1523979,reconstructed,reconstructed
1938,1,625037,598879,1223916,reconstructed,reconstructed
1938,2,608400,584262,1192662,reconstructed,reconstructed
1938,3,599619,574004,1173623,reconstructed,reconstructed
1938,4,565070,541296,1106366,reconstructed,reconstructed
1938,5,406988,391514,798502,reconstructed,reconstructed
1938,6,455785,439730,895515,reconstructed,reconstructed
1938,7,475462,458571,934033,reconstructed,reconstructed
1938,8,521767,505049,1026816,reconstructed,reconstructed
1938,9,520384,503947,1024331,reconstructed,reconstructed
1938,10,537059,521772,1058831,reconstructed,reconstructed
1938,11,525034,509316,1034350,reconstructed,reconstructed
1938,12,547225,530651,1077876,reconstructed,reconstructed
1938,13,574408,558519,1132927,reconstructed,reconstructed
1938,14,564983,549485,1114468,reconstructed,reconstructed
1938,15,565884,549602,1115486,reconstructed,reconstructed
1938,16,589471,579071,1168542,reconstructed,reconstructed
1938,17,601197,615987,1217184,reconstructed,reconstructed
1938,18,563807,630944,1194751,reconstructed,reconstructed
1938,19,377538,474806,852344,reconstructed,reconstructed
1938,20,209598,318463,528061,reconstructed,reconstructed
1938,21,156166,305468,461634,reconstructed,reconstructed
1938,22,177664,341390,519054,reconstructed,reconstructed
1938,23,298656,460478,759134,reconstructed,reconstructed
1938,24,571468,595334,1166802,reconstructed,reconstructed
1938,25,607356,609051,1216407,reconstructed,reconstructed
1938,26,634308,625386,1259694,reconstructed,reconstructed
1938,27,606651,597349,1204000,reconstructed,reconstructed
1938,28,631643,625559,1257202,reconstructed,reconstructed
1938,29,646857,638504,1285361,reconstructed,reconstructed
1938,30,649206,641908,1291114,reconstructed,reconstructed
1938,31,637764,628707,1266471,reconstructed,reconstructed
1938,32,631914,627308,1259222,reconstructed,reconstructed
1938,33,606548,602735,1209283,reconstructed,reconstructed
1938,34,609551,607898,1217449,reconstructed,reconstructed
1938,35,589631,589779,1179410,reconstructed,reconstructed
1938,36,605377,603458,1208835,reconstructed,reconstructed
1938,37,590268,587313,1177581,reconstructed,reconstructed
1938,38,564964,568734,1133698,reconstructed,reconstructed
1938,39,523516,561261,1084777,reconstructed,reconstructed
1938,40,490587,557512,1048099,reconstructed,reconstructed
1938,41,457549,541359,998908,reconstructed,reconstructed
1938,42,437606,541429,979035,reconstructed,reconstructed
1938,43,407480,516914,924394,reconstructed,reconstructed
1938,44,391582,506821,898403,reconstructed,reconstructed
1938,45,388971,498949,887920,reconstructed,reconstructed
1938,46,374873,474291,849164,reconstructed,reconstructed
1938,47,379941,474163,854104,reconstructed,reconstructed
1938,48,367032,450494,817526,reconstructed,reconstructed
1938,49,368369,451020,819389,reconstructed,reconstructed
1938,50,367933,440440,808373,reconstructed,reconstructed
1938,51,367450,433435,800885,reconstructed,reconstructed
1938,52,353404,415347,768751,reconstructed,reconstructed
1938,53,351001,407247,758248,reconstructed,reconstructed
1938,54,341943,393405,735348,reconstructed,reconstructed
1938,55,329235,375987,705222,reconstructed,reconstructed
1938,56,330599,374791,705390,reconstructed,reconstructed
1938,57,321150,357751,678901,reconstructed,reconstructed
1938,58,316898,353183,670081,reconstructed,reconstructed
1938,59,322413,358644,681057,reconstructed,reconstructed
1938,60,315619,350495,666114,reconstructed,reconstructed
1938,61,313987,342670,656657,reconstructed,reconstructed
1938,62,305765,336335,642100,reconstructed,reconstructed
1938,63,294788,318529,613317,reconstructed,reconstructed
1938,64,276080,299450,575530,reconstructed,reconstructed
1938,65,258333,280118,538451,reconstructed,reconstructed
1938,66,246801,271159,517960,reconstructed,reconstructed
1938,67,197093,214527,411620,reconstructed,reconstructed
1938,68,210392,233066,443458,reconstructed,reconstructed
1938,69,202224,224980,427204,reconstructed,reconstructed
1938,70,178649,201059,379708,reconstructed,reconstructed
1938,71,165200,186728,351928,reconstructed,reconstructed
1938,72,157940,183342,341282,reconstructed,reconstructed
1938,73,136604,160674,297278,reconstructed,reconstructed
1938,74,126776,152460,279236,reconstructed,reconstructed
1938,75,114003,137824,251827,reconstructed,reconstructed
1938,76,97249,119139,216388,reconstructed,reconstructed
1938,77,83683,103645,187328,reconstructed,reconstructed
1938,78,76959,97719,174678,reconstructed,reconstructed
1938,79,66969,87828,154797,reconstructed,reconstructed
1938,80,54890,72871,127761,reconstructed,reconstructed
1938,81,44969,60914,105883,reconstructed,reconstructed
1938,82,35930,50254,86184,reconstructed,reconstructed
1938,83,28206,38979,67185,reconstructed,reconstructed
1938,84,23330,34573,57903,reconstructed,reconstructed
1938,85,18074,27243,45317,reconstructed,reconstructed
1938,86,13840,21781,35621,reconstructed,reconstructed
1938,87,10318,16234,26552,reconstructed,reconstructed
1938,88,7832,12886,20718,reconstructed,reconstructed
1938,89,5354,9182,14536,reconstructed,reconstructed
1938,90,2887,5290,8177,reconstructed,reconstructed
1938,91,0,0,0,reconstructed,reconstructed
1938,92,0,0,0,reconstructed,reconstructed
1938,93,0,0,0,reconstructed,reconstructed
1938,94,0,0,0,reconstructed,reconstructed
1938,95,0,0,0,reconstructed,reconstructed
1938,96,0,0,0,reconstructed,reconstructed
1938,97,0,0,0,reconstructed,reconstructed
1938,98,0,0,0,reconstructed,reconstructed
1938,99,0,0,0,reconstructed,reconstructed
1939,0,269909,257226,527135,original,original
1939,1,648564,619668,1268232,original,original
1939,2,604848,580320,1185168,original,original
1939,3,601063,577537,1178600,original,original
1939,4,595074,569745,1164819,original,original
1939,5,561804,538292,1100096,original,original
1939,6,452385,434461,886846,original,original
1939,7,459273,443191,902464,original,original
1939,8,478118,460758,938876,original,original
1939,9,523853,507276,1031129,original,original
1939,10,521738,505027,1026765,original,original
1939,11,538640,523213,1061853,original,original
1939,12,526389,510368,1036757,original,original
1939,13,548936,531957,1080893,original,original
1939,14,576172,560382,1136554,original,original
1939,15,567727,552479,1120206,original,original
1939,16,567958,552068,1120026,original,original
1939,17,590200,581113,1171313,original,original
1939,18,594827,616878,1211705,original,original
1939,19,546622,631352,1177974,original,original
1939,20,354461,475087,829548,original,original
1939,21,185640,318194,503834,original,original
1939,22,124556,305217,429773,original,original
1939,23,143149,340935,484084,original,original
1939,24,265689,460377,726066,original,original
1939,25,566224,595215,1161439,original,original
1939,26,607266,609773,1217039,original,original
1939,27,635432,625754,1261186,original,original
1939,28,609058,597934,1206992,original,original
1939,29,633528,626486,1260014,original,original
1939,30,649867,639616,1289483,original,original
1939,31,651325,642372,1293697,original,original
1939,32,639974,629169,1269143,original,original
1939,33,633811,627750,1261561,original,original
1939,34,607844,602799,1210643,original,original
1939,35,610783,608008,1218791,original,original
1939,36,590017,588920,1178937,original,original
1939,37,605679,602727,1208406,original,original
1939,38,590387,586969,1177356,original,original
1939,39,563801,567259,1131060,original,original
1939,40,523329,560856,1084185,original,original
1939,41,489409,556370,1045779,original,original
1939,42,456552,540552,997104,original,original
1939,43,436213,540144,976357,original,original
1939,44,405836,515641,921477,original,original
1939,45,389955,505770,895725,original,original
1939,46,386773,497101,883874,original,original
1939,47,372470,472288,844758,original,original
1939,48,377661,472374,850035,original,original
1939,49,364221,447897,812118,original,original
1939,50,365703,448936,814639,original,original
1939,51,364528,437108,801636,original,original
1939,52,364236,430573,794809,original,original
1939,53,349764,412029,761793,original,original
1939,54,347192,403948,751140,original,original
1939,55,338043,389975,728018,original,original
1939,56,324671,371972,696643,original,original
1939,57,325627,370469,696096,original,original
1939,58,316145,353546,669691,original,original
1939,59,311073,348063,659136,original,original
1939,60,316145,353263,669408,original,original
1939,61,308856,344367,653223,original,original
1939,62,306950,336637,643587,original,original
1939,63,297956,329082,627038,original,original
1939,64,286646,310949,597595,original,original
1939,65,267903,291988,559891,original,original
1939,66,249803,272118,521921,original,original
1939,67,237578,262012,499590,original,original
1939,68,189336,207111,396447,original,original
1939,69,200866,223682,424548,original,original
1939,70,192176,215269,407445,original,original
1939,71,168664,191134,359798,original,original
1939,72,155221,176512,331733,original,original
1939,73,147303,172140,319443,original,original
1939,74,126451,150040,276491,original,original
1939,75,116623,141671,258294,original,original
1939,76,103686,126732,230418,original,original
1939,77,87693,108429,196122,original,original
1939,78,74911,93676,168587,original,original
1939,79,67943,87300,155243,original,original
1939,80,58364,77506,135870,original,original
1939,81,47348,63575,110923,original,original
1939,82,38097,52439,90536,original,original
1939,83,29817,42366,72183,original,original
1939,84,23031,32498,55529,original,original
1939,85,18732,28491,47223,original,original
1939,86,14298,22065,36363,original,original
1939,87,10724,17242,27966,original,original
1939,88,7807,12645,20452,original,original
1939,89,5810,9795,15605,original,original
1939,90,3838,6827,10665,original,original
1939,91,0,0,0,original,original
1939,92,0,0,0,original,original
1939,93,0,0,0,original,original
1939,94,0,0,0,original,original
1939,95,0,0,0,original,original
1939,96,0,0,0,original,original
1939,97,0,0,0,original,original
1939,98,0,0,0,original,original
1939,99,0,0,0,original,original
1940,0,906763,841196,1747959,reconstructed,reconstructed
1940,1,267491,261984,529475,reconstructed,reconstructed
1940,2,631184,604346,1235530,reconstructed,reconstructed
1940,3,600224,576397,1176621,reconstructed,reconstructed
1940,4,598674,575761,1174435,reconstructed,reconstructed
1940,5,593956,569162,1163118,reconstructed,reconstructed
1940,6,560114,537231,1097345,reconstructed,reconstructed
1940,7,452259,434854,887113,reconstructed,reconstructed
1940,8,459212,443932,903144,reconstructed,reconstructed
1940,9,477857,461655,939512,reconstructed,reconstructed
1940,10,522928,507657,1030585,reconstructed,reconstructed
1940,11,520356,505293,1025649,reconstructed,reconstructed
1940,12,536153,522482,1058635,reconstructed,reconstructed
1940,13,520623,510090,1030713,reconstructed,reconstructed
1940,14,538774,531660,1070434,reconstructed,reconstructed
1940,15,562947,560147,1123094,reconstructed,reconstructed
1940,16,550521,551171,1101692,reconstructed,reconstructed
1940,17,550618,551621,1102239,reconstructed,reconstructed
1940,18,573703,581452,1155155,reconstructed,reconstructed
1940,19,579502,617069,1196571,reconstructed,reconstructed
1940,20,536823,633007,1169830,reconstructed,reconstructed
1940,21,350483,472238,822721,reconstructed,reconstructed
1940,22,189245,318314,507559,reconstructed,reconstructed
1940,23,133798,305989,439787,reconstructed,reconstructed
1940,24,152946,341865,494811,reconstructed,reconstructed
1940,25,272560,462761,735321,reconstructed,reconstructed
1940,26,552268,595745,1148013,reconstructed,reconstructed
1940,27,591927,610452,1202379,reconstructed,reconstructed
1940,28,619425,626419,1245844,reconstructed,reconstructed
1940,29,594249,598847,1193096,reconstructed,reconstructed
1940,30,618577,627442,1246019,reconstructed,reconstructed
1940,31,635520,640432,1275952,reconstructed,reconstructed
1940,32,637299,642807,1280106,reconstructed,reconstructed
1940,33,627918,629661,1257579,reconstructed,reconstructed
1940,34,622343,627551,1249894,reconstructed,reconstructed
1940,35,600900,603083,1203983,reconstructed,reconstructed
1940,36,603638,607323,1210961,reconstructed,reconstructed
1940,37,583356,588247,1171603,reconstructed,reconstructed
1940,38,598650,602042,1200692,reconstructed,reconstructed
1940,39,583375,585985,1169360,reconstructed,reconstructed
1940,40,557796,566689,1124485,reconstructed,reconstructed
1940,41,518128,559766,1077894,reconstructed,reconstructed
1940,42,484837,555348,1040185,reconstructed,reconstructed
1940,43,452082,539150,991232,reconstructed,reconstructed
1940,44,432464,538720,971184,reconstructed,reconstructed
1940,45,402533,514584,917117,reconstructed,reconstructed
1940,46,386569,504351,890920,reconstructed,reconstructed
1940,47,382923,495149,878072,reconstructed,reconstructed
1940,48,368938,470662,839600,reconstructed,reconstructed
1940,49,373663,470360,844023,reconstructed,reconstructed
1940,50,360479,446862,807341,reconstructed,reconstructed
1940,51,361568,447075,808643,reconstructed,reconstructed
1940,52,360211,435182,795393,reconstructed,reconstructed
1940,53,359161,427942,787103,reconstructed,reconstructed
1940,54,344896,409575,754471,reconstructed,reconstructed
1940,55,342297,401394,743691,reconstructed,reconstructed
1940,56,332811,387250,720061,reconstructed,reconstructed
1940,57,319546,369279,688825,reconstructed,reconstructed
1940,58,319727,366863,686590,reconstructed,reconstructed
1940,59,310035,350035,660070,reconstructed,reconstructed
1940,60,304833,344544,649377,reconstructed,reconstructed
1940,61,308781,348304,657085,reconstructed,reconstructed
1940,62,301134,339378,640512,reconstructed,reconstructed
1940,63,297916,330360,628276,reconstructed,reconstructed
1940,64,288873,322158,611031,reconstructed,reconstructed
1940,65,276651,303649,580300,reconstructed,reconstructed
1940,66,257544,284070,541614,reconstructed,reconstructed
1940,67,239316,263493,502809,reconstructed,reconstructed
1940,68,226317,252238,478555,reconstructed,reconstructed
1940,69,180068,199237,379305,reconstructed,reconstructed
1940,70,189699,213906,403605,reconstructed,reconstructed
1940,71,179465,203613,383078,reconstructed,reconstructed
1940,72,156375,180034,336409,reconstructed,reconstructed
1940,73,142414,164493,306907,reconstructed,reconstructed
1940,74,134162,159297,293459,reconstructed,reconstructed
1940,75,113708,137644,251352,reconstructed,reconstructed
1940,76,103754,128465,232219,reconstructed,reconstructed
1940,77,91203,113178,204381,reconstructed,reconstructed
1940,78,75867,95696,171563,reconstructed,reconstructed
1940,79,63970,81220,145190,reconstructed,reconstructed
1940,80,52432,68174,120606,reconstructed,reconstructed
1940,81,48992,65771,114763,reconstructed,reconstructed
1940,82,38964,53006,91970,reconstructed,reconstructed
1940,83,30641,42817,73458,reconstructed,reconstructed
1940,84,23502,34067,57569,reconstructed,reconstructed
1940,85,17853,25837,43690,reconstructed,reconstructed
1940,86,14313,22262,36575,reconstructed,reconstructed
1940,87,10682,16825,27507,reconstructed,reconstructed
1940,88,7827,12917,20744,reconstructed,reconstructed
1940,89,5581,9299,14880,reconstructed,reconstructed
1940,90,4019,7011,11030,reconstructed,reconstructed
1940,91,0,0,0,reconstructed,reconstructed
1940,92,0,0,0,reconstructed,reconstructed
1940,93,0,0,0,reconstructed,reconstructed
1940,94,0,0,0,reconstructed,reconstructed
1940,95,0,0,0,reconstructed,reconstructed
1940,96,0,0,0,reconstructed,reconstructed
1940,97,0,0,0,reconstructed,reconstructed
1940,98,0,0,0,reconstructed,reconstructed
1940,99,0,0,0,reconstructed,reconstructed
1941,0,831123,767077,1598200,reconstructed,reconstructed
1941,1,742231,712451,1454682,reconstructed,reconstructed
1941,2,303903,296625,600528,reconstructed,reconstructed
1941,3,627098,601228,1228326,reconstructed,reconstructed
1941,4,598325,574855,1173180,reconstructed,reconstructed
1941,5,597369,575062,1172431,reconstructed,reconstructed
1941,6,593654,569265,1162919,reconstructed,reconstructed
1941,7,558877,536579,1095456,reconstructed,reconstructed
1941,8,452369,435484,887853,reconstructed,reconstructed
1941,9,459354,444852,904206,reconstructed,reconstructed
1941,10,477734,462661,940395,reconstructed,reconstructed
1941,11,522083,508104,1030187,reconstructed,reconstructed
1941,12,519040,505595,1024635,reconstructed,reconstructed
1941,13,533755,521757,1055512,reconstructed,reconstructed
1941,14,514820,509714,1024534,reconstructed,reconstructed
1941,15,528491,531218,1059709,reconstructed,reconstructed
1941,16,549572,559769,1109341,reconstructed,reconstructed
1941,17,533131,549718,1082849,reconstructed,reconstructed
1941,18,533133,551061,1084194,reconstructed,reconstructed
1941,19,557084,581659,1138743,reconstructed,reconstructed
1941,20,564071,617109,1181180,reconstructed,reconstructed
1941,21,527012,634551,1161563,reconstructed,reconstructed
1941,22,346524,469315,815839,reconstructed,reconstructed
1941,23,192812,318374,511186,reconstructed,reconstructed
1941,24,142963,306699,449662,reconstructed,reconstructed
1941,25,162645,342673,505318,reconstructed,reconstructed
1941,26,279336,464977,744313,reconstructed,reconstructed
1941,27,538398,596154,1134552,reconstructed,reconstructed
1941,28,576727,611082,1187809,reconstructed,reconstructed
1941,29,603575,627066,1230641,reconstructed,reconstructed
1941,30,579503,599602,1179105,reconstructed,reconstructed
1941,31,603635,628224,1231859,reconstructed,reconstructed
1941,32,621201,641205,1262406,reconstructed,reconstructed
1941,33,623314,643166,1266480,reconstructed,reconstructed
1941,34,615856,630069,1245925,reconstructed,reconstructed
1941,35,610805,627156,1237961,reconstructed,reconstructed
1941,36,593831,603062,1196893,reconstructed,reconstructed
1941,37,596437,606529,1202966,reconstructed,reconstructed
1941,38,576496,587569,1164065,reconstructed,reconstructed
1941,39,591380,601303,1192683,reconstructed,reconstructed
1941,40,576201,584869,1161070,reconstructed,reconstructed
1941,41,551560,566032,1117592,reconstructed,reconstructed
1941,42,512754,558651,1071405,reconstructed,reconstructed
1941,43,480075,554195,1034270,reconstructed,reconstructed
1941,44,447416,537653,985069,reconstructed,reconstructed
1941,45,428486,537227,965713,reconstructed,reconstructed
1941,46,398957,513327,912284,reconstructed,reconstructed
1941,47,382942,502653,885595,reconstructed,reconstructed
1941,48,378795,492862,871657,reconstructed,reconstructed
1941,49,365091,468756,833847,reconstructed,reconstructed
1941,50,369353,468099,837452,reconstructed,reconstructed
1941,51,356404,445536,801940,reconstructed,reconstructed
1941,52,357090,444887,801977,reconstructed,reconstructed
1941,53,355499,432765,788264,reconstructed,reconstructed
1941,54,353737,424882,778619,reconstructed,reconstructed
1941,55,339695,406769,746464,reconstructed,reconstructed
1941,56,336873,398466,735339,reconstructed,reconstructed
1941,57,327044,383994,711038,reconstructed,reconstructed
1941,58,313926,365846,679772,reconstructed,reconstructed
1941,59,313200,362582,675782,reconstructed,reconstructed
1941,60,303428,345884,649312,reconstructed,reconstructed
1941,61,298111,340360,638471,reconstructed,reconstructed
1941,62,300623,342563,643186,reconstructed,reconstructed
1941,63,292758,333423,626181,reconstructed,reconstructed
1941,64,288349,323112,611461,reconstructed,reconstructed
1941,65,278967,314317,593284,reconstructed,reconstructed
1941,66,266120,295565,561685,reconstructed,reconstructed
1941,67,246831,275118,521949,reconstructed,reconstructed
1941,68,228274,253986,482260,reconstructed,reconstructed
1941,69,214373,241581,455954,reconstructed,reconstructed
1941,70,170270,190508,360778,reconstructed,reconstructed
1941,71,178205,203508,381713,reconstructed,reconstructed
1941,72,166343,191114,357457,reconstructed,reconstructed
1941,73,143725,168107,311832,reconstructed,reconstructed
1941,74,129682,152238,281920,reconstructed,reconstructed
1941,75,121070,146360,267430,reconstructed,reconstructed
1941,76,101076,125069,226145,reconstructed,reconstructed
1941,77,91399,114976,206375,reconstructed,reconstructed
1941,78,79541,100074,179615,reconstructed,reconstructed
1941,79,64659,83553,148212,reconstructed,reconstructed
1941,80,53817,69391,123208,reconstructed,reconstructed
1941,81,39612,52067,91679,reconstructed,reconstructed
1941,82,40317,54836,95153,reconstructed,reconstructed
1941,83,31338,43280,74618,reconstructed,reconstructed
1941,84,24152,34430,58582,reconstructed,reconstructed
1941,85,18219,27084,45303,reconstructed,reconstructed
1941,86,13642,20188,33830,reconstructed,reconstructed
1941,87,10693,16975,27668,reconstructed,reconstructed
1941,88,7796,12605,20401,reconstructed,reconstructed
1941,89,5595,9500,15095,reconstructed,reconstructed
1941,90,3861,6656,10517,reconstructed,reconstructed
1941,91,0,0,0,reconstructed,reconstructed
1941,92,0,0,0,reconstructed,reconstructed
1941,93,0,0,0,reconstructed,reconstructed
1941,94,0,0,0,reconstructed,reconstructed
1941,95,0,0,0,reconstructed,reconstructed
1941,96,0,0,0,reconstructed,reconstructed
1941,97,0,0,0,reconstructed,reconstructed
1941,98,0,0,0,reconstructed,reconstructed
1941,99,0,0,0,reconstructed,reconstructed
1942,0,692752,640100,1332852,reconstructed,reconstructed
1942,1,680316,649676,1329992,reconstructed,reconstructed
1942,2,718257,690372,1408629,reconstructed,reconstructed
1942,3,344748,335478,680226,reconstructed,reconstructed
1942,4,625844,600575,1226419,reconstructed,reconstructed
1942,5,597502,574385,1171887,reconstructed,reconstructed
1942,6,596886,575057,1171943,reconstructed,reconstructed
1942,7,593819,569792,1163611,reconstructed,reconstructed
1942,8,557938,536226,1094164,reconstructed,reconstructed
1942,9,452678,436289,888967,reconstructed,reconstructed
1942,10,459626,445876,905502,reconstructed,reconstructed
1942,11,477680,463724,941404,reconstructed,reconstructed
1942,12,521302,508588,1029890,reconstructed,reconstructed
1942,13,517805,505900,1023705,reconstructed,reconstructed
1942,14,531305,520933,1052238,reconstructed,reconstructed
1942,15,508885,509198,1018083,reconstructed,reconstructed
1942,16,518056,530642,1048698,reconstructed,reconstructed
1942,17,535990,559238,1095228,reconstructed,reconstructed
1942,18,515603,548158,1063761,reconstructed,reconstructed
1942,19,515551,550383,1065934,reconstructed,reconstructed
1942,20,540380,581724,1122104,reconstructed,reconstructed
1942,21,548674,617053,1165727,reconstructed,reconstructed
1942,22,517265,635953,1153218,reconstructed,reconstructed
1942,23,342594,466329,808923,reconstructed,reconstructed
1942,24,196359,318376,514735,reconstructed,reconstructed
1942,25,152036,307302,459338,reconstructed,reconstructed
1942,26,172235,343366,515601,reconstructed,reconstructed
1942,27,286025,467079,753104,reconstructed,reconstructed
1942,28,524654,596518,1121172,reconstructed,reconstructed
1942,29,561675,611696,1173371,reconstructed,reconstructed
1942,30,587796,627551,1215347,reconstructed,reconstructed
1942,31,564772,600193,1164965,reconstructed,reconstructed
1942,32,588733,628964,1217697,reconstructed,reconstructed
1942,33,606929,641897,1248826,reconstructed,reconstructed
1942,34,609344,643440,1252784,reconstructed,reconstructed
1942,35,603732,630274,1234006,reconstructed,reconstructed
1942,36,599194,626453,1225647,reconstructed,reconstructed
1942,37,586708,602923,1189631,reconstructed,reconstructed
1942,38,589037,605730,1194767,reconstructed,reconstructed
1942,39,569403,586838,1156241,reconstructed,reconstructed
1942,40,583948,600425,1184373,reconstructed,reconstructed
1942,41,568805,583670,1152475,reconstructed,reconstructed
1942,42,545153,565344,1110497,reconstructed,reconstructed
1942,43,507189,557407,1064596,reconstructed,reconstructed
1942,44,475105,552940,1028045,reconstructed,reconstructed
1942,45,442530,536089,978619,reconstructed,reconstructed
1942,46,424227,535532,959759,reconstructed,reconstructed
1942,47,395134,511783,906917,reconstructed,reconstructed
1942,48,379033,500610,879643,reconstructed,reconstructed
1942,49,374358,490293,864651,reconstructed,reconstructed
1942,50,360937,466603,827540,reconstructed,reconstructed
1942,51,364714,465558,830272,reconstructed,reconstructed
1942,52,351989,443872,795861,reconstructed,reconstructed
1942,53,352226,442202,794428,reconstructed,reconstructed
1942,54,350430,429908,780338,reconstructed,reconstructed
1942,55,347988,421471,769459,reconstructed,reconstructed
1942,56,333985,403589,737574,reconstructed,reconstructed
1942,57,330914,394995,725909,reconstructed,reconstructed
1942,58,320795,379984,700779,reconstructed,reconstructed
1942,59,307680,361733,669413,reconstructed,reconstructed
1942,60,306191,357664,663855,reconstructed,reconstructed
1942,61,296364,341093,637457,reconstructed,reconstructed
1942,62,290596,335379,625975,reconstructed,reconstructed
1942,63,291843,335886,627729,reconstructed,reconstructed
1942,64,283821,326466,610287,reconstructed,reconstructed
1942,65,278001,314965,592966,reconstructed,reconstructed
1942,66,268505,305686,574191,reconstructed,reconstructed
1942,67,255206,286394,541600,reconstructed,reconstructed
1942,68,235535,265241,500776,reconstructed,reconstructed
1942,69,216509,243559,460068,reconstructed,reconstructed
1942,70,201907,230004,431911,reconstructed,reconstructed
1942,71,160150,181227,341377,reconstructed,reconstructed
1942,72,166146,192107,358253,reconstructed,reconstructed
1942,73,152845,177838,330683,reconstructed,reconstructed
1942,74,131105,155885,286990,reconstructed,reconstructed
1942,75,117003,139891,256894,reconstructed,reconstructed
1942,76,108002,133190,241192,reconstructed,reconstructed
1942,77,88964,112163,201127,reconstructed,reconstructed
1942,78,79831,101883,181714,reconstructed,reconstructed
1942,79,68346,87537,155883,reconstructed,reconstructed
1942,80,54289,71886,126175,reconstructed,reconstructed
1942,81,44769,58564,103333,reconstructed,reconstructed
1942,82,28975,38587,67562,reconstructed,reconstructed
1942,83,32426,44774,77200,reconstructed,reconstructed
1942,84,24701,34802,59503,reconstructed,reconstructed
1942,85,18722,27373,46095,reconstructed,reconstructed
1942,86,13921,21163,35084,reconstructed,reconstructed
1942,87,10192,15394,25586,reconstructed,reconstructed
1942,88,7804,12717,20521,reconstructed,reconstructed
1942,89,5573,9270,14843,reconstructed,reconstructed
1942,90,3871,6799,10670,reconstructed,reconstructed
1942,91,0,0,0,reconstructed,reconstructed
1942,92,0,0,0,reconstructed,reconstructed
1942,93,0,0,0,reconstructed,reconstructed
1942,94,0,0,0,reconstructed,reconstructed
1942,95,0,0,0,reconstructed,reconstructed
1942,96,0,0,0,reconstructed,reconstructed
1942,97,0,0,0,reconstructed,reconstructed
1942,98,0,0,0,reconstructed,reconstructed
1942,99,0,0,0,reconstructed,reconstructed
1943,0,682792,629363,1312155,reconstructed,reconstructed
1943,1,567052,542133,1109185,reconstructed,reconstructed
1943,2,658341,629543,1287884,reconstructed,reconstructed
1943,3,709595,682426,1392021,reconstructed,reconstructed
1943,4,386307,374942,761249,reconstructed,reconstructed
1943,5,625705,601030,1226735,reconstructed,reconstructed
1943,6,597496,574607,1172103,reconstructed,reconstructed
1943,7,596874,575480,1172354,reconstructed,reconstructed
1943,8,594292,570628,1164920,reconstructed,reconstructed
1943,9,557251,536096,1093347,reconstructed,reconstructed
1943,10,453114,437197,890311,reconstructed,reconstructed
1943,11,459963,446955,906918,reconstructed,reconstructed
1943,12,477682,464818,942500,reconstructed,reconstructed
1943,13,520601,509072,1029673,reconstructed,reconstructed
1943,14,516516,506104,1022620,reconstructed,reconstructed
1943,15,528704,519970,1048674,reconstructed,reconstructed
1943,16,502784,508555,1011339,reconstructed,reconstructed
1943,17,507414,529921,1037335,reconstructed,reconstructed
1943,18,522243,558592,1080835,reconstructed,reconstructed
1943,19,497987,546487,1044474,reconstructed,reconstructed
1943,20,497910,549576,1047486,reconstructed,reconstructed
1943,21,523726,581698,1105424,reconstructed,reconstructed
1943,22,533392,616870,1150262,reconstructed,reconstructed
1943,23,507597,637224,1144821,reconstructed,reconstructed
1943,24,338725,463284,802009,reconstructed,reconstructed
1943,25,199864,318273,518137,reconstructed,reconstructed
1943,26,161008,307802,468810,reconstructed,reconstructed
1943,27,181720,343985,525705,reconstructed,reconstructed
1943,28,292647,469128,761775,reconstructed,reconstructed
1943,29,511044,596869,1107913,reconstructed,reconstructed
1943,30,546692,612152,1158844,reconstructed,reconstructed
1943,31,572041,627867,1199908,reconstructed,reconstructed
1943,32,550087,600745,1150832,reconstructed,reconstructed
1943,33,573889,629625,1203514,reconstructed,reconstructed
1943,34,592678,642502,1235180,reconstructed,reconstructed
1943,35,595336,643508,1238844,reconstructed,reconstructed
1943,36,591543,630161,1221704,reconstructed,reconstructed
1943,37,587584,625638,1213222,reconstructed,reconstructed
1943,38,579389,602772,1182161,reconstructed,reconstructed
1943,39,581405,604878,1186283,reconstructed,reconstructed
1943,40,562156,585971,1148127,reconstructed,reconstructed
1943,41,576293,599458,1175751,reconstructed,reconstructed
1943,42,561249,582447,1143696,reconstructed,reconstructed
1943,43,538554,564518,1103072,reconstructed,reconstructed
1943,44,501414,556061,1057475,reconstructed,reconstructed
1943,45,469901,551611,1021512,reconstructed,reconstructed
1943,46,437370,534324,971694,reconstructed,reconstructed
1943,47,419717,533544,953261,reconstructed,reconstructed
1943,48,391022,509885,900907,reconstructed,reconstructed
1943,49,374808,498275,873083,reconstructed,reconstructed
1943,50,369619,487476,857095,reconstructed,reconstructed
1943,51,356462,464168,820630,reconstructed,reconstructed
1943,52,359744,462689,822433,reconstructed,reconstructed
1943,53,347196,441700,788896,reconstructed,reconstructed
1943,54,347017,439073,786090,reconstructed,reconstructed
1943,55,345029,426690,771719,reconstructed,reconstructed
1943,56,341735,417689,759424,reconstructed,reconstructed
1943,57,327758,399867,727625,reconstructed,reconstructed
1943,58,324473,390753,715226,reconstructed,reconstructed
1943,59,313933,375285,689218,reconstructed,reconstructed
1943,60,300952,356978,657930,reconstructed,reconstructed
1943,61,298741,352115,650856,reconstructed,reconstructed
1943,62,288538,335533,624071,reconstructed,reconstructed
1943,63,282455,329446,611901,reconstructed,reconstructed
1943,64,282536,328240,610776,reconstructed,reconstructed
1943,65,274077,318576,592653,reconstructed,reconstructed
1943,66,267141,306047,573188,reconstructed,reconstructed
1943,67,257641,295951,553592,reconstructed,reconstructed
1943,68,243674,276246,519920,reconstructed,reconstructed
1943,69,223482,254398,477880,reconstructed,reconstructed
1943,70,204181,232170,436351,reconstructed,reconstructed
1943,71,189167,217882,407049,reconstructed,reconstructed
1943,72,149493,171057,320550,reconstructed,reconstructed
1943,73,153551,179763,333314,reconstructed,reconstructed
1943,74,139387,164351,303738,reconstructed,reconstructed
1943,75,118493,143515,262008,reconstructed,reconstructed
1943,76,104351,127317,231668,reconstructed,reconstructed
1943,77,95397,119623,215020,reconstructed,reconstructed
1943,78,77639,99588,177227,reconstructed,reconstructed
1943,79,68698,89310,158008,reconstructed,reconstructed
1943,80,57861,75453,133314,reconstructed,reconstructed
1943,81,45068,61098,106166,reconstructed,reconstructed
1943,82,36506,48560,85066,reconstructed,reconstructed
1943,83,20392,27568,47960,reconstructed,reconstructed
1943,84,25559,36004,61563,reconstructed,reconstructed
1943,85,19148,27668,46816,reconstructed,reconstructed
1943,86,14306,21388,35694,reconstructed,reconstructed
1943,87,10400,16137,26537,reconstructed,reconstructed
1943,88,7438,11533,18971,reconstructed,reconstructed
1943,89,5579,9353,14932,reconstructed,reconstructed
1943,90,3856,6635,10491,reconstructed,reconstructed
1943,91,0,0,0,reconstructed,reconstructed
1943,92,0,0,0,reconstructed,reconstructed
1943,93,0,0,0,reconstructed,reconstructed
1943,94,0,0,0,reconstructed,reconstructed
1943,95,0,0,0,reconstructed,reconstructed
1943,96,0,0,0,reconstructed,reconstructed
1943,97,0,0,0,reconstructed,reconstructed
1943,98,0,0,0,reconstructed,reconstructed
1943,99,0,0,0,reconstructed,reconstructed
1944,0,666025,617082,1283107,reconstructed,reconstructed
1944,1,558900,533039,1091939,reconstructed,reconstructed
1944,2,548736,525332,1074068,reconstructed,reconstructed
1944,3,650402,622297,1272699,reconstructed,reconstructed
1944,4,704216,677363,1381579,reconstructed,reconstructed
1944,5,427991,414582,842573,reconstructed,reconstructed
1944,6,626416,602199,1228615,reconstructed,reconstructed
1944,7,597960,575255,1173215,reconstructed,reconstructed
1944,8,597173,576216,1173389,reconstructed,reconstructed
1944,9,595025,571694,1166719,reconstructed,reconstructed
1944,10,556726,536097,1092823,reconstructed,reconstructed
1944,11,453614,438160,891774,reconstructed,reconstructed
1944,12,460352,448064,908416,reconstructed,reconstructed
1944,13,477753,465909,943662,reconstructed,reconstructed
1944,14,519843,509455,1029298,reconstructed,reconstructed
1944,15,515076,506168,1021244,reconstructed,reconstructed
1944,16,525912,518878,1044790,reconstructed,reconstructed
1944,17,496458,507774,1004232,reconstructed,reconstructed
1944,18,496601,529093,1025694,reconstructed,reconstructed
1944,19,508376,557827,1066203,reconstructed,reconstructed
1944,20,480319,544695,1025014,reconstructed,reconstructed
1944,21,480334,548690,1029024,reconstructed,reconstructed
1944,22,507199,581553,1088752,reconstructed,reconstructed
1944,23,518241,616574,1134815,reconstructed,reconstructed
1944,24,498054,638371,1136425,reconstructed,reconstructed
1944,25,334873,460114,794987,reconstructed,reconstructed
1944,26,203313,318071,521384,reconstructed,reconstructed
1944,27,169882,308238,478120,reconstructed,reconstructed
1944,28,191113,344575,535688,reconstructed,reconstructed
1944,29,299208,471149,770357,reconstructed,reconstructed
1944,30,497497,597068,1094565,reconstructed,reconstructed
1944,31,531734,612443,1144177,reconstructed,reconstructed
1944,32,556340,628146,1184486,reconstructed,reconstructed
1944,33,535464,601224,1136688,reconstructed,reconstructed
1944,34,559081,630201,1189282,reconstructed,reconstructed
1944,35,578398,642897,1221295,reconstructed,reconstructed
1944,36,581289,643254,1224543,reconstructed,reconstructed
1944,37,579365,629927,1209292,reconstructed,reconstructed
1944,38,575836,624817,1200653,reconstructed,reconstructed
1944,39,571842,602559,1174401,reconstructed,reconstructed
1944,40,573621,603889,1177510,reconstructed,reconstructed
1944,41,554696,585018,1139714,reconstructed,reconstructed
1944,42,568479,598462,1166941,reconstructed,reconstructed
1944,43,553512,581089,1134601,reconstructed,reconstructed
1944,44,531746,563583,1095329,reconstructed,reconstructed
1944,45,495403,554642,1050045,reconstructed,reconstructed
1944,46,464407,550072,1014479,reconstructed,reconstructed
1944,47,431968,532268,964236,reconstructed,reconstructed
1944,48,414910,531193,946103,reconstructed,reconstructed
1944,49,386587,507686,894273,reconstructed,reconstructed
1944,50,370275,495683,865958,reconstructed,reconstructed
1944,51,364565,484376,848941,reconstructed,reconstructed
1944,52,351659,461404,813063,reconstructed,reconstructed
1944,53,354401,459318,813719,reconstructed,reconstructed
1944,54,342061,439071,781132,reconstructed,reconstructed
1944,55,341485,435581,777066,reconstructed,reconstructed
1944,56,339114,423088,762202,reconstructed,reconstructed
1944,57,334971,413360,748331,reconstructed,reconstructed
1944,58,321070,395371,716441,reconstructed,reconstructed
1944,59,317419,385807,703226,reconstructed,reconstructed
1944,60,306607,369938,676545,reconstructed,reconstructed
1944,61,293781,351585,645366,reconstructed,reconstructed
1944,62,290543,345801,636344,reconstructed,reconstructed
1944,63,280114,329053,609167,reconstructed,reconstructed
1944,64,273777,322526,596303,reconstructed,reconstructed
1944,65,272459,319700,592159,reconstructed,reconstructed
1944,66,263787,309880,573667,reconstructed,reconstructed
1944,67,255923,296046,551969,reconstructed,reconstructed
1944,68,246139,285229,531368,reconstructed,reconstructed
1944,69,231342,265078,496420,reconstructed,reconstructed
1944,70,210837,242545,453382,reconstructed,reconstructed
1944,71,191541,220196,411737,reconstructed,reconstructed
1944,72,175902,204812,380714,reconstructed,reconstructed
1944,73,138324,160048,298372,reconstructed,reconstructed
1944,74,140835,167040,307875,reconstructed,reconstructed
1944,75,125944,150807,276751,reconstructed,reconstructed
1944,76,105864,130858,236722,reconstructed,reconstructed
1944,77,92154,114361,206515,reconstructed,reconstructed
1944,78,83549,106366,189915,reconstructed,reconstructed
1944,79,66755,87471,154226,reconstructed,reconstructed
1944,80,58247,77145,135392,reconstructed,reconstructed
1944,81,48438,64248,112686,reconstructed,reconstructed
1944,82,36673,51021,87694,reconstructed,reconstructed
1944,83,29091,39431,68522,reconstructed,reconstructed
1944,84,13777,19001,32778,reconstructed,reconstructed
1944,85,19813,28624,48437,reconstructed,reconstructed
1944,86,14631,21619,36250,reconstructed,reconstructed
1944,87,10688,16309,26997,reconstructed,reconstructed
1944,88,7590,12090,19680,reconstructed,reconstructed
1944,89,5318,8481,13799,reconstructed,reconstructed
1944,90,3860,6694,10554,reconstructed,reconstructed
1944,91,0,0,0,reconstructed,reconstructed
1944,92,0,0,0,reconstructed,reconstructed
1944,93,0,0,0,reconstructed,reconstructed
1944,94,0,0,0,reconstructed,reconstructed
1944,95,0,0,0,reconstructed,reconstructed
1944,96,0,0,0,reconstructed,reconstructed
1944,97,0,0,0,reconstructed,reconstructed
1944,98,0,0,0,reconstructed,reconstructed
1944,99,0,0,0,reconstructed,reconstructed
1945,0,490845,460808,951653,reconstructed,reconstructed
1945,1,545175,522638,1067813,reconstructed,reconstructed
1945,2,540847,516520,1057367,reconstructed,reconstructed
1945,3,542119,519286,1061405,reconstructed,reconstructed
1945,4,645472,617679,1263151,reconstructed,reconstructed
1945,5,700146,673603,1373749,reconstructed,reconstructed
1945,6,469831,454327,924158,reconstructed,reconstructed
1945,7,627612,603807,1231419,reconstructed,reconstructed
1945,8,598730,576214,1174944,reconstructed,reconstructed
1945,9,597734,577186,1174920,reconstructed,reconstructed
1945,10,595923,572895,1168818,reconstructed,reconstructed
1945,11,556283,536171,1092454,reconstructed,reconstructed
1945,12,454164,439152,893316,reconstructed,reconstructed
1945,13,460807,449170,909977,reconstructed,reconstructed
1945,14,477770,466905,944675,reconstructed,reconstructed
1945,15,518929,509696,1028625,reconstructed,reconstructed
1945,16,513443,506101,1019544,reconstructed,reconstructed
1945,17,522863,517648,1040511,reconstructed,reconstructed
1945,18,489936,506891,996827,reconstructed,reconstructed
1945,19,485656,528154,1013810,reconstructed,reconstructed
1945,20,494420,556932,1051352,reconstructed,reconstructed
1945,21,462721,542833,1005554,reconstructed,reconstructed
1945,22,462897,547698,1010595,reconstructed,reconstructed
1945,23,490816,581300,1072116,reconstructed,reconstructed
1945,24,503266,616170,1119436,reconstructed,reconstructed
1945,25,488573,639296,1127869,reconstructed,reconstructed
1945,26,331020,456831,787851,reconstructed,reconstructed
1945,27,206713,317809,524522,reconstructed,reconstructed
1945,28,178669,308648,487317,reconstructed,reconstructed
1945,29,200417,345152,545569,reconstructed,reconstructed
1945,30,305666,473031,778697,reconstructed,reconstructed
1945,31,483971,597109,1081080,reconstructed,reconstructed
1945,32,516831,612699,1129530,reconstructed,reconstructed
1945,33,540712,628352,1169064,reconstructed,reconstructed
1945,34,520883,601623,1122506,reconstructed,reconstructed
1945,35,544260,630571,1174831,reconstructed,reconstructed
1945,36,564088,642966,1207054,reconstructed,reconstructed
1945,37,567278,642878,1210156,reconstructed,reconstructed
1945,38,567061,629681,1196742,reconstructed,reconstructed
1945,39,563925,623942,1187867,reconstructed,reconstructed
1945,40,564148,602200,1166348,reconstructed,reconstructed
1945,41,565627,602811,1168438,reconstructed,reconstructed
1945,42,547084,584037,1131121,reconstructed,reconstructed
1945,43,560484,597324,1157808,reconstructed,reconstructed
1945,44,545578,579626,1125204,reconstructed,reconstructed
1945,45,524702,562568,1087270,reconstructed,reconstructed
1945,46,489097,553013,1042110,reconstructed,reconstructed
1945,47,458656,548229,1006885,reconstructed,reconstructed
1945,48,426278,529851,956129,reconstructed,reconstructed
1945,49,409771,528536,938307,reconstructed,reconstructed
1945,50,381835,505221,887056,reconstructed,reconstructed
1945,51,365420,492798,858218,reconstructed,reconstructed
1945,52,359192,480946,840138,reconstructed,reconstructed
1945,53,346492,458137,804629,reconstructed,reconstructed
1945,54,348727,455501,804228,reconstructed,reconstructed
1945,55,336608,436065,772673,reconstructed,reconstructed
1945,56,335453,431704,767157,reconstructed,reconstructed
1945,57,332681,418926,751607,reconstructed,reconstructed
1945,58,327756,408248,736004,reconstructed,reconstructed
1945,59,313791,390172,703963,reconstructed,reconstructed
1945,60,309901,380199,690100,reconstructed,reconstructed
1945,61,298857,363950,662807,reconstructed,reconstructed
1945,62,285865,345422,631287,reconstructed,reconstructed
1945,63,281767,338570,620337,reconstructed,reconstructed
1945,64,271185,321620,592805,reconstructed,reconstructed
1945,65,264325,314687,579012,reconstructed,reconstructed
1945,66,261874,310396,572270,reconstructed,reconstructed
1945,67,253103,300061,553164,reconstructed,reconstructed
1945,68,244113,285082,529195,reconstructed,reconstructed
1945,69,233811,273478,507289,reconstructed,reconstructed
1945,70,218380,252845,471225,reconstructed,reconstructed
1945,71,197859,230076,427935,reconstructed,reconstructed
1945,72,178332,207230,385562,reconstructed,reconstructed
1945,73,162145,190864,353009,reconstructed,reconstructed
1945,74,127016,148705,275721,reconstructed,reconstructed
1945,75,127975,154096,282071,reconstructed,reconstructed
1945,76,112491,137060,249551,reconstructed,reconstructed
1945,77,93651,117756,211407,reconstructed,reconstructed
1945,78,80691,101699,182390,reconstructed,reconstructed
1945,79,72092,93558,165650,reconstructed,reconstructed
1945,80,56551,75703,132254,reconstructed,reconstructed
1945,81,48835,65826,114661,reconstructed,reconstructed
1945,82,39752,53749,93501,reconstructed,reconstructed
1945,83,29163,41725,70888,reconstructed,reconstructed
1945,84,22718,31531,54249,reconstructed,reconstructed
1945,85,8900,12589,21489,reconstructed,reconstructed
1945,86,15139,22366,37505,reconstructed,reconstructed
1945,87,10931,16485,27416,reconstructed,reconstructed
1945,88,7800,12218,20018,reconstructed,reconstructed
1945,89,5427,8891,14318,reconstructed,reconstructed
1945,90,3679,6071,9750,reconstructed,reconstructed
1945,91,0,0,0,reconstructed,reconstructed
1945,92,0,0,0,reconstructed,reconstructed
1945,93,0,0,0,reconstructed,reconstructed
1945,94,0,0,0,reconstructed,reconstructed
1945,95,0,0,0,reconstructed,reconstructed
1945,96,0,0,0,reconstructed,reconstructed
1945,97,0,0,0,reconstructed,reconstructed
1945,98,0,0,0,reconstructed,reconstructed
1945,99,0,0,0,reconstructed,reconstructed
1946,0,520199,480604,1000803,reconstructed,reconstructed
1946,1,401781,390281,792062,reconstructed,reconstructed
1946,2,527566,506441,1034007,reconstructed,reconstructed
1946,3,534324,510575,1044899,reconstructed,reconstructed
1946,4,538009,515433,1053442,reconstructed,reconstructed
1946,5,641741,614251,1255992,reconstructed,reconstructed
1946,6,697065,670687,1367752,reconstructed,reconstructed
1946,7,511706,494097,1005803,reconstructed,reconstructed
1946,8,629126,605736,1234862,reconstructed,reconstructed
1946,9,599761,577405,1177166,reconstructed,reconstructed
1946,10,598462,578292,1176754,reconstructed,reconstructed
1946,11,596903,574168,1171071,reconstructed,reconstructed
1946,12,555907,536284,1092191,reconstructed,reconstructed
1946,13,454778,440142,894920,reconstructed,reconstructed
1946,14,461207,450184,911391,reconstructed,reconstructed
1946,15,477641,467768,945409,reconstructed,reconstructed
1946,16,517820,509804,1027624,reconstructed,reconstructed
1946,17,511554,505893,1017447,reconstructed,reconstructed
1946,18,519584,516317,1035901,reconstructed,reconstructed
1946,19,483251,505901,989152,reconstructed,reconstructed
1946,20,474606,527093,1001699,reconstructed,reconstructed
1946,21,480497,555957,1036454,reconstructed,reconstructed
1946,22,445263,540874,986137,reconstructed,reconstructed
1946,23,445614,546612,992226,reconstructed,reconstructed
1946,24,474619,580946,1055565,reconstructed,reconstructed
1946,25,488403,615566,1103969,reconstructed,reconstructed
1946,26,479126,640012,1119138,reconstructed,reconstructed
1946,27,327176,453491,780667,reconstructed,reconstructed
1946,28,210078,317528,527606,reconstructed,reconstructed
1946,29,187373,309048,496421,reconstructed,reconstructed
1946,30,209607,345638,555245,reconstructed,reconstructed
1946,31,311992,474769,786761,reconstructed,reconstructed
1946,32,470494,597118,1067612,reconstructed,reconstructed
1946,33,501998,612883,1114881,reconstructed,reconstructed
1946,34,525134,628478,1153612,reconstructed,reconstructed
1946,35,506298,601828,1108126,reconstructed,reconstructed
1946,36,529428,630621,1160049,reconstructed,reconstructed
1946,37,549822,642909,1192731,reconstructed,reconstructed
1946,38,553170,642491,1195661,reconstructed,reconstructed
1946,39,554607,629371,1183978,reconstructed,reconstructed
1946,40,551934,622925,1174859,reconstructed,reconstructed
1946,41,556247,601745,1157992,reconstructed,reconstructed
1946,42,557484,601706,1159190,reconstructed,reconstructed
1946,43,539301,582917,1122218,reconstructed,reconstructed
1946,44,552293,596075,1148368,reconstructed,reconstructed
1946,45,537420,578089,1115509,reconstructed,reconstructed
1946,46,517359,561332,1078691,reconstructed,reconstructed
1946,47,482533,551080,1033613,reconstructed,reconstructed
1946,48,452601,546009,998610,reconstructed,reconstructed
1946,49,420268,527130,947398,reconstructed,reconstructed
1946,50,404310,525609,929919,reconstructed,reconstructed
1946,51,376754,502454,879208,reconstructed,reconstructed
1946,52,360239,489570,849809,reconstructed,reconstructed
1946,53,353462,477004,830466,reconstructed,reconstructed
1946,54,340997,454422,795419,reconstructed,reconstructed
1946,55,342745,451322,794067,reconstructed,reconstructed
1946,56,330663,432659,763322,reconstructed,reconstructed
1946,57,328915,427261,756176,reconstructed,reconstructed
1946,58,325784,413963,739747,reconstructed,reconstructed
1946,59,319957,402428,722385,reconstructed,reconstructed
1946,60,306071,384312,690383,reconstructed,reconstructed
1946,61,301963,373938,675901,reconstructed,reconstructed
1946,62,290379,357184,647563,reconstructed,reconstructed
1946,63,277369,338335,615704,reconstructed,reconstructed
1946,64,272504,330394,602898,reconstructed,reconstructed
1946,65,261516,313306,574822,reconstructed,reconstructed
1946,66,254351,306055,560406,reconstructed,reconstructed
1946,67,250932,300014,550946,reconstructed,reconstructed
1946,68,241793,289238,531031,reconstructed,reconstructed
1946,69,231529,273112,504641,reconstructed,reconstructed
1946,70,220831,260653,481484,reconstructed,reconstructed
1946,71,205055,239955,445010,reconstructed,reconstructed
1946,72,184283,216564,400847,reconstructed,reconstructed
1946,73,164589,193339,357928,reconstructed,reconstructed
1946,74,148337,176644,324981,reconstructed,reconstructed
1946,75,115550,137168,252718,reconstructed,reconstructed
1946,76,114947,140784,255731,reconstructed,reconstructed
1946,77,99487,122944,222431,reconstructed,reconstructed
1946,78,82144,104905,187049,reconstructed,reconstructed
1946,79,69612,89462,159074,reconstructed,reconstructed
1946,80,61288,81085,142373,reconstructed,reconstructed
1946,81,47372,64719,112091,reconstructed,reconstructed
1946,82,40139,55184,95323,reconstructed,reconstructed
1946,83,31885,44035,75920,reconstructed,reconstructed
1946,84,22724,33604,56328,reconstructed,reconstructed
1946,85,17446,24929,42375,reconstructed,reconstructed
1946,86,5440,7869,13309,reconstructed,reconstructed
1946,87,11310,17055,28365,reconstructed,reconstructed
1946,88,7978,12350,20328,reconstructed,reconstructed
1946,89,5576,8986,14562,reconstructed,reconstructed
1946,90,3754,6364,10118,reconstructed,reconstructed
1946,91,0,0,0,reconstructed,reconstructed
1946,92,0,0,0,reconstructed,reconstructed
1946,93,0,0,0,reconstructed,reconstructed
1946,94,0,0,0,reconstructed,reconstructed
1946,95,0,0,0,reconstructed,reconstructed
1946,96,0,0,0,reconstructed,reconstructed
1946,97,0,0,0,reconstructed,reconstructed
1946,98,0,0,0,reconstructed,reconstructed
1946,99,0,0,0,reconstructed,reconstructed
1947,0,587816,541136,1128952,reconstructed,reconstructed
1947,1,425809,407047,832856,reconstructed,reconstructed
1947,2,388804,378186,766990,reconstructed,reconstructed
1947,3,521203,500612,1021815,reconstructed,reconstructed
1947,4,530274,506786,1037060,reconstructed,reconstructed
1947,5,534900,512572,1047472,reconstructed,reconstructed
1947,6,638917,611591,1250508,reconstructed,reconstructed
1947,7,694556,668292,1362848,reconstructed,reconstructed
1947,8,553567,533877,1087444,reconstructed,reconstructed
1947,9,630909,607904,1238813,reconstructed,reconstructed
1947,10,600956,578732,1179688,reconstructed,reconstructed
1947,11,599273,579470,1178743,reconstructed,reconstructed
1947,12,597948,575478,1173426,reconstructed,reconstructed
1947,13,555614,536400,1092014,reconstructed,reconstructed
1947,14,455338,441042,896380,reconstructed,reconstructed
1947,15,461465,451068,912533,reconstructed,reconstructed
1947,16,477328,468505,945833,reconstructed,reconstructed
1947,17,516449,509770,1026219,reconstructed,reconstructed
1947,18,509431,505581,1015012,reconstructed,reconstructed
1947,19,516104,514881,1030985,reconstructed,reconstructed
1947,20,476427,504796,981223,reconstructed,reconstructed
1947,21,463566,525958,989524,reconstructed,reconstructed
1947,22,466679,554876,1021555,reconstructed,reconstructed
1947,23,427958,538830,966788,reconstructed,reconstructed
1947,24,428521,545438,973959,reconstructed,reconstructed
1947,25,458547,580402,1038949,reconstructed,reconstructed
1947,26,473624,614775,1088399,reconstructed,reconstructed
1947,27,469729,640595,1110324,reconstructed,reconstructed
1947,28,323365,450156,773521,reconstructed,reconstructed
1947,29,213413,317245,530658,reconstructed,reconstructed
1947,30,195970,309368,505338,reconstructed,reconstructed
1947,31,218658,346029,564687,reconstructed,reconstructed
1947,32,318195,476462,794657,reconstructed,reconstructed
1947,33,457079,597060,1054139,reconstructed,reconstructed
1947,34,487215,612990,1100205,reconstructed,reconstructed
1947,35,509564,628404,1137968,reconstructed,reconstructed
1947,36,491713,601729,1093442,reconstructed,reconstructed
1947,37,514654,630548,1145202,reconstructed,reconstructed
1947,38,535471,642836,1178307,reconstructed,reconstructed
1947,39,538946,642041,1180987,reconstructed,reconstructed
1947,40,542086,628911,1170997,reconstructed,reconstructed
1947,41,539813,621816,1161629,reconstructed,reconstructed
1947,42,548199,601253,1149452,reconstructed,reconstructed
1947,43,549173,600459,1149632,reconstructed,reconstructed
1947,44,531330,581689,1113019,reconstructed,reconstructed
1947,45,543879,594745,1138624,reconstructed,reconstructed
1947,46,528976,576332,1105308,reconstructed,reconstructed
1947,47,509758,559781,1069539,reconstructed,reconstructed
1947,48,475660,548769,1024429,reconstructed,reconstructed
1947,49,446205,543470,989675,reconstructed,reconstructed
1947,50,413947,524142,938089,reconstructed,reconstructed
1947,51,398512,522376,920888,reconstructed,reconstructed
1947,52,371339,499335,870674,reconstructed,reconstructed
1947,53,354692,485816,840508,reconstructed,reconstructed
1947,54,347415,472611,820026,reconstructed,reconstructed
1947,55,335200,450345,785545,reconstructed,reconstructed
1947,56,336279,446761,783040,reconstructed,reconstructed
1947,57,324219,428670,752889,reconstructed,reconstructed
1947,58,321929,422007,743936,reconstructed,reconstructed
1947,59,318295,408272,726567,reconstructed,reconstructed
1947,60,311730,395946,707676,reconstructed,reconstructed
1947,61,297953,377799,675752,reconstructed,reconstructed
1947,62,293294,366884,660178,reconstructed,reconstructed
1947,63,281342,349485,630827,reconstructed,reconstructed
1947,64,268384,330295,598679,reconstructed,reconstructed
1947,65,262522,321349,583871,reconstructed,reconstructed
1947,66,251359,304240,555599,reconstructed,reconstructed
1947,67,244003,296318,540321,reconstructed,reconstructed
1947,68,239404,288678,528082,reconstructed,reconstructed
1947,69,229675,277365,507040,reconstructed,reconstructed
1947,70,218343,260094,478437,reconstructed,reconstructed
1947,71,207468,247174,454642,reconstructed,reconstructed
1947,72,191094,225963,417057,reconstructed,reconstructed
1947,73,170144,202081,372225,reconstructed,reconstructed
1947,74,150757,179135,329892,reconstructed,reconstructed
1947,75,134453,162317,296770,reconstructed,reconstructed
1947,76,103903,125306,229209,reconstructed,reconstructed
1947,77,102224,126932,229156,reconstructed,reconstructed
1947,78,87239,109184,196423,reconstructed,reconstructed
1947,79,70986,92445,163431,reconstructed,reconstructed
1947,80,59168,77544,136712,reconstructed,reconstructed
1947,81,51524,69417,120941,reconstructed,reconstructed
1947,82,38903,54359,93262,reconstructed,reconstructed
1947,83,32245,45305,77550,reconstructed,reconstructed
1947,84,25064,35529,60593,reconstructed,reconstructed
1947,85,17412,26758,44170,reconstructed,reconstructed
1947,86,13205,19370,32575,reconstructed,reconstructed
1947,87,3048,4500,7548,reconstructed,reconstructed
1947,88,8255,12777,21032,reconstructed,reconstructed
1947,89,5703,9083,14786,reconstructed,reconstructed
1947,90,3858,6431,10289,reconstructed,reconstructed
1947,91,0,0,0,reconstructed,reconstructed
1947,92,0,0,0,reconstructed,reconstructed
1947,93,0,0,0,reconstructed,reconstructed
1947,94,0,0,0,reconstructed,reconstructed
1947,95,0,0,0,reconstructed,reconstructed
1947,96,0,0,0,reconstructed,reconstructed
1947,97,0,0,0,reconstructed,reconstructed
1947,98,0,0,0,reconstructed,reconstructed
1947,99,0,0,0,reconstructed,reconstructed
1948,0,609763,559277,1169040,reconstructed,reconstructed
1948,1,481157,458315,939472,reconstructed,reconstructed
1948,2,412055,394433,806488,reconstructed,reconstructed
1948,3,384115,373833,757948,reconstructed,reconstructed
1948,4,517252,496897,1014149,reconstructed,reconstructed
1948,5,527209,503974,1031183,reconstructed,reconstructed
1948,6,532546,510353,1042899,reconstructed,reconstructed
1948,7,636617,609408,1246025,reconstructed,reconstructed
1948,8,692423,666281,1358704,reconstructed,reconstructed
1948,9,595435,573654,1169089,reconstructed,reconstructed
1948,10,632862,610209,1243071,reconstructed,reconstructed
1948,11,602234,580130,1182364,reconstructed,reconstructed
1948,12,600150,580688,1180838,reconstructed,reconstructed
1948,13,599076,576786,1175862,reconstructed,reconstructed
1948,14,555258,536411,1091669,reconstructed,reconstructed
1948,15,455757,441815,897572,reconstructed,reconstructed
1948,16,461544,451832,913376,reconstructed,reconstructed
1948,17,476770,469107,945877,reconstructed,reconstructed
1948,18,514838,509629,1024467,reconstructed,reconstructed
1948,19,507103,505158,1012261,reconstructed,reconstructed
1948,20,512443,513330,1025773,reconstructed,reconstructed
1948,21,469574,503622,973196,reconstructed,reconstructed
1948,22,452605,524725,977330,reconstructed,reconstructed
1948,23,452980,553701,1006681,reconstructed,reconstructed
1948,24,410843,536707,947550,reconstructed,reconstructed
1948,25,411564,544094,955658,reconstructed,reconstructed
1948,26,442573,579682,1022255,reconstructed,reconstructed
1948,27,458947,613871,1072818,reconstructed,reconstructed
1948,28,460415,641129,1101544,reconstructed,reconstructed
1948,29,319592,446847,766439,reconstructed,reconstructed
1948,30,216687,316886,533573,reconstructed,reconstructed
1948,31,204438,309604,514042,reconstructed,reconstructed
1948,32,227576,346397,573973,reconstructed,reconstructed
1948,33,324280,478083,802363,reconstructed,reconstructed
1948,34,443710,596930,1040640,reconstructed,reconstructed
1948,35,472444,612901,1085345,reconstructed,reconstructed
1948,36,494003,628017,1122020,reconstructed,reconstructed
1948,37,477192,601514,1078706,reconstructed,reconstructed
1948,38,499820,630460,1130280,reconstructed,reconstructed
1948,39,521017,642697,1163714,reconstructed,reconstructed
1948,40,524689,641439,1166128,reconstructed,reconstructed
1948,41,529447,628350,1157797,reconstructed,reconstructed
1948,42,527624,620680,1148304,reconstructed,reconstructed
1948,43,539988,600611,1140599,reconstructed,reconstructed
1948,44,540678,599102,1139780,reconstructed,reconstructed
1948,45,523145,580382,1103527,reconstructed,reconstructed
1948,46,535178,593185,1128363,reconstructed,reconstructed
1948,47,520290,574260,1094550,reconstructed,reconstructed
1948,48,501847,557839,1059686,reconstructed,reconstructed
1948,49,468443,546139,1014582,reconstructed,reconstructed
1948,50,439480,540651,980131,reconstructed,reconstructed
1948,51,407303,520849,928152,reconstructed,reconstructed
1948,52,392375,518784,911159,reconstructed,reconstructed
1948,53,365550,495673,861223,reconstructed,reconstructed
1948,54,348820,481595,830415,reconstructed,reconstructed
1948,55,341076,467855,808931,reconstructed,reconstructed
1948,56,328928,445883,774811,reconstructed,reconstructed
1948,57,329325,441633,770958,reconstructed,reconstructed
1948,58,317332,423853,741185,reconstructed,reconstructed
1948,59,314365,416020,730385,reconstructed,reconstructed
1948,60,310363,401901,712264,reconstructed,reconstructed
1948,61,303119,388812,691931,reconstructed,reconstructed
1948,62,289134,370494,659628,reconstructed,reconstructed
1948,63,284069,358876,642945,reconstructed,reconstructed
1948,64,271840,340824,612664,reconstructed,reconstructed
1948,65,258678,321378,580056,reconstructed,reconstructed
1948,66,252073,311571,563644,reconstructed,reconstructed
1948,67,240859,294114,534973,reconstructed,reconstructed
1948,68,233055,285592,518647,reconstructed,reconstructed
1948,69,227111,276347,503458,reconstructed,reconstructed
1948,70,216916,264399,481315,reconstructed,reconstructed
1948,71,204824,246450,451274,reconstructed,reconstructed
1948,72,193445,232587,426032,reconstructed,reconstructed
1948,73,176530,210943,387473,reconstructed,reconstructed
1948,74,155900,187266,343166,reconstructed,reconstructed
1948,75,136810,164787,301597,reconstructed,reconstructed
1948,76,120465,147726,268191,reconstructed,reconstructed
1948,77,92504,112967,205471,reconstructed,reconstructed
1948,78,90132,113293,203425,reconstructed,reconstructed
1948,79,75369,95919,171288,reconstructed,reconstructed
1948,80,60439,80267,140706,reconstructed,reconstructed
1948,81,49731,66392,116123,reconstructed,reconstructed
1948,82,42463,58384,100847,reconstructed,reconstructed
1948,83,31225,44711,75936,reconstructed,reconstructed
1948,84,25385,36628,62013,reconstructed,reconstructed
1948,85,19376,28342,47718,reconstructed,reconstructed
1948,86,13149,20941,34090,reconstructed,reconstructed
1948,87,9771,14687,24458,reconstructed,reconstructed
1948,88,1483,2248,3731,reconstructed,reconstructed
1948,89,5901,9396,15297,reconstructed,reconstructed
1948,90,3946,6501,10447,reconstructed,reconstructed
1948,91,0,0,0,reconstructed,reconstructed
1948,92,0,0,0,reconstructed,reconstructed
1948,93,0,0,0,reconstructed,reconstructed
1948,94,0,0,0,reconstructed,reconstructed
1948,95,0,0,0,reconstructed,reconstructed
1948,96,0,0,0,reconstructed,reconstructed
1948,97,0,0,0,reconstructed,reconstructed
1948,98,0,0,0,reconstructed,reconstructed
1948,99,0,0,0,reconstructed,reconstructed
1949,0,632826,580908,1213734,reconstructed,reconstructed
1949,1,499122,473679,972801,reconstructed,reconstructed
1949,2,465615,444112,909727,reconstructed,reconstructed
1949,3,407086,389893,796979,reconstructed,reconstructed
1949,4,381203,371059,752262,reconstructed,reconstructed
1949,5,514263,494140,1008403,reconstructed,reconstructed
1949,6,524890,501791,1026681,reconstructed,reconstructed
1949,7,530629,508531,1039160,reconstructed,reconstructed
1949,8,634663,607574,1242237,reconstructed,reconstructed
1949,9,690609,664555,1355164,reconstructed,reconstructed
1949,10,637266,613376,1250642,reconstructed,reconstructed
1949,11,634899,612587,1247486,reconstructed,reconstructed
1949,12,603576,581567,1185143,reconstructed,reconstructed
1949,13,601111,581903,1183014,reconstructed,reconstructed
1949,14,600132,577975,1178107,reconstructed,reconstructed
1949,15,554735,536274,1091009,reconstructed,reconstructed
1949,16,455997,442471,898468,reconstructed,reconstructed
1949,17,461382,452466,913848,reconstructed,reconstructed
1949,18,475985,469607,945592,reconstructed,reconstructed
1949,19,513016,509375,1022391,reconstructed,reconstructed
1949,20,504588,504616,1009204,reconstructed,reconstructed
1949,21,508717,511711,1020428,reconstructed,reconstructed
1949,22,462760,502353,965113,reconstructed,reconstructed
1949,23,441737,523404,965141,reconstructed,reconstructed
1949,24,439439,552436,991875,reconstructed,reconstructed
1949,25,393864,534426,928290,reconstructed,reconstructed
1949,26,394718,542593,937311,reconstructed,reconstructed
1949,27,426713,578856,1005569,reconstructed,reconstructed
1949,28,444403,612936,1057339,reconstructed,reconstructed
1949,29,451194,641647,1092841,reconstructed,reconstructed
1949,30,315813,443463,759276,reconstructed,reconstructed
1949,31,219880,316449,536329,reconstructed,reconstructed
1949,32,212781,309820,522601,reconstructed,reconstructed
1949,33,236362,346722,583084,reconstructed,reconstructed
1949,34,330227,479627,809854,reconstructed,reconstructed
1949,35,430350,596612,1026962,reconstructed,reconstructed
1949,36,457685,612507,1070192,reconstructed,reconstructed
1949,37,478518,627513,1106031,reconstructed,reconstructed
1949,38,462625,601287,1063912,reconstructed,reconstructed
1949,39,484909,630307,1115216,reconstructed,reconstructed
1949,40,506541,642401,1148942,reconstructed,reconstructed
1949,41,510352,640737,1151089,reconstructed,reconstructed
1949,42,516756,627753,1144509,reconstructed,reconstructed
1949,43,515357,619397,1134754,reconstructed,reconstructed
1949,44,531597,599850,1131447,reconstructed,reconstructed
1949,45,531974,597666,1129640,reconstructed,reconstructed
1949,46,514688,578851,1093539,reconstructed,reconstructed
1949,47,526236,591297,1117533,reconstructed,reconstructed
1949,48,511310,571795,1083105,reconstructed,reconstructed
1949,49,493589,555566,1049155,reconstructed,reconstructed
1949,50,460894,543230,1004124,reconstructed,reconstructed
1949,51,432412,537512,969924,reconstructed,reconstructed
1949,52,400334,517200,917534,reconstructed,reconstructed
1949,53,385855,514637,900492,reconstructed,reconstructed
1949,54,359428,491531,850959,reconstructed,reconstructed
1949,55,342648,476997,819645,reconstructed,reconstructed
1949,56,334272,462715,796987,reconstructed,reconstructed
1949,57,322175,440852,763027,reconstructed,reconstructed
1949,58,321941,435685,757626,reconstructed,reconstructed
1949,59,309877,418280,728157,reconstructed,reconstructed
1949,60,306374,409348,715722,reconstructed,reconstructed
1949,61,302034,394859,696893,reconstructed,reconstructed
1949,62,293817,380884,674701,reconstructed,reconstructed
1949,63,279784,362237,642021,reconstructed,reconstructed
1949,64,274383,349887,624270,reconstructed,reconstructed
1949,65,261641,331283,592924,reconstructed,reconstructed
1949,66,248502,311717,560219,reconstructed,reconstructed
1949,67,241306,300746,542052,reconstructed,reconstructed
1949,68,229797,283048,512845,reconstructed,reconstructed
1949,69,221334,273834,495168,reconstructed,reconstructed
1949,70,214222,262978,477200,reconstructed,reconstructed
1949,71,203782,250764,454546,reconstructed,reconstructed
1949,72,190698,231726,422424,reconstructed,reconstructed
1949,73,178794,216966,395760,reconstructed,reconstructed
1949,74,161840,195561,357401,reconstructed,reconstructed
1949,75,141528,172294,313822,reconstructed,reconstructed
1949,76,122723,150136,272859,reconstructed,reconstructed
1949,77,106869,132692,239561,reconstructed,reconstructed
1949,78,81650,100820,182470,reconstructed,reconstructed
1949,79,78292,100020,178312,reconstructed,reconstructed
1949,80,64155,83032,147187,reconstructed,reconstructed
1949,81,50886,68839,119725,reconstructed,reconstructed
1949,82,40977,55846,96823,reconstructed,reconstructed
1949,83,34204,48086,82290,reconstructed,reconstructed
1949,84,24561,36214,60775,reconstructed,reconstructed
1949,85,19654,29278,48932,reconstructed,reconstructed
1949,86,14765,22220,36985,reconstructed,reconstructed
1949,87,9707,15993,25700,reconstructed,reconstructed
1949,88,7062,10940,18002,reconstructed,reconstructed
1949,89,530,827,1357,reconstructed,reconstructed
1949,90,4083,6725,10808,reconstructed,reconstructed
1949,91,0,0,0,reconstructed,reconstructed
1949,92,0,0,0,reconstructed,reconstructed
1949,93,0,0,0,reconstructed,reconstructed
1949,94,0,0,0,reconstructed,reconstructed
1949,95,0,0,0,reconstructed,reconstructed
1949,96,0,0,0,reconstructed,reconstructed
1949,97,0,0,0,reconstructed,reconstructed
1949,98,0,0,0,reconstructed,reconstructed
1949,99,0,0,0,reconstructed,reconstructed
1950,0,542000,512000,1054000,original,original
1950,1,518000,492000,1010000,original,original
1950,2,483000,459000,942000,original,original
1950,3,460000,439000,899000,original,original
1950,4,404000,387000,791000,original,original
1950,5,379000,369000,748000,original,original
1950,6,512000,492000,1004000,original,original
1950,7,523000,500000,1023000,original,original
1950,8,529000,507000,1036000,original,original
1950,9,633000,606000,1239000,original,original
1950,10,689000,663000,1352000,original,original
1950,11,679000,653000,1332000,original,original
1950,12,637000,615000,1252000,original,original
1950,13,605000,583000,1188000,original,original
1950,14,602000,583000,1185000,original,original
1950,15,601000,579000,1180000,original,original
1950,16,554000,536000,1090000,original,original
1950,17,456000,443000,899000,original,original
1950,18,461000,453000,914000,original,original
1950,19,475000,470000,945000,original,original
1950,20,511000,509000,1020000,original,original
1950,21,502000,504000,1006000,original,original
1950,22,505000,510000,1015000,original,original
1950,23,456000,501000,957000,original,original
1950,24,431000,522000,953000,original,original
1950,25,426000,551000,977000,original,original
1950,26,377000,532000,909000,original,original
1950,27,378000,541000,919000,original,original
1950,28,411000,578000,989000,original,original
1950,29,430000,612000,1042000,original,original
1950,30,442000,642000,1084000,original,original
1950,31,312000,440000,752000,original,original
1950,32,223000,316000,539000,original,original
1950,33,221000,310000,531000,original,original
1950,34,245000,347000,592000,original,original
1950,35,336000,481000,817000,original,original
1950,36,417000,596000,1013000,original,original
1950,37,443000,612000,1055000,original,original
1950,38,463000,627000,1090000,original,original
1950,39,448000,601000,1049000,original,original
1950,40,470000,630000,1100000,original,original
1950,41,492000,642000,1134000,original,original
1950,42,496000,640000,1136000,original,original
1950,43,504000,627000,1131000,original,original
1950,44,503000,618000,1121000,original,original
1950,45,523000,599000,1122000,original,original
1950,46,523000,596000,1119000,original,original
1950,47,506000,577000,1083000,original,original
1950,48,517000,589000,1106000,original,original
1950,49,502000,569000,1071000,original,original
1950,50,485000,553000,1038000,original,original
1950,51,453000,540000,993000,original,original
1950,52,425000,534000,959000,original,original
1950,53,393000,513000,906000,original,original
1950,54,379000,510000,889000,original,original
1950,55,353000,487000,840000,original,original
1950,56,336000,472000,808000,original,original
1950,57,327000,457000,784000,original,original
1950,58,315000,435000,750000,original,original
1950,59,314000,429000,743000,original,original
1950,60,302000,412000,714000,original,original
1950,61,298000,402000,700000,original,original
1950,62,293000,387000,680000,original,original
1950,63,284000,372000,656000,original,original
1950,64,270000,353000,623000,original,original
1950,65,264000,340000,604000,original,original
1950,66,251000,321000,572000,original,original
1950,67,238000,301000,539000,original,original
1950,68,230000,289000,519000,original,original
1950,69,218000,271000,489000,original,original
1950,70,209000,261000,470000,original,original
1950,71,201000,249000,450000,original,original
1950,72,190000,236000,426000,original,original
1950,73,176000,216000,392000,original,original
1950,74,164000,201000,365000,original,original
1950,75,147000,180000,327000,original,original
1950,76,127000,157000,284000,original,original
1950,77,109000,135000,244000,original,original
1950,78,94000,118000,212000,original,original
1950,79,71000,89000,160000,original,original
1950,80,67000,87000,154000,original,original
1950,81,54000,71000,125000,original,original
1950,82,42000,58000,100000,original,original
1950,83,33000,46000,79000,original,original
1950,84,27000,39000,66000,original,original
1950,85,19000,29000,48000,original,original
1950,86,15000,23000,38000,original,original
1950,87,11000,17000,28000,original,original
1950,88,7000,12000,19000,original,original
1950,89,5000,8000,13000,original,original
1950,90,0,0,0,original,original
1950,91,0,0,0,original,original
1950,92,0,0,0,original,original
1950,93,0,0,0,original,original
1950,94,0,0,0,original,original
1950,95,0,0,0,original,original
1950,96,0,0,0,original,original
1950,97,0,0,0,original,original
1950,98,0,0,0,original,original
1950,99,0,0,0,original,original
1951,0,541000,513000,1054000,original,original
1951,1,535000,507000,1042000,original,original
1951,2,520000,495000,1015000,original,original
1951,3,486000,463000,949000,original,original
1951,4,460000,439000,899000,original,original
1951,5,408000,392000,800000,original,original
1951,6,370000,358000,728000,original,original
1951,7,505000,490000,995000,original,original
1951,8,520000,502000,1022000,original,original
1951,9,517000,492000,1009000,original,original
1951,10,635000,612000,1247000,original,original
1951,11,688000,662000,1350000,original,original
1951,12,680000,656000,1336000,original,original
1951,13,639000,614000,1253000,original,original
1951,14,604000,584000,1188000,original,original
1951,15,605000,584000,1189000,original,original
1951,16,601000,577000,1178000,original,original
1951,17,563000,551000,1114000,original,original
1951,18,457000,444000,901000,original,original
1951,19,461000,454000,915000,original,original
1951,20,473000,469000,942000,original,original
1951,21,512000,511000,1023000,original,original
1951,22,502000,503000,1005000,original,original
1951,23,508000,514000,1022000,original,original
1951,24,458000,499000,957000,original,original
1951,25,432000,522000,954000,original,original
1951,26,428000,552000,980000,original,original
1951,27,378000,534000,912000,original,original
1951,28,378000,538000,916000,original,original
1951,29,409000,570000,979000,original,original
1951,30,432000,609000,1041000,original,original
1951,31,441000,630000,1071000,original,original
1951,32,323000,477000,800000,original,original
1951,33,225000,319000,544000,original,original
1951,34,220000,304000,524000,original,original
1951,35,242000,341000,583000,original,original
1951,36,328000,462000,790000,original,original
1951,37,414000,593000,1007000,original,original
1951,38,439000,608000,1047000,original,original
1951,39,460000,626000,1086000,original,original
1951,40,446000,597000,1043000,original,original
1951,41,468000,628000,1096000,original,original
1951,42,490000,641000,1131000,original,original
1951,43,494000,638000,1132000,original,original
1951,44,502000,622000,1124000,original,original
1951,45,499000,619000,1118000,original,original
1951,46,520000,597000,1117000,original,original
1951,47,521000,595000,1116000,original,original
1951,48,503000,572000,1075000,original,original
1951,49,513000,585000,1098000,original,original
1951,50,499000,570000,1069000,original,original
1951,51,483000,551000,1034000,original,original
1951,52,449000,535000,984000,original,original
1951,53,423000,531000,954000,original,original
1951,54,390000,505000,895000,original,original
1951,55,376000,514000,890000,original,original
1951,56,349000,486000,835000,original,original
1951,57,332000,467000,799000,original,original
1951,58,323000,453000,776000,original,original
1951,59,310000,424000,734000,original,original
1951,60,309000,433000,742000,original,original
1951,61,296000,408000,704000,original,original
1951,62,293000,399000,692000,original,original
1951,63,285000,375000,660000,original,original
1951,64,278000,359000,637000,original,original
1951,65,263000,360000,623000,original,original
1951,66,257000,340000,597000,original,original
1951,67,244000,314000,558000,original,original
1951,68,229000,286000,515000,original,original
1951,69,222000,270000,492000,original,original
1951,70,208000,278000,486000,original,original
1951,71,198000,259000,457000,original,original
1951,72,190000,237000,427000,original,original
1951,73,179000,216000,395000,original,original
1951,74,165000,189000,354000,original,original
1951,75,152000,208000,360000,original,original
1951,76,136000,177000,313000,original,original
1951,77,117000,142000,259000,original,original
1951,78,99000,114000,213000,original,original
1951,79,85000,97000,182000,original,original
1951,80,63000,87000,150000,original,original
1951,81,59000,77000,136000,original,original
1951,82,47000,61000,108000,original,original
1951,83,36000,47000,83000,original,original
1951,84,28000,36000,64000,original,original
1951,85,22000,34000,56000,original,original
1951,86,16000,24000,40000,original,original
1951,87,12000,18000,30000,original,original
1951,88,8000,13000,21000,original,original
1951,89,6000,9000,15000,original,original
1951,90,0,0,0,original,original
1951,91,0,0,0,original,original
1951,92,0,0,0,original,original
1951,93,0,0,0,original,original
1951,94,0,0,0,original,original
1951,95,0,0,0,original,original
1951,96,0,0,0,original,original
1951,97,0,0,0,original,original
1951,98,0,0,0,original,original
1951,99,0,0,0,original,original
1952,0,544000,514000,1058000,original,original
1952,1,536000,509000,1045000,original,original
1952,2,533000,506000,1039000,original,original
1952,3,520000,495000,1015000,original,original
1952,4,485000,462000,947000,original,original
1952,5,458000,438000,896000,original,original
1952,6,409000,392000,801000,original,original
1952,7,366000,357000,723000,original,original
1952,8,506000,488000,994000,original,original
1952,9,525000,503000,1028000,original,original
1952,10,514000,494000,1008000,original,original
1952,11,634000,608000,1242000,original,original
1952,12,685000,660000,1345000,original,original
1952,13,681000,657000,1338000,original,original
1952,14,640000,619000,1259000,original,original
1952,15,604000,584000,1188000,original,original
1952,16,604000,587000,1191000,original,original
1952,17,599000,578000,1177000,original,original
1952,18,570000,549000,1119000,original,original
1952,19,459000,445000,904000,original,original
1952,20,463000,454000,917000,original,original
1952,21,472000,467000,939000,original,original
1952,22,511000,510000,1021000,original,original
1952,23,500000,503000,1003000,original,original
1952,24,509000,512000,1021000,original,original
1952,25,458000,498000,956000,original,original
1952,26,432000,520000,952000,original,original
1952,27,429000,550000,979000,original,original
1952,28,379000,533000,912000,original,original
1952,29,377000,537000,914000,original,original
1952,30,407000,569000,976000,original,original
1952,31,428000,608000,1036000,original,original
1952,32,433000,628000,1061000,original,original
1952,33,334000,476000,810000,original,original
1952,34,225000,319000,544000,original,original
1952,35,218000,305000,523000,original,original
1952,36,241000,341000,582000,original,original
1952,37,323000,461000,784000,original,original
1952,38,414000,592000,1006000,original,original
1952,39,439000,606000,1045000,original,original
1952,40,461000,624000,1085000,original,original
1952,41,444000,595000,1039000,original,original
1952,42,466000,626000,1092000,original,original
1952,43,489000,640000,1129000,original,original
1952,44,492000,636000,1128000,original,original
1952,45,499000,620000,1119000,original,original
1952,46,496000,616000,1112000,original,original
1952,47,518000,594000,1112000,original,original
1952,48,518000,593000,1111000,original,original
1952,49,500000,570000,1070000,original,original
1952,50,509000,583000,1092000,original,original
1952,51,494000,565000,1059000,original,original
1952,52,478000,546000,1024000,original,original
1952,53,445000,532000,977000,original,original
1952,54,419000,529000,948000,original,original
1952,55,385000,505000,890000,original,original
1952,56,372000,505000,877000,original,original
1952,57,345000,479000,824000,original,original
1952,58,326000,463000,789000,original,original
1952,59,318000,451000,769000,original,original
1952,60,303000,425000,728000,original,original
1952,61,303000,420000,723000,original,original
1952,62,289000,398000,687000,original,original
1952,63,286000,393000,679000,original,original
1952,64,277000,373000,650000,original,original
1952,65,271000,361000,632000,original,original
1952,66,255000,339000,594000,original,original
1952,67,248000,325000,573000,original,original
1952,68,236000,306000,542000,original,original
1952,69,219000,283000,502000,original,original
1952,70,212000,272000,484000,original,original
1952,71,198000,252000,450000,original,original
1952,72,187000,240000,427000,original,original
1952,73,179000,226000,405000,original,original
1952,74,167000,212000,379000,original,original
1952,75,154000,192000,346000,original,original
1952,76,139000,176000,315000,original,original
1952,77,124000,156000,280000,original,original
1952,78,106000,133000,239000,original,original
1952,79,88000,112000,200000,original,original
1952,80,76000,98000,174000,original,original
1952,81,54000,70000,124000,original,original
1952,82,50000,67000,117000,original,original
1952,83,39000,54000,93000,original,original
1952,84,30000,43000,73000,original,original
1952,85,23000,32000,55000,original,original
1952,86,18000,27000,45000,original,original
1952,87,12000,19000,31000,original,original
1952,88,9000,15000,24000,original,original
1952,89,6000,11000,17000,original,original
1952,90,0,0,0,original,original
1952,91,0,0,0,original,original
1952,92,0,0,0,original,original
1952,93,0,0,0,original,original
1952,94,0,0,0,original,original
1952,95,0,0,0,original,original
1952,96,0,0,0,original,original
1952,97,0,0,0,original,original
1952,98,0,0,0,original,original
1952,99,0,0,0,original,original
1953,0,540000,512000,1052000,original,original
1953,1,540000,511000,1051000,original,original
1953,2,535000,508000,1043000,original,original
1953,3,532000,506000,1038000,original,original
1953,4,520000,495000,1015000,original,original
1953,5,485000,461000,946000,original,original
1953,6,458000,439000,897000,original,original
1953,7,409000,392000,801000,original,original
1953,8,366000,356000,722000,original,original
1953,9,506000,487000,993000,original,original
1953,10,525000,506000,1031000,original,original
1953,11,514000,496000,1010000,original,original
1953,12,634000,608000,1242000,original,original
1953,13,685000,657000,1342000,original,original
1953,14,681000,657000,1338000,original,original
1953,15,642000,620000,1262000,original,original
1953,16,604000,583000,1187000,original,original
1953,17,605000,588000,1193000,original,original
1953,18,602000,576000,1178000,original,original
1953,19,573000,550000,1123000,original,original
1953,20,462000,448000,910000,original,original
1953,21,464000,453000,917000,original,original
1953,22,473000,467000,940000,original,original
1953,23,512000,511000,1023000,original,original
1953,24,501000,503000,1004000,original,original
1953,25,509000,512000,1021000,original,original
1953,26,458000,498000,956000,original,original
1953,27,433000,520000,953000,original,original
1953,28,429000,550000,979000,original,original
1953,29,379000,532000,911000,original,original
1953,30,377000,537000,914000,original,original
1953,31,407000,569000,976000,original,original
1953,32,428000,607000,1035000,original,original
1953,33,433000,627000,1060000,original,original
1953,34,334000,475000,809000,original,original
1953,35,225000,319000,544000,original,original
1953,36,218000,304000,522000,original,original
1953,37,241000,340000,581000,original,original
1953,38,323000,460000,783000,original,original
1953,39,413000,591000,1004000,original,original
1953,40,439000,605000,1044000,original,original
1953,41,460000,623000,1083000,original,original
1953,42,444000,594000,1038000,original,original
1953,43,465000,625000,1090000,original,original
1953,44,488000,638000,1126000,original,original
1953,45,490000,635000,1125000,original,original
1953,46,497000,619000,1116000,original,original
1953,47,494000,615000,1109000,original,original
1953,48,515000,592000,1107000,original,original
1953,49,516000,590000,1106000,original,original
1953,50,497000,569000,1066000,original,original
1953,51,506000,582000,1088000,original,original
1953,52,490000,562000,1052000,original,original
1953,53,474000,543000,1017000,original,original
1953,54,440000,527000,967000,original,original
1953,55,414000,530000,944000,original,original
1953,56,381000,503000,884000,original,original
1953,57,367000,501000,868000,original,original
1953,58,339000,473000,812000,original,original
1953,59,321000,455000,776000,original,original
1953,60,312000,452000,764000,original,original
1953,61,297000,423000,720000,original,original
1953,62,296000,414000,710000,original,original
1953,63,282000,390000,672000,original,original
1953,64,278000,380000,658000,original,original
1953,65,270000,375000,645000,original,original
1953,66,263000,358000,621000,original,original
1953,67,246000,331000,577000,original,original
1953,68,239000,312000,551000,original,original
1953,69,226000,287000,513000,original,original
1953,70,209000,286000,495000,original,original
1953,71,201000,267000,468000,original,original
1953,72,187000,239000,426000,original,original
1953,73,176000,223000,399000,original,original
1953,74,166000,202000,368000,original,original
1953,75,154000,212000,366000,original,original
1953,76,141000,181000,322000,original,original
1953,77,126000,161000,287000,original,original
1953,78,112000,137000,249000,original,original
1953,79,94000,109000,203000,original,original
1953,80,77000,103000,180000,original,original
1953,81,65000,85000,150000,original,original
1953,82,46000,62000,108000,original,original
1953,83,42000,55000,97000,original,original
1953,84,32000,43000,75000,original,original
1953,85,24000,37000,61000,original,original
1953,86,18000,27000,45000,original,original
1953,87,14000,21000,35000,original,original
1953,88,10000,14000,24000,original,original
1953,89,6000,10000,16000,original,original
1953,90,0,0,0,original,original
1953,91,0,0,0,original,original
1953,92,0,0,0,original,original
1953,93,0,0,0,original,original
1953,94,0,0,0,original,original
1953,95,0,0,0,original,original
1953,96,0,0,0,original,original
1953,97,0,0,0,original,original
1953,98,0,0,0,original,original
1953,99,0,0,0,original,original
1954,0,549000,520000,1069000,original,original
1954,1,535000,509000,1044000,original,original
1954,2,539000,510000,1049000,original,original
1954,3,535000,508000,1043000,original,original
1954,4,532000,505000,1037000,original,original
1954,5,519000,494000,1013000,original,original
1954,6,484000,462000,946000,original,original
1954,7,457000,438000,895000,original,original
1954,8,409000,392000,801000,original,original
1954,9,366000,356000,722000,original,original
1954,10,506000,491000,997000,original,original
1954,11,525000,504000,1029000,original,original
1954,12,515000,494000,1009000,original,original
1954,13,634000,606000,1240000,original,original
1954,14,685000,661000,1346000,original,original
1954,15,683000,660000,1343000,original,original
1954,16,641000,619000,1260000,original,original
1954,17,603000,583000,1186000,original,original
1954,18,606000,585000,1191000,original,original
1954,19,604000,579000,1183000,original,original
1954,20,574000,553000,1127000,original,original
1954,21,462000,444000,906000,original,original
1954,22,464000,454000,918000,original,original
1954,23,473000,467000,940000,original,original
1954,24,513000,511000,1024000,original,original
1954,25,501000,501000,1002000,original,original
1954,26,509000,511000,1020000,original,original
1954,27,458000,496000,954000,original,original
1954,28,433000,519000,952000,original,original
1954,29,429000,548000,977000,original,original
1954,30,379000,531000,910000,original,original
1954,31,377000,536000,913000,original,original
1954,32,406000,568000,974000,original,original
1954,33,427000,606000,1033000,original,original
1954,34,433000,626000,1059000,original,original
1954,35,334000,475000,809000,original,original
1954,36,225000,318000,543000,original,original
1954,37,217000,303000,520000,original,original
1954,38,241000,339000,580000,original,original
1954,39,322000,459000,781000,original,original
1954,40,413000,590000,1003000,original,original
1954,41,438000,604000,1042000,original,original
1954,42,459000,622000,1081000,original,original
1954,43,442000,593000,1035000,original,original
1954,44,463000,624000,1087000,original,original
1954,45,486000,637000,1123000,original,original
1954,46,488000,633000,1121000,original,original
1954,47,495000,617000,1112000,original,original
1954,48,492000,612000,1104000,original,original
1954,49,512000,589000,1101000,original,original
1954,50,512000,589000,1101000,original,original
1954,51,493000,566000,1059000,original,original
1954,52,502000,578000,1080000,original,original
1954,53,486000,558000,1044000,original,original
1954,54,469000,539000,1008000,original,original
1954,55,435000,529000,964000,original,original
1954,56,409000,524000,933000,original,original
1954,57,375000,497000,872000,original,original
1954,58,361000,495000,856000,original,original
1954,59,334000,468000,802000,original,original
1954,60,315000,459000,774000,original,original
1954,61,306000,444000,750000,original,original
1954,62,291000,415000,706000,original,original
1954,63,289000,406000,695000,original,original
1954,64,275000,381000,656000,original,original
1954,65,271000,388000,659000,original,original
1954,66,261000,362000,623000,original,original
1954,67,254000,345000,599000,original,original
1954,68,237000,318000,555000,original,original
1954,69,229000,299000,528000,original,original
1954,70,216000,296000,512000,original,original
1954,71,199000,268000,467000,original,original
1954,72,191000,250000,441000,original,original
1954,73,176000,223000,399000,original,original
1954,74,164000,207000,371000,original,original
1954,75,154000,211000,365000,original,original
1954,76,141000,189000,330000,original,original
1954,77,128000,161000,289000,original,original
1954,78,113000,143000,256000,original,original
1954,79,99000,121000,220000,original,original
1954,80,84000,113000,197000,original,original
1954,81,67000,88000,155000,original,original
1954,82,57000,72000,129000,original,original
1954,83,39000,51000,90000,original,original
1954,84,36000,46000,82000,original,original
1954,85,26000,39000,65000,original,original
1954,86,19000,29000,48000,original,original
1954,87,14000,21000,35000,original,original
1954,88,11000,16000,27000,original,original
1954,89,6000,11000,17000,original,original
1954,90,0,0,0,original,original
1954,91,0,0,0,original,original
1954,92,0,0,0,original,original
1954,93,0,0,0,original,original
1954,94,0,0,0,original,original
1954,95,0,0,0,original,original
1954,96,0,0,0,original,original
1954,97,0,0,0,original,original
1954,98,0,0,0,original,original
1954,99,0,0,0,original,original
1955,0,551000,521000,1072000,original,original
1955,1,545000,517000,1062000,original,original
1955,2,535000,508000,1043000,original,original
1955,3,538000,510000,1048000,original,original
1955,4,534000,508000,1042000,original,original
1955,5,531000,505000,1036000,original,original
1955,6,519000,495000,1014000,original,original
1955,7,484000,461000,945000,original,original
1955,8,457000,438000,895000,original,original
1955,9,408000,391000,799000,original,original
1955,10,366000,357000,723000,original,original
1955,11,506000,488000,994000,original,original
1955,12,525000,503000,1028000,original,original
1955,13,515000,495000,1010000,original,original
1955,14,634000,609000,1243000,original,original
1955,15,685000,661000,1346000,original,original
1955,16,681000,658000,1339000,original,original
1955,17,641000,619000,1260000,original,original
1955,18,607000,585000,1192000,original,original
1955,19,610000,587000,1197000,original,original
1955,20,606000,579000,1185000,original,original
1955,21,575000,550000,1125000,original,original
1955,22,464000,446000,910000,original,original
1955,23,466000,454000,920000,original,original
1955,24,475000,466000,941000,original,original
1955,25,514000,509000,1023000,original,original
1955,26,502000,501000,1003000,original,original
1955,27,510000,510000,1020000,original,original
1955,28,459000,496000,955000,original,original
1955,29,434000,518000,952000,original,original
1955,30,430000,548000,978000,original,original
1955,31,380000,531000,911000,original,original
1955,32,377000,535000,912000,original,original
1955,33,407000,567000,974000,original,original
1955,34,428000,605000,1033000,original,original
1955,35,433000,625000,1058000,original,original
1955,36,334000,474000,808000,original,original
1955,37,225000,318000,543000,original,original
1955,38,217000,303000,520000,original,original
1955,39,241000,339000,580000,original,original
1955,40,322000,458000,780000,original,original
1955,41,412000,589000,1001000,original,original
1955,42,437000,603000,1040000,original,original
1955,43,459000,621000,1080000,original,original
1955,44,441000,592000,1033000,original,original
1955,45,462000,622000,1084000,original,original
1955,46,484000,635000,1119000,original,original
1955,47,486000,631000,1117000,original,original
1955,48,493000,614000,1107000,original,original
1955,49,489000,610000,1099000,original,original
1955,50,510000,587000,1097000,original,original
1955,51,509000,586000,1095000,original,original
1955,52,489000,562000,1051000,original,original
1955,53,497000,574000,1071000,original,original
1955,54,481000,556000,1037000,original,original
1955,55,463000,537000,1000000,original,original
1955,56,430000,522000,952000,original,original
1955,57,403000,518000,921000,original,original
1955,58,369000,493000,862000,original,original
1955,59,355000,492000,847000,original,original
1955,60,327000,466000,793000,original,original
1955,61,309000,449000,758000,original,original
1955,62,299000,435000,734000,original,original
1955,63,284000,409000,693000,original,original
1955,64,282000,402000,684000,original,original
1955,65,267000,379000,646000,original,original
1955,66,262000,372000,634000,original,original
1955,67,252000,351000,603000,original,original
1955,68,244000,336000,580000,original,original
1955,69,227000,313000,540000,original,original
1955,70,219000,297000,516000,original,original
1955,71,205000,275000,480000,original,original
1955,72,188000,252000,440000,original,original
1955,73,179000,238000,417000,original,original
1955,74,164000,216000,380000,original,original
1955,75,152000,203000,355000,original,original
1955,76,142000,186000,328000,original,original
1955,77,129000,171000,300000,original,original
1955,78,115000,150000,265000,original,original
1955,79,102000,134000,236000,original,original
1955,80,88000,115000,203000,original,original
1955,81,72000,94000,166000,original,original
1955,82,57000,76000,133000,original,original
1955,83,47000,64000,111000,original,original
1955,84,32000,44000,76000,original,original
1955,85,29000,41000,70000,original,original
1955,86,21000,30000,51000,original,original
1955,87,15000,23000,38000,original,original
1955,88,10000,16000,26000,original,original
1955,89,8000,13000,21000,original,original
1955,90,0,0,0,original,original
1955,91,0,0,0,original,original
1955,92,0,0,0,original,original
1955,93,0,0,0,original,original
1955,94,0,0,0,original,original
1955,95,0,0,0,original,original
1955,96,0,0,0,original,original
1955,97,0,0,0,original,original
1955,98,0,0,0,original,original
1955,99,0,0,0,original,original
1956,0,558000,532000,1090000,original,original
1956,1,539000,513000,1052000,original,original
1956,2,535000,512000,1047000,original,original
1956,3,526000,504000,1030000,original,original
1956,4,530000,506000,1036000,original,original
1956,5,527000,504000,1031000,original,original
1956,6,524000,502000,1026000,original,original
1956,7,511000,490000,1001000,original,original
1956,8,476000,457000,933000,original,original
1956,9,450000,434000,884000,original,original
1956,10,402000,388000,790000,original,original
1956,11,361000,354000,715000,original,original
1956,12,498000,485000,983000,original,original
1956,13,517000,499000,1016000,original,original
1956,14,507000,492000,999000,original,original
1956,15,626000,605000,1231000,original,original
1956,16,675000,656000,1331000,original,original
1956,17,672000,653000,1325000,original,original
1956,18,633000,614000,1247000,original,original
1956,19,598000,579000,1177000,original,original
1956,20,601000,581000,1182000,original,original
1956,21,597000,572000,1169000,original,original
1956,22,566000,544000,1110000,original,original
1956,23,457000,441000,898000,original,original
1956,24,459000,449000,908000,original,original
1956,25,468000,462000,930000,original,original
1956,26,506000,504000,1010000,original,original
1956,27,495000,496000,991000,original,original
1956,28,503000,505000,1008000,original,original
1956,29,452000,491000,943000,original,original
1956,30,427000,513000,940000,original,original
1956,31,423000,543000,966000,original,original
1956,32,374000,526000,900000,original,original
1956,33,371000,530000,901000,original,original
1956,34,400000,562000,962000,original,original
1956,35,421000,600000,1021000,original,original
1956,36,426000,620000,1046000,original,original
1956,37,329000,470000,799000,original,original
1956,38,221000,315000,536000,original,original
1956,39,214000,300000,514000,original,original
1956,40,236000,336000,572000,original,original
1956,41,316000,454000,770000,original,original
1956,42,405000,583000,988000,original,original
1956,43,430000,597000,1027000,original,original
1956,44,450000,615000,1065000,original,original
1956,45,433000,586000,1019000,original,original
1956,46,453000,616000,1069000,original,original
1956,47,475000,628000,1103000,original,original
1956,48,477000,624000,1101000,original,original
1956,49,483000,607000,1090000,original,original
1956,50,479000,603000,1082000,original,original
1956,51,498000,581000,1079000,original,original
1956,52,497000,579000,1076000,original,original
1956,53,476000,555000,1031000,original,original
1956,54,485000,567000,1052000,original,original
1956,55,468000,548000,1016000,original,original
1956,56,451000,529000,980000,original,original
1956,57,417000,515000,932000,original,original
1956,58,391000,511000,902000,original,original
1956,59,358000,485000,843000,original,original
1956,60,343000,484000,827000,original,original
1956,61,316000,458000,774000,original,original
1956,62,297000,440000,737000,original,original
1956,63,288000,426000,714000,original,original
1956,64,272000,400000,672000,original,original
1956,65,270000,392000,662000,original,original
1956,66,255000,369000,624000,original,original
1956,67,249000,361000,610000,original,original
1956,68,239000,340000,579000,original,original
1956,69,231000,324000,555000,original,original
1956,70,214000,300000,514000,original,original
1956,71,205000,284000,489000,original,original
1956,72,191000,262000,453000,original,original
1956,73,174000,238000,412000,original,original
1956,74,165000,224000,389000,original,original
1956,75,150000,202000,352000,original,original
1956,76,138000,188000,326000,original,original
1956,77,127000,170000,297000,original,original
1956,78,115000,155000,270000,original,original
1956,79,101000,134000,235000,original,original
1956,80,88000,119000,207000,original,original
1956,81,76000,101000,177000,original,original
1956,82,60000,81000,141000,original,original
1956,83,47000,64000,111000,original,original
1956,84,39000,54000,93000,original,original
1956,85,25000,36000,61000,original,original
1956,86,23000,34000,57000,original,original
1956,87,16000,24000,40000,original,original
1956,88,11000,18000,29000,original,original
1956,89,7000,12000,19000,original,original
1956,90,0,0,0,original,original
1956,91,0,0,0,original,original
1956,92,0,0,0,original,original
1956,93,0,0,0,original,original
1956,94,0,0,0,original,original
1956,95,0,0,0,original,original
1956,96,0,0,0,original,original
1956,97,0,0,0,original,original
1956,98,0,0,0,original,original
1956,99,0,0,0,original,original
1957,0,581000,549000,1130000,original,original
1957,1,560000,532000,1092000,original,original
1957,2,546000,517000,1063000,original,original
1957,3,543000,516000,1059000,original,original
1957,4,534000,508000,1042000,original,original
1957,5,538000,510000,1048000,original,original
1957,6,534000,508000,1042000,original,original
1957,7,532000,506000,1038000,original,original
1957,8,519000,495000,1014000,original,original
1957,9,484000,461000,945000,original,original
1957,10,456000,438000,894000,original,original
1957,11,407000,391000,798000,original,original
1957,12,365000,357000,722000,original,original
1957,13,504000,488000,992000,original,original
1957,14,523000,503000,1026000,original,original
1957,15,512000,495000,1007000,original,original
1957,16,630000,608000,1238000,original,original
1957,17,680000,659000,1339000,original,original
1957,18,675000,655000,1330000,original,original
1957,19,633000,614000,1247000,original,original
1957,20,593000,575000,1168000,original,original
1957,21,583000,572000,1155000,original,original
1957,22,573000,559000,1132000,original,original
1957,23,543000,531000,1074000,original,original
1957,24,441000,431000,872000,original,original
1957,25,444000,441000,885000,original,original
1957,26,453000,453000,906000,original,original
1957,27,492000,496000,988000,original,original
1957,28,482000,489000,971000,original,original
1957,29,491000,499000,990000,original,original
1957,30,443000,486000,929000,original,original
1957,31,420000,509000,929000,original,original
1957,32,418000,540000,958000,original,original
1957,33,371000,523000,894000,original,original
1957,34,369000,528000,897000,original,original
1957,35,398000,561000,959000,original,original
1957,36,419000,598000,1017000,original,original
1957,37,425000,618000,1043000,original,original
1957,38,328000,469000,797000,original,original
1957,39,221000,314000,535000,original,original
1957,40,214000,300000,514000,original,original
1957,41,237000,336000,573000,original,original
1957,42,317000,454000,771000,original,original
1957,43,407000,584000,991000,original,original
1957,44,431000,598000,1029000,original,original
1957,45,453000,616000,1069000,original,original
1957,46,435000,587000,1022000,original,original
1957,47,456000,617000,1073000,original,original
1957,48,478000,630000,1108000,original,original
1957,49,479000,626000,1105000,original,original
1957,50,485000,609000,1094000,original,original
1957,51,481000,605000,1086000,original,original
1957,52,500000,581000,1081000,original,original
1957,53,499000,579000,1078000,original,original
1957,54,476000,555000,1031000,original,original
1957,55,485000,567000,1052000,original,original
1957,56,468000,548000,1016000,original,original
1957,57,450000,529000,979000,original,original
1957,58,415000,514000,929000,original,original
1957,59,388000,509000,897000,original,original
1957,60,355000,483000,838000,original,original
1957,61,340000,481000,821000,original,original
1957,62,312000,454000,766000,original,original
1957,63,293000,437000,730000,original,original
1957,64,283000,422000,705000,original,original
1957,65,267000,395000,662000,original,original
1957,66,264000,386000,650000,original,original
1957,67,248000,363000,611000,original,original
1957,68,242000,354000,596000,original,original
1957,69,231000,331000,562000,original,original
1957,70,222000,315000,537000,original,original
1957,71,205000,291000,496000,original,original
1957,72,195000,273000,468000,original,original
1957,73,181000,251000,432000,original,original
1957,74,163000,227000,390000,original,original
1957,75,154000,211000,365000,original,original
1957,76,139000,189000,328000,original,original
1957,77,127000,175000,302000,original,original
1957,78,115000,157000,272000,original,original
1957,79,104000,142000,246000,original,original
1957,80,90000,120000,210000,original,original
1957,81,77000,106000,183000,original,original
1957,82,66000,89000,155000,original,original
1957,83,51000,70000,121000,original,original
1957,84,39000,54000,93000,original,original
1957,85,32000,45000,77000,original,original
1957,86,20000,29000,49000,original,original
1957,87,18000,27000,45000,original,original
1957,88,12000,19000,31000,original,original
1957,89,8000,14000,22000,original,original
1957,90,0,0,0,original,original
1957,91,0,0,0,original,original
1957,92,0,0,0,original,original
1957,93,0,0,0,original,original
1957,94,0,0,0,original,original
1957,95,0,0,0,original,original
1957,96,0,0,0,original,original
1957,97,0,0,0,original,original
1957,98,0,0,0,original,original
1957,99,0,0,0,original,original
1958,0,587000,555000,1142000,original,original
1958,1,577000,547000,1124000,original,original
1958,2,561000,532000,1093000,original,original
1958,3,547000,518000,1065000,original,original
1958,4,544000,517000,1061000,original,original
1958,5,535000,509000,1044000,original,original
1958,6,539000,512000,1051000,original,original
1958,7,535000,510000,1045000,original,original
1958,8,533000,507000,1040000,original,original
1958,9,520000,496000,1016000,original,original
1958,10,485000,462000,947000,original,original
1958,11,457000,439000,896000,original,original
1958,12,408000,392000,800000,original,original
1958,13,366000,357000,723000,original,original
1958,14,505000,489000,994000,original,original
1958,15,524000,504000,1028000,original,original
1958,16,514000,496000,1010000,original,original
1958,17,632000,609000,1241000,original,original
1958,18,683000,659000,1342000,original,original
1958,19,678000,655000,1333000,original,original
1958,20,636000,614000,1250000,original,original
1958,21,596000,575000,1171000,original,original
1958,22,586000,573000,1159000,original,original
1958,23,576000,559000,1135000,original,original
1958,24,547000,531000,1078000,original,original
1958,25,444000,432000,876000,original,original
1958,26,447000,442000,889000,original,original
1958,27,456000,454000,910000,original,original
1958,28,495000,497000,992000,original,original
1958,29,484000,490000,974000,original,original
1958,30,493000,500000,993000,original,original
1958,31,445000,487000,932000,original,original
1958,32,421000,510000,931000,original,original
1958,33,419000,540000,959000,original,original
1958,34,371000,523000,894000,original,original
1958,35,370000,528000,898000,original,original
1958,36,398000,561000,959000,original,original
1958,37,420000,598000,1018000,original,original
1958,38,425000,618000,1043000,original,original
1958,39,328000,470000,798000,original,original
1958,40,221000,315000,536000,original,original
1958,41,214000,300000,514000,original,original
1958,42,237000,336000,573000,original,original
1958,43,317000,454000,771000,original,original
1958,44,406000,584000,990000,original,original
1958,45,431000,597000,1028000,original,original
1958,46,452000,615000,1067000,original,original
1958,47,434000,586000,1020000,original,original
1958,48,454000,616000,1070000,original,original
1958,49,476000,628000,1104000,original,original
1958,50,477000,624000,1101000,original,original
1958,51,483000,607000,1090000,original,original
1958,52,478000,602000,1080000,original,original
1958,53,496000,579000,1075000,original,original
1958,54,494000,577000,1071000,original,original
1958,55,472000,553000,1025000,original,original
1958,56,480000,564000,1044000,original,original
1958,57,461000,544000,1005000,original,original
1958,58,443000,525000,968000,original,original
1958,59,408000,510000,918000,original,original
1958,60,381000,505000,886000,original,original
1958,61,348000,478000,826000,original,original
1958,62,333000,476000,809000,original,original
1958,63,305000,448000,753000,original,original
1958,64,286000,430000,716000,original,original
1958,65,275000,415000,690000,original,original
1958,66,259000,387000,646000,original,original
1958,67,255000,378000,633000,original,original
1958,68,239000,355000,594000,original,original
1958,69,233000,344000,577000,original,original
1958,70,221000,321000,542000,original,original
1958,71,211000,304000,515000,original,original
1958,72,194000,279000,473000,original,original
1958,73,184000,261000,445000,original,original
1958,74,169000,238000,407000,original,original
1958,75,152000,214000,366000,original,original
1958,76,142000,198000,340000,original,original
1958,77,126000,175000,301000,original,original
1958,78,115000,161000,276000,original,original
1958,79,103000,143000,246000,original,original
1958,80,92000,128000,220000,original,original
1958,81,78000,107000,185000,original,original
1958,82,67000,93000,160000,original,original
1958,83,56000,77000,133000,original,original
1958,84,43000,59000,102000,original,original
1958,85,31000,45000,76000,original,original
1958,86,26000,37000,63000,original,original
1958,87,16000,24000,40000,original,original
1958,88,14000,22000,36000,original,original
1958,89,9000,14000,23000,original,original
1958,90,0,0,0,original,original
1958,91,0,0,0,original,original
1958,92,0,0,0,original,original
1958,93,0,0,0,original,original
1958,94,0,0,0,original,original
1958,95,0,0,0,original,original
1958,96,0,0,0,original,original
1958,97,0,0,0,original,original
1958,98,0,0,0,original,original
1958,99,0,0,0,original,original
1959,0,621000,587000,1208000,original,original
1959,1,583000,552000,1135000,original,original
1959,2,577000,547000,1124000,original,original
1959,3,560000,532000,1092000,original,original
1959,4,547000,518000,1065000,original,original
1959,5,545000,518000,1063000,original,original
1959,6,535000,509000,1044000,original,original
1959,7,539000,512000,1051000,original,original
1959,8,536000,510000,1046000,original,original
1959,9,533000,507000,1040000,original,original
1959,10,520000,496000,1016000,original,original
1959,11,485000,462000,947000,original,original
1959,12,457000,439000,896000,original,original
1959,13,408000,392000,800000,original,original
1959,14,366000,358000,724000,original,original
1959,15,506000,489000,995000,original,original
1959,16,525000,504000,1029000,original,original
1959,17,514000,496000,1010000,original,original
1959,18,633000,609000,1242000,original,original
1959,19,685000,659000,1344000,original,original
1959,20,680000,655000,1335000,original,original
1959,21,639000,614000,1253000,original,original
1959,22,599000,575000,1174000,original,original
1959,23,588000,572000,1160000,original,original
1959,24,579000,559000,1138000,original,original
1959,25,550000,531000,1081000,original,original
1959,26,447000,432000,879000,original,original
1959,27,449000,442000,891000,original,original
1959,28,458000,454000,912000,original,original
1959,29,497000,497000,994000,original,original
1959,30,486000,490000,976000,original,original
1959,31,494000,500000,994000,original,original
1959,32,446000,487000,933000,original,original
1959,33,422000,509000,931000,original,original
1959,34,419000,540000,959000,original,original
1959,35,372000,523000,895000,original,original
1959,36,370000,528000,898000,original,original
1959,37,398000,561000,959000,original,original
1959,38,420000,598000,1018000,original,original
1959,39,425000,618000,1043000,original,original
1959,40,328000,469000,797000,original,original
1959,41,221000,314000,535000,original,original
1959,42,213000,300000,513000,original,original
1959,43,236000,336000,572000,original,original
1959,44,317000,453000,770000,original,original
1959,45,405000,583000,988000,original,original
1959,46,429000,596000,1025000,original,original
1959,47,450000,614000,1064000,original,original
1959,48,432000,585000,1017000,original,original
1959,49,452000,614000,1066000,original,original
1959,50,473000,626000,1099000,original,original
1959,51,474000,622000,1096000,original,original
1959,52,479000,604000,1083000,original,original
1959,53,473000,600000,1073000,original,original
1959,54,492000,576000,1068000,original,original
1959,55,489000,574000,1063000,original,original
1959,56,466000,549000,1015000,original,original
1959,57,473000,560000,1033000,original,original
1959,58,454000,540000,994000,original,original
1959,59,435000,521000,956000,original,original
1959,60,400000,505000,905000,original,original
1959,61,373000,499000,872000,original,original
1959,62,339000,472000,811000,original,original
1959,63,324000,470000,794000,original,original
1959,64,297000,442000,739000,original,original
1959,65,277000,423000,700000,original,original
1959,66,266000,407000,673000,original,original
1959,67,249000,379000,628000,original,original
1959,68,245000,368000,613000,original,original
1959,69,229000,345000,574000,original,original
1959,70,222000,334000,556000,original,original
1959,71,210000,310000,520000,original,original
1959,72,200000,292000,492000,original,original
1959,73,182000,267000,449000,original,original
1959,74,171000,248000,419000,original,original
1959,75,156000,224000,380000,original,original
1959,76,139000,200000,339000,original,original
1959,77,129000,183000,312000,original,original
1959,78,114000,161000,275000,original,original
1959,79,103000,147000,250000,original,original
1959,80,91000,128000,219000,original,original
1959,81,80000,114000,194000,original,original
1959,82,67000,93000,160000,original,original
1959,83,56000,80000,136000,original,original
1959,84,47000,66000,113000,original,original
1959,85,35000,49000,84000,original,original
1959,86,25000,37000,62000,original,original
1959,87,20000,30000,50000,original,original
1959,88,12000,19000,31000,original,original
1959,89,11000,17000,28000,original,original
1959,90,0,0,0,original,original
1959,91,0,0,0,original,original
1959,92,0,0,0,original,original
1959,93,0,0,0,original,original
1959,94,0,0,0,original,original
1959,95,0,0,0,original,original
1959,96,0,0,0,original,original
1959,97,0,0,0,original,original
1959,98,0,0,0,original,original
1959,99,0,0,0,original,original
1960,0,628000,598000,1226000,original,original
1960,1,616000,584000,1200000,original,original
1960,2,582000,551000,1133000,original,original
1960,3,577000,546000,1123000,original,original
1960,4,560000,533000,1093000,original,original
1960,5,547000,518000,1065000,original,original
1960,6,545000,518000,1063000,original,original
1960,7,535000,510000,1045000,original,original
1960,8,539000,512000,1051000,original,original
1960,9,536000,510000,1046000,original,original
1960,10,533000,507000,1040000,original,original
1960,11,520000,496000,1016000,original,original
1960,12,485000,462000,947000,original,original
1960,13,457000,439000,896000,original,original
1960,14,408000,392000,800000,original,original
1960,15,367000,358000,725000,original,original
1960,16,507000,490000,997000,original,original
1960,17,526000,505000,1031000,original,original
1960,18,519000,497000,1016000,original,original
1960,19,639000,610000,1249000,original,original
1960,20,691000,660000,1351000,original,original
1960,21,688000,656000,1344000,original,original
1960,22,645000,615000,1260000,original,original
1960,23,605000,575000,1180000,original,original
1960,24,598000,573000,1171000,original,original
1960,25,589000,559000,1148000,original,original
1960,26,560000,531000,1091000,original,original
1960,27,455000,433000,888000,original,original
1960,28,457000,442000,899000,original,original
1960,29,465000,454000,919000,original,original
1960,30,503000,497000,1000000,original,original
1960,31,491000,490000,981000,original,original
1960,32,499000,500000,999000,original,original
1960,33,450000,487000,937000,original,original
1960,34,426000,509000,935000,original,original
1960,35,423000,540000,963000,original,original
1960,36,375000,523000,898000,original,original
1960,37,373000,528000,901000,original,original
1960,38,400000,560000,960000,original,original
1960,39,421000,597000,1018000,original,original
1960,40,427000,617000,1044000,original,original
1960,41,329000,468000,797000,original,original
1960,42,221000,314000,535000,original,original
1960,43,214000,299000,513000,original,original
1960,44,237000,335000,572000,original,original
1960,45,317000,452000,769000,original,original
1960,46,405000,581000,986000,original,original
1960,47,428000,594000,1022000,original,original
1960,48,449000,612000,1061000,original,original
1960,49,430000,582000,1012000,original,original
1960,50,449000,612000,1061000,original,original
1960,51,470000,623000,1093000,original,original
1960,52,470000,619000,1089000,original,original
1960,53,475000,601000,1076000,original,original
1960,54,469000,596000,1065000,original,original
1960,55,486000,572000,1058000,original,original
1960,56,483000,570000,1053000,original,original
1960,57,459000,545000,1004000,original,original
1960,58,465000,556000,1021000,original,original
1960,59,446000,535000,981000,original,original
1960,60,426000,516000,942000,original,original
1960,61,391000,499000,890000,original,original
1960,62,364000,493000,857000,original,original
1960,63,330000,466000,796000,original,original
1960,64,314000,463000,777000,original,original
1960,65,287000,434000,721000,original,original
1960,66,267000,415000,682000,original,original
1960,67,256000,398000,654000,original,original
1960,68,239000,370000,609000,original,original
1960,69,234000,358000,592000,original,original
1960,70,218000,334000,552000,original,original
1960,71,210000,322000,532000,original,original
1960,72,197000,298000,495000,original,original
1960,73,187000,278000,465000,original,original
1960,74,169000,253000,422000,original,original
1960,75,158000,234000,392000,original,original
1960,76,143000,209000,352000,original,original
1960,77,126000,185000,311000,original,original
1960,78,116000,168000,284000,original,original
1960,79,101000,146000,247000,original,original
1960,80,91000,132000,223000,original,original
1960,81,79000,114000,193000,original,original
1960,82,68000,99000,167000,original,original
1960,83,56000,80000,136000,original,original
1960,84,46000,68000,114000,original,original
1960,85,38000,55000,93000,original,original
1960,86,27000,40000,67000,original,original
1960,87,19000,29000,48000,original,original
1960,88,15000,24000,39000,original,original
1960,89,9000,14000,23000,original,original
1960,90,0,0,0,original,original
1960,91,0,0,0,original,original
1960,92,0,0,0,original,original
1960,93,0,0,0,original,original
1960,94,0,0,0,original,original
1960,95,0,0,0,original,original
1960,96,0,0,0,original,original
1960,97,0,0,0,original,original
1960,98,0,0,0,original,original
1960,99,0,0,0,original,original
1961,0,654000,623000,1277000,original,original
1961,1,623000,595000,1218000,original,original
1961,2,614000,583000,1197000,original,original
1961,3,579000,549000,1128000,original,original
1961,4,571000,541000,1112000,original,original
1961,5,556000,529000,1085000,original,original
1961,6,542000,515000,1057000,original,original
1961,7,540000,514000,1054000,original,original
1961,8,529000,504000,1033000,original,original
1961,9,534000,508000,1042000,original,original
1961,10,531000,505000,1036000,original,original
1961,11,534000,508000,1042000,original,original
1961,12,520000,495000,1015000,original,original
1961,13,484000,461000,945000,original,original
1961,14,458000,439000,897000,original,original
1961,15,410000,394000,804000,original,original
1961,16,367000,357000,724000,original,original
1961,17,509000,490000,999000,original,original
1961,18,528000,503000,1031000,original,original
1961,19,515000,490000,1005000,original,original
1961,20,633000,602000,1235000,original,original
1961,21,675000,645000,1320000,original,original
1961,22,669000,639000,1308000,original,original
1961,23,627000,601000,1228000,original,original
1961,24,596000,566000,1162000,original,original
1961,25,598000,568000,1166000,original,original
1961,26,594000,560000,1154000,original,original
1961,27,563000,531000,1094000,original,original
1961,28,459000,435000,894000,original,original
1961,29,460000,442000,902000,original,original
1961,30,475000,461000,936000,original,original
1961,31,510000,500000,1010000,original,original
1961,32,501000,495000,996000,original,original
1961,33,509000,505000,1014000,original,original
1961,34,460000,492000,952000,original,original
1961,35,434000,516000,950000,original,original
1961,36,425000,541000,966000,original,original
1961,37,378000,527000,905000,original,original
1961,38,376000,532000,908000,original,original
1961,39,404000,564000,968000,original,original
1961,40,425000,604000,1029000,original,original
1961,41,425000,617000,1042000,original,original
1961,42,329000,470000,799000,original,original
1961,43,221000,313000,534000,original,original
1961,44,214000,300000,514000,original,original
1961,45,237000,336000,573000,original,original
1961,46,315000,451000,766000,original,original
1961,47,404000,581000,985000,original,original
1961,48,426000,594000,1020000,original,original
1961,49,446000,609000,1055000,original,original
1961,50,429000,583000,1012000,original,original
1961,51,443000,608000,1051000,original,original
1961,52,465000,621000,1086000,original,original
1961,53,464000,615000,1079000,original,original
1961,54,470000,599000,1069000,original,original
1961,55,464000,594000,1058000,original,original
1961,56,478000,568000,1046000,original,original
1961,57,475000,566000,1041000,original,original
1961,58,451000,542000,993000,original,original
1961,59,457000,552000,1009000,original,original
1961,60,438000,534000,972000,original,original
1961,61,417000,511000,928000,original,original
1961,62,382000,494000,876000,original,original
1961,63,354000,488000,842000,original,original
1961,64,322000,461000,783000,original,original
1961,65,305000,456000,761000,original,original
1961,66,278000,426000,704000,original,original
1961,67,258000,408000,666000,original,original
1961,68,247000,390000,637000,original,original
1961,69,229000,361000,590000,original,original
1961,70,224000,351000,575000,original,original
1961,71,207000,322000,529000,original,original
1961,72,199000,310000,509000,original,original
1961,73,186000,285000,471000,original,original
1961,74,175000,266000,441000,original,original
1961,75,158000,240000,398000,original,original
1961,76,146000,219000,365000,original,original
1961,77,131000,195000,326000,original,original
1961,78,115000,172000,287000,original,original
1961,79,105000,154000,259000,original,original
1961,80,92000,134000,226000,original,original
1961,81,80000,117000,197000,original,original
1961,82,68000,101000,169000,original,original
1961,83,58000,87000,145000,original,original
1961,84,48000,71000,119000,original,original
1961,85,39000,58000,97000,original,original
1961,86,31000,46000,77000,original,original
1961,87,23000,34000,57000,original,original
1961,88,16000,25000,41000,original,original
1961,89,12000,19000,31000,original,original
1961,90,5000,8000,13000,original,original
1961,91,4000,6000,10000,original,original
1961,92,3000,4000,7000,original,original
1961,93,2000,3000,5000,original,original
1961,94,1000,2000,3000,original,original
1961,95,0,0,0,original,original
1961,96,0,0,0,original,original
1961,97,0,0,0,original,original
1961,98,0,0,0,original,original
1961,99,0,0,0,original,original
1962,0,659000,626000,1285000,original,original
1962,1,650000,620000,1270000,original,original
1962,2,623000,595000,1218000,original,original
1962,3,614000,583000,1197000,original,original
1962,4,579000,549000,1128000,original,original
1962,5,571000,542000,1113000,original,original
1962,6,556000,530000,1086000,original,original
1962,7,543000,515000,1058000,original,original
1962,8,540000,514000,1054000,original,original
1962,9,529000,505000,1034000,original,original
1962,10,535000,508000,1043000,original,original
1962,11,531000,506000,1037000,original,original
1962,12,534000,508000,1042000,original,original
1962,13,520000,495000,1015000,original,original
1962,14,485000,462000,947000,original,original
1962,15,459000,440000,899000,original,original
1962,16,411000,395000,806000,original,original
1962,17,370000,358000,728000,original,original
1962,18,515000,492000,1007000,original,original
1962,19,536000,506000,1042000,original,original
1962,20,522000,493000,1015000,original,original
1962,21,639000,605000,1244000,original,original
1962,22,681000,648000,1329000,original,original
1962,23,677000,642000,1319000,original,original
1962,24,639000,604000,1243000,original,original
1962,25,606000,569000,1175000,original,original
1962,26,606000,570000,1176000,original,original
1962,27,601000,562000,1163000,original,original
1962,28,570000,533000,1103000,original,original
1962,29,465000,436000,901000,original,original
1962,30,466000,444000,910000,original,original
1962,31,480000,462000,942000,original,original
1962,32,516000,501000,1017000,original,original
1962,33,506000,496000,1002000,original,original
1962,34,513000,506000,1019000,original,original
1962,35,464000,493000,957000,original,original
1962,36,438000,517000,955000,original,original
1962,37,427000,541000,968000,original,original
1962,38,380000,527000,907000,original,original
1962,39,378000,532000,910000,original,original
1962,40,406000,564000,970000,original,original
1962,41,426000,603000,1029000,original,original
1962,42,426000,616000,1042000,original,original
1962,43,330000,470000,800000,original,original
1962,44,221000,313000,534000,original,original
1962,45,214000,300000,514000,original,original
1962,46,237000,336000,573000,original,original
1962,47,315000,450000,765000,original,original
1962,48,403000,580000,983000,original,original
1962,49,425000,592000,1017000,original,original
1962,50,444000,607000,1051000,original,original
1962,51,427000,580000,1007000,original,original
1962,52,441000,605000,1046000,original,original
1962,53,462000,618000,1080000,original,original
1962,54,460000,612000,1072000,original,original
1962,55,465000,595000,1060000,original,original
1962,56,458000,590000,1048000,original,original
1962,57,471000,564000,1035000,original,original
1962,58,468000,561000,1029000,original,original
1962,59,443000,537000,980000,original,original
1962,60,448000,547000,995000,original,original
1962,61,428000,528000,956000,original,original
1962,62,407000,505000,912000,original,original
1962,63,372000,488000,860000,original,original
1962,64,344000,481000,825000,original,original
1962,65,312000,453000,765000,original,original
1962,66,294000,448000,742000,original,original
1962,67,267000,417000,684000,original,original
1962,68,248000,398000,646000,original,original
1962,69,236000,380000,616000,original,original
1962,70,218000,350000,568000,original,original
1962,71,212000,339000,551000,original,original
1962,72,195000,310000,505000,original,original
1962,73,187000,296000,483000,original,original
1962,74,173000,271000,444000,original,original
1962,75,162000,251000,413000,original,original
1962,76,145000,225000,370000,original,original
1962,77,133000,204000,337000,original,original
1962,78,118000,180000,298000,original,original
1962,79,103000,157000,260000,original,original
1962,80,92000,139000,231000,original,original
1962,81,80000,120000,200000,original,original
1962,82,68000,103000,171000,original,original
1962,83,58000,88000,146000,original,original
1962,84,48000,74000,122000,original,original
1962,85,39000,59000,98000,original,original
1962,86,31000,48000,79000,original,original
1962,87,24000,37000,61000,original,original
1962,88,17000,27000,44000,original,original
1962,89,12000,19000,31000,original,original
1962,90,7000,10000,17000,original,original
1962,91,4000,6000,10000,original,original
1962,92,3000,5000,8000,original,original
1962,93,2000,3000,5000,original,original
1962,94,1000,2000,3000,original,original
1962,95,0,0,0,original,original
1962,96,0,0,0,original,original
1962,97,0,0,0,original,original
1962,98,0,0,0,original,original
1962,99,0,0,0,original,original
1963,0,678000,645000,1323000,original,original
1963,1,656000,624000,1280000,original,original
1963,2,650000,620000,1270000,original,original
1963,3,623000,595000,1218000,original,original
1963,4,615000,583000,1198000,original,original
1963,5,580000,550000,1130000,original,original
1963,6,571000,542000,1113000,original,original
1963,7,556000,530000,1086000,original,original
1963,8,543000,515000,1058000,original,original
1963,9,541000,515000,1056000,original,original
1963,10,530000,505000,1035000,original,original
1963,11,535000,509000,1044000,original,original
1963,12,532000,506000,1038000,original,original
1963,13,534000,509000,1043000,original,original
1963,14,521000,496000,1017000,original,original
1963,15,486000,463000,949000,original,original
1963,16,461000,441000,902000,original,original
1963,17,414000,396000,810000,original,original
1963,18,375000,361000,736000,original,original
1963,19,521000,496000,1017000,original,original
1963,20,539000,509000,1048000,original,original
1963,21,523000,496000,1019000,original,original
1963,22,642000,607000,1249000,original,original
1963,23,687000,650000,1337000,original,original
1963,24,685000,644000,1329000,original,original
1963,25,645000,606000,1251000,original,original
1963,26,610000,570000,1180000,original,original
1963,27,610000,572000,1182000,original,original
1963,28,604000,564000,1168000,original,original
1963,29,573000,535000,1108000,original,original
1963,30,468000,438000,906000,original,original
1963,31,469000,445000,914000,original,original
1963,32,482000,463000,945000,original,original
1963,33,518000,502000,1020000,original,original
1963,34,507000,497000,1004000,original,original
1963,35,514000,507000,1021000,original,original
1963,36,465000,494000,959000,original,original
1963,37,439000,517000,956000,original,original
1963,38,428000,542000,970000,original,original
1963,39,381000,527000,908000,original,original
1963,40,379000,532000,911000,original,original
1963,41,406000,564000,970000,original,original
1963,42,426000,603000,1029000,original,original
1963,43,426000,616000,1042000,original,original
1963,44,329000,469000,798000,original,original
1963,45,221000,313000,534000,original,original
1963,46,214000,299000,513000,original,original
1963,47,236000,335000,571000,original,original
1963,48,313000,449000,762000,original,original
1963,49,401000,578000,979000,original,original
1963,50,423000,590000,1013000,original,original
1963,51,441000,605000,1046000,original,original
1963,52,423000,578000,1001000,original,original
1963,53,437000,602000,1039000,original,original
1963,54,457000,615000,1072000,original,original
1963,55,455000,609000,1064000,original,original
1963,56,459000,592000,1051000,original,original
1963,57,452000,586000,1038000,original,original
1963,58,464000,560000,1024000,original,original
1963,59,459000,557000,1016000,original,original
1963,60,434000,532000,966000,original,original
1963,61,438000,541000,979000,original,original
1963,62,418000,522000,940000,original,original
1963,63,395000,499000,894000,original,original
1963,64,361000,481000,842000,original,original
1963,65,333000,473000,806000,original,original
1963,66,301000,445000,746000,original,original
1963,67,283000,438000,721000,original,original
1963,68,256000,408000,664000,original,original
1963,69,237000,388000,625000,original,original
1963,70,224000,368000,592000,original,original
1963,71,207000,339000,546000,original,original
1963,72,200000,326000,526000,original,original
1963,73,183000,297000,480000,original,original
1963,74,174000,282000,456000,original,original
1963,75,160000,257000,417000,original,original
1963,76,149000,236000,385000,original,original
1963,77,132000,210000,342000,original,original
1963,78,120000,188000,308000,original,original
1963,79,105000,164000,269000,original,original
1963,80,90000,141000,231000,original,original
1963,81,80000,124000,204000,original,original
1963,82,69000,106000,175000,original,original
1963,83,58000,90000,148000,original,original
1963,84,48000,75000,123000,original,original
1963,85,40000,62000,102000,original,original
1963,86,31000,48000,79000,original,original
1963,87,24000,39000,63000,original,original
1963,88,18000,29000,47000,original,original
1963,89,13000,21000,34000,original,original
1963,90,7000,11000,18000,original,original
1963,91,5000,8000,13000,original,original
1963,92,2000,4000,6000,original,original
1963,93,2000,3000,5000,original,original
1963,94,1000,2000,3000,original,original
1963,95,0,0,0,original,original
1963,96,0,0,0,original,original
1963,97,0,0,0,original,original
1963,98,0,0,0,original,original
1963,99,0,0,0,original,original
1964,0,680000,646000,1326000,original,original
1964,1,676000,643000,1319000,original,original
1964,2,654000,624000,1278000,original,original
1964,3,651000,621000,1272000,original,original
1964,4,624000,596000,1220000,original,original
1964,5,615000,584000,1199000,original,original
1964,6,580000,551000,1131000,original,original
1964,7,572000,543000,1115000,original,original
1964,8,557000,531000,1088000,original,original
1964,9,543000,516000,1059000,original,original
1964,10,542000,515000,1057000,original,original
1964,11,530000,505000,1035000,original,original
1964,12,534000,508000,1042000,original,original
1964,13,529000,503000,1032000,original,original
1964,14,535000,508000,1043000,original,original
1964,15,522000,495000,1017000,original,original
1964,16,487000,461000,948000,original,original
1964,17,463000,441000,904000,original,original
1964,18,420000,397000,817000,original,original
1964,19,377000,361000,738000,original,original
1964,20,521000,497000,1018000,original,original
1964,21,538000,510000,1048000,original,original
1964,22,523000,495000,1018000,original,original
1964,23,649000,608000,1257000,original,original
1964,24,697000,649000,1346000,original,original
1964,25,691000,643000,1334000,original,original
1964,26,650000,603000,1253000,original,original
1964,27,613000,570000,1183000,original,original
1964,28,610000,569000,1179000,original,original
1964,29,601000,561000,1162000,original,original
1964,30,571000,531000,1102000,original,original
1964,31,469000,435000,904000,original,original
1964,32,475000,443000,918000,original,original
1964,33,493000,462000,955000,original,original
1964,34,528000,499000,1027000,original,original
1964,35,517000,495000,1012000,original,original
1964,36,522000,506000,1028000,original,original
1964,37,470000,492000,962000,original,original
1964,38,443000,515000,958000,original,original
1964,39,430000,537000,967000,original,original
1964,40,383000,525000,908000,original,original
1964,41,380000,530000,910000,original,original
1964,42,407000,562000,969000,original,original
1964,43,427000,601000,1028000,original,original
1964,44,424000,611000,1035000,original,original
1964,45,327000,465000,792000,original,original
1964,46,218000,309000,527000,original,original
1964,47,212000,296000,508000,original,original
1964,48,235000,332000,567000,original,original
1964,49,311000,446000,757000,original,original
1964,50,399000,575000,974000,original,original
1964,51,420000,587000,1007000,original,original
1964,52,438000,601000,1039000,original,original
1964,53,420000,574000,994000,original,original
1964,54,432000,597000,1029000,original,original
1964,55,452000,609000,1061000,original,original
1964,56,449000,603000,1052000,original,original
1964,57,452000,586000,1038000,original,original
1964,58,445000,581000,1026000,original,original
1964,59,455000,553000,1008000,original,original
1964,60,450000,550000,1000000,original,original
1964,61,425000,525000,950000,original,original
1964,62,427000,534000,961000,original,original
1964,63,406000,515000,921000,original,original
1964,64,382000,490000,872000,original,original
1964,65,350000,472000,822000,original,original
1964,66,320000,463000,783000,original,original
1964,67,289000,435000,724000,original,original
1964,68,270000,427000,697000,original,original
1964,69,244000,396000,640000,original,original
1964,70,225000,377000,602000,original,original
1964,71,212000,356000,568000,original,original
1964,72,194000,325000,519000,original,original
1964,73,187000,313000,500000,original,original
1964,74,169000,282000,451000,original,original
1964,75,160000,265000,425000,original,original
1964,76,147000,241000,388000,original,original
1964,77,134000,219000,353000,original,original
1964,78,118000,194000,312000,original,original
1964,79,107000,172000,279000,original,original
1964,80,94000,149000,243000,original,original
1964,81,79000,127000,206000,original,original
1964,82,69000,110000,179000,original,original
1964,83,59000,93000,152000,original,original
1964,84,49000,77000,126000,original,original
1964,85,40000,63000,103000,original,original
1964,86,32000,52000,84000,original,original
1964,87,25000,40000,65000,original,original
1964,88,19000,31000,50000,original,original
1964,89,14000,23000,37000,original,original
1964,90,10000,16000,26000,original,original
1964,91,6000,11000,17000,original,original
1964,92,5000,8000,13000,original,original
1964,93,2000,4000,6000,original,original
1964,94,2000,3000,5000,original,original
1964,95,0,0,0,original,original
1964,96,0,0,0,original,original
1964,97,0,0,0,original,original
1964,98,0,0,0,original,original
1964,99,0,0,0,original,original
1965,0,665000,631000,1296000,original,original
1965,1,678000,645000,1323000,original,original
1965,2,676000,643000,1319000,original,original
1965,3,655000,624000,1279000,original,original
1965,4,651000,622000,1273000,original,original
1965,5,625000,597000,1222000,original,original
1965,6,616000,585000,1201000,original,original
1965,7,581000,551000,1132000,original,original
1965,8,573000,543000,1116000,original,original
1965,9,558000,532000,1090000,original,original
1965,10,544000,517000,1061000,original,original
1965,11,543000,516000,1059000,original,original
1965,12,530000,506000,1036000,original,original
1965,13,535000,509000,1044000,original,original
1965,14,531000,505000,1036000,original,original
1965,15,536000,510000,1046000,original,original
1965,16,524000,497000,1021000,original,original
1965,17,491000,464000,955000,original,original
1965,18,471000,446000,917000,original,original
1965,19,426000,403000,829000,original,original
1965,20,381000,366000,747000,original,original
1965,21,524000,501000,1025000,original,original
1965,22,542000,514000,1056000,original,original
1965,23,534000,499000,1033000,original,original
1965,24,660000,611000,1271000,original,original
1965,25,710000,652000,1362000,original,original
1965,26,701000,645000,1346000,original,original
1965,27,658000,606000,1264000,original,original
1965,28,619000,572000,1191000,original,original
1965,29,616000,571000,1187000,original,original
1965,30,607000,563000,1170000,original,original
1965,31,577000,533000,1110000,original,original
1965,32,476000,437000,913000,original,original
1965,33,480000,445000,925000,original,original
1965,34,498000,464000,962000,original,original
1965,35,533000,501000,1034000,original,original
1965,36,521000,497000,1018000,original,original
1965,37,525000,507000,1032000,original,original
1965,38,473000,493000,966000,original,original
1965,39,446000,516000,962000,original,original
1965,40,432000,538000,970000,original,original
1965,41,384000,526000,910000,original,original
1965,42,382000,530000,912000,original,original
1965,43,408000,561000,969000,original,original
1965,44,427000,600000,1027000,original,original
1965,45,424000,610000,1034000,original,original
1965,46,327000,464000,791000,original,original
1965,47,218000,308000,526000,original,original
1965,48,212000,296000,508000,original,original
1965,49,234000,331000,565000,original,original
1965,50,310000,444000,754000,original,original
1965,51,397000,573000,970000,original,original
1965,52,418000,585000,1003000,original,original
1965,53,435000,599000,1034000,original,original
1965,54,416000,571000,987000,original,original
1965,55,427000,594000,1021000,original,original
1965,56,446000,605000,1051000,original,original
1965,57,442000,599000,1041000,original,original
1965,58,445000,582000,1027000,original,original
1965,59,437000,576000,1013000,original,original
1965,60,446000,548000,994000,original,original
1965,61,441000,545000,986000,original,original
1965,62,415000,519000,934000,original,original
1965,63,416000,527000,943000,original,original
1965,64,394000,507000,901000,original,original
1965,65,370000,482000,852000,original,original
1965,66,338000,463000,801000,original,original
1965,67,308000,453000,761000,original,original
1965,68,277000,425000,702000,original,original
1965,69,258000,416000,674000,original,original
1965,70,232000,384000,616000,original,original
1965,71,212000,364000,576000,original,original
1965,72,199000,343000,542000,original,original
1965,73,182000,311000,493000,original,original
1965,74,174000,298000,472000,original,original
1965,75,157000,267000,424000,original,original
1965,76,147000,249000,396000,original,original
1965,77,134000,225000,359000,original,original
1965,78,121000,203000,324000,original,original
1965,79,106000,177000,283000,original,original
1965,80,94000,156000,250000,original,original
1965,81,82000,133000,215000,original,original
1965,82,68000,112000,180000,original,original
1965,83,59000,96000,155000,original,original
1965,84,49000,80000,129000,original,original
1965,85,40000,65000,105000,original,original
1965,86,32000,53000,85000,original,original
1965,87,26000,43000,69000,original,original
1965,88,20000,32000,52000,original,original
1965,89,15000,25000,40000,original,original
1965,90,11000,18000,29000,original,original
1965,91,7000,12000,19000,original,original
1965,92,5000,8000,13000,original,original
1965,93,3000,6000,9000,original,original
1965,94,1000,3000,4000,original,original
1965,95,0,0,0,original,original
1965,96,0,0,0,original,original
1965,97,0,0,0,original,original
1965,98,0,0,0,original,original
1965,99,0,0,0,original,original
1966,0,661000,630000,1291000,original,original
1966,1,662000,628000,1290000,original,original
1966,2,677000,644000,1321000,original,original
1966,3,676000,644000,1320000,original,original
1966,4,656000,625000,1281000,original,original
1966,5,652000,622000,1274000,original,original
1966,6,626000,597000,1223000,original,original
1966,7,617000,585000,1202000,original,original
1966,8,582000,552000,1134000,original,original
1966,9,573000,544000,1117000,original,original
1966,10,559000,533000,1092000,original,original
1966,11,545000,518000,1063000,original,original
1966,12,543000,517000,1060000,original,original
1966,13,531000,507000,1038000,original,original
1966,14,536000,510000,1046000,original,original
1966,15,532000,506000,1038000,original,original
1966,16,538000,511000,1049000,original,original
1966,17,527000,499000,1026000,original,original
1966,18,496000,469000,965000,original,original
1966,19,474000,451000,925000,original,original
1966,20,425000,408000,833000,original,original
1966,21,380000,370000,750000,original,original
1966,22,526000,504000,1030000,original,original
1966,23,547000,516000,1063000,original,original
1966,24,538000,501000,1039000,original,original
1966,25,663000,612000,1275000,original,original
1966,26,710000,654000,1364000,original,original
1966,27,700000,646000,1346000,original,original
1966,28,657000,607000,1264000,original,original
1966,29,618000,573000,1191000,original,original
1966,30,615000,572000,1187000,original,original
1966,31,605000,564000,1169000,original,original
1966,32,575000,534000,1109000,original,original
1966,33,474000,438000,912000,original,original
1966,34,479000,445000,924000,original,original
1966,35,496000,464000,960000,original,original
1966,36,531000,502000,1033000,original,original
1966,37,519000,497000,1016000,original,original
1966,38,523000,507000,1030000,original,original
1966,39,471000,493000,964000,original,original
1966,40,444000,516000,960000,original,original
1966,41,430000,538000,968000,original,original
1966,42,383000,525000,908000,original,original
1966,43,380000,529000,909000,original,original
1966,44,406000,561000,967000,original,original
1966,45,425000,599000,1024000,original,original
1966,46,422000,609000,1031000,original,original
1966,47,325000,463000,788000,original,original
1966,48,217000,307000,524000,original,original
1966,49,211000,295000,506000,original,original
1966,50,232000,330000,562000,original,original
1966,51,307000,443000,750000,original,original
1966,52,393000,571000,964000,original,original
1966,53,414000,582000,996000,original,original
1966,54,430000,595000,1025000,original,original
1966,55,412000,568000,980000,original,original
1966,56,422000,590000,1012000,original,original
1966,57,440000,601000,1041000,original,original
1966,58,435000,595000,1030000,original,original
1966,59,437000,577000,1014000,original,original
1966,60,428000,571000,999000,original,original
1966,61,436000,542000,978000,original,original
1966,62,430000,538000,968000,original,original
1966,63,403000,512000,915000,original,original
1966,64,404000,519000,923000,original,original
1966,65,381000,499000,880000,original,original
1966,66,357000,473000,830000,original,original
1966,67,324000,454000,778000,original,original
1966,68,295000,443000,738000,original,original
1966,69,264000,414000,678000,original,original
1966,70,245000,404000,649000,original,original
1966,71,219000,372000,591000,original,original
1966,72,200000,351000,551000,original,original
1966,73,187000,328000,515000,original,original
1966,74,169000,297000,466000,original,original
1966,75,161000,282000,443000,original,original
1966,76,144000,251000,395000,original,original
1966,77,134000,233000,367000,original,original
1966,78,121000,208000,329000,original,original
1966,79,108000,186000,294000,original,original
1966,80,93000,161000,254000,original,original
1966,81,82000,140000,222000,original,original
1966,82,70000,118000,188000,original,original
1966,83,57000,97000,154000,original,original
1966,84,49000,83000,132000,original,original
1966,85,41000,68000,109000,original,original
1966,86,32000,55000,87000,original,original
1966,87,25000,43000,68000,original,original
1966,88,20000,35000,55000,original,original
1966,89,15000,25000,40000,original,original
1966,90,11000,19000,30000,original,original
1966,91,8000,14000,22000,original,original
1966,92,5000,9000,14000,original,original
1966,93,3000,6000,9000,original,original
1966,94,2000,4000,6000,original,original
1966,95,0,0,0,original,original
1966,96,0,0,0,original,original
1966,97,0,0,0,original,original
1966,98,0,0,0,original,original
1966,99,0,0,0,original,original
1967,0,638000,607000,1245000,original,original
1967,1,655000,625000,1280000,original,original
1967,2,659000,626000,1285000,original,original
1967,3,676000,643000,1319000,original,original
1967,4,675000,643000,1318000,original,original
1967,5,655000,624000,1279000,original,original
1967,6,652000,622000,1274000,original,original
1967,7,625000,597000,1222000,original,original
1967,8,616000,585000,1201000,original,original
1967,9,582000,552000,1134000,original,original
1967,10,574000,544000,1118000,original,original
1967,11,559000,533000,1092000,original,original
1967,12,545000,518000,1063000,original,original
1967,13,544000,518000,1062000,original,original
1967,14,531000,508000,1039000,original,original
1967,15,536000,510000,1046000,original,original
1967,16,532000,507000,1039000,original,original
1967,17,538000,512000,1050000,original,original
1967,18,527000,500000,1027000,original,original
1967,19,494000,469000,963000,original,original
1967,20,469000,451000,920000,original,original
1967,21,421000,407000,828000,original,original
1967,22,377000,368000,745000,original,original
1967,23,522000,502000,1024000,original,original
1967,24,543000,514000,1057000,original,original
1967,25,532000,498000,1030000,original,original
1967,26,655000,610000,1265000,original,original
1967,27,699000,650000,1349000,original,original
1967,28,690000,643000,1333000,original,original
1967,29,646000,604000,1250000,original,original
1967,30,608000,570000,1178000,original,original
1967,31,605000,569000,1174000,original,original
1967,32,596000,561000,1157000,original,original
1967,33,566000,532000,1098000,original,original
1967,34,466000,436000,902000,original,original
1967,35,471000,444000,915000,original,original
1967,36,489000,463000,952000,original,original
1967,37,524000,500000,1024000,original,original
1967,38,513000,496000,1009000,original,original
1967,39,517000,506000,1023000,original,original
1967,40,466000,491000,957000,original,original
1967,41,438000,515000,953000,original,original
1967,42,426000,536000,962000,original,original
1967,43,378000,524000,902000,original,original
1967,44,376000,528000,904000,original,original
1967,45,402000,559000,961000,original,original
1967,46,421000,597000,1018000,original,original
1967,47,418000,607000,1025000,original,original
1967,48,322000,461000,783000,original,original
1967,49,215000,306000,521000,original,original
1967,50,208000,294000,502000,original,original
1967,51,230000,328000,558000,original,original
1967,52,304000,441000,745000,original,original
1967,53,389000,568000,957000,original,original
1967,54,409000,579000,988000,original,original
1967,55,425000,592000,1017000,original,original
1967,56,406000,565000,971000,original,original
1967,57,416000,586000,1002000,original,original
1967,58,433000,597000,1030000,original,original
1967,59,427000,590000,1017000,original,original
1967,60,428000,572000,1000000,original,original
1967,61,419000,565000,984000,original,original
1967,62,426000,536000,962000,original,original
1967,63,419000,531000,950000,original,original
1967,64,392000,505000,897000,original,original
1967,65,391000,511000,902000,original,original
1967,66,368000,490000,858000,original,original
1967,67,343000,464000,807000,original,original
1967,68,310000,444000,754000,original,original
1967,69,281000,432000,713000,original,original
1967,70,250000,402000,652000,original,original
1967,71,232000,391000,623000,original,original
1967,72,206000,358000,564000,original,original
1967,73,187000,337000,524000,original,original
1967,74,174000,313000,487000,original,original
1967,75,156000,282000,438000,original,original
1967,76,148000,266000,414000,original,original
1967,77,131000,234000,365000,original,original
1967,78,121000,216000,337000,original,original
1967,79,108000,191000,299000,original,original
1967,80,96000,169000,265000,original,original
1967,81,82000,145000,227000,original,original
1967,82,71000,124000,195000,original,original
1967,83,60000,103000,163000,original,original
1967,84,48000,84000,132000,original,original
1967,85,41000,71000,112000,original,original
1967,86,33000,57000,90000,original,original
1967,87,26000,45000,71000,original,original
1967,88,20000,34000,54000,original,original
1967,89,16000,28000,44000,original,original
1967,90,11000,19000,30000,original,original
1967,91,8000,15000,23000,original,original
1967,92,6000,10000,16000,original,original
1967,93,4000,7000,11000,original,original
1967,94,2000,4000,6000,original,original
1967,95,0,0,0,original,original
1967,96,0,0,0,original,original
1967,97,0,0,0,original,original
1967,98,0,0,0,original,original
1967,99,0,0,0,original,original
1968,0,611000,581000,1192000,original,original
1968,1,635000,605000,1240000,original,original
1968,2,655000,625000,1280000,original,original
1968,3,660000,627000,1287000,original,original
1968,4,677000,644000,1321000,original,original
1968,5,676000,644000,1320000,original,original
1968,6,656000,625000,1281000,original,original
1968,7,652000,623000,1275000,original,original
1968,8,626000,598000,1224000,original,original
1968,9,617000,586000,1203000,original,original
1968,10,583000,553000,1136000,original,original
1968,11,574000,546000,1120000,original,original
1968,12,560000,534000,1094000,original,original
1968,13,546000,519000,1065000,original,original
1968,14,545000,519000,1064000,original,original
1968,15,533000,509000,1042000,original,original
1968,16,538000,513000,1051000,original,original
1968,17,535000,509000,1044000,original,original
1968,18,545000,518000,1063000,original,original
1968,19,534000,507000,1041000,original,original
1968,20,498000,476000,974000,original,original
1968,21,475000,456000,931000,original,original
1968,22,429000,411000,840000,original,original
1968,23,387000,372000,759000,original,original
1968,24,531000,505000,1036000,original,original
1968,25,550000,516000,1066000,original,original
1968,26,538000,500000,1038000,original,original
1968,27,660000,611000,1271000,original,original
1968,28,705000,651000,1356000,original,original
1968,29,694000,645000,1339000,original,original
1968,30,650000,605000,1255000,original,original
1968,31,612000,571000,1183000,original,original
1968,32,608000,571000,1179000,original,original
1968,33,599000,562000,1161000,original,original
1968,34,570000,533000,1103000,original,original
1968,35,470000,437000,907000,original,original
1968,36,474000,444000,918000,original,original
1968,37,491000,463000,954000,original,original
1968,38,526000,501000,1027000,original,original
1968,39,515000,496000,1011000,original,original
1968,40,519000,506000,1025000,original,original
1968,41,466000,491000,957000,original,original
1968,42,439000,515000,954000,original,original
1968,43,426000,536000,962000,original,original
1968,44,378000,523000,901000,original,original
1968,45,375000,527000,902000,original,original
1968,46,401000,558000,959000,original,original
1968,47,420000,596000,1016000,original,original
1968,48,416000,605000,1021000,original,original
1968,49,320000,460000,780000,original,original
1968,50,213000,305000,518000,original,original
1968,51,207000,292000,499000,original,original
1968,52,228000,327000,555000,original,original
1968,53,301000,438000,739000,original,original
1968,54,385000,565000,950000,original,original
1968,55,405000,576000,981000,original,original
1968,56,419000,588000,1007000,original,original
1968,57,400000,561000,961000,original,original
1968,58,409000,582000,991000,original,original
1968,59,426000,592000,1018000,original,original
1968,60,419000,584000,1003000,original,original
1968,61,419000,566000,985000,original,original
1968,62,409000,558000,967000,original,original
1968,63,414000,529000,943000,original,original
1968,64,407000,524000,931000,original,original
1968,65,378000,496000,874000,original,original
1968,66,377000,501000,878000,original,original
1968,67,353000,479000,832000,original,original
1968,68,327000,453000,780000,original,original
1968,69,294000,431000,725000,original,original
1968,70,266000,419000,685000,original,original
1968,71,236000,389000,625000,original,original
1968,72,217000,376000,593000,original,original
1968,73,192000,343000,535000,original,original
1968,74,173000,320000,493000,original,original
1968,75,160000,296000,456000,original,original
1968,76,143000,264000,407000,original,original
1968,77,134000,248000,382000,original,original
1968,78,117000,216000,333000,original,original
1968,79,107000,197000,304000,original,original
1968,80,95000,173000,268000,original,original
1968,81,83000,150000,233000,original,original
1968,82,70000,127000,197000,original,original
1968,83,60000,107000,167000,original,original
1968,84,50000,88000,138000,original,original
1968,85,39000,70000,109000,original,original
1968,86,32000,58000,90000,original,original
1968,87,26000,46000,72000,original,original
1968,88,20000,36000,56000,original,original
1968,89,15000,26000,41000,original,original
1968,90,11000,21000,32000,original,original
1968,91,8000,14000,22000,original,original
1968,92,6000,10000,16000,original,original
1968,93,4000,7000,11000,original,original
1968,94,2000,5000,7000,original,original
1968,95,0,0,0,original,original
1968,96,0,0,0,original,original
1968,97,0,0,0,original,original
1968,98,0,0,0,original,original
1968,99,0,0,0,original,original
1969,0,574000,546000,1120000,original,original
1969,1,609000,580000,1189000,original,original
1969,2,636000,606000,1242000,original,original
1969,3,656000,627000,1283000,original,original
1969,4,662000,629000,1291000,original,original
1969,5,679000,646000,1325000,original,original
1969,6,678000,645000,1323000,original,original
1969,7,657000,626000,1283000,original,original
1969,8,654000,624000,1278000,original,original
1969,9,628000,600000,1228000,original,original
1969,10,619000,588000,1207000,original,original
1969,11,585000,555000,1140000,original,original
1969,12,576000,547000,1123000,original,original
1969,13,562000,536000,1098000,original,original
1969,14,549000,521000,1070000,original,original
1969,15,548000,522000,1070000,original,original
1969,16,537000,513000,1050000,original,original
1969,17,543000,517000,1060000,original,original
1969,18,545000,519000,1064000,original,original
1969,19,555000,530000,1085000,original,original
1969,20,541000,518000,1059000,original,original
1969,21,511000,486000,997000,original,original
1969,22,492000,465000,957000,original,original
1969,23,450000,419000,869000,original,original
1969,24,406000,378000,784000,original,original
1969,25,548000,510000,1058000,original,original
1969,26,565000,521000,1086000,original,original
1969,27,554000,505000,1059000,original,original
1969,28,675000,615000,1290000,original,original
1969,29,721000,656000,1377000,original,original
1969,30,708000,648000,1356000,original,original
1969,31,663000,609000,1272000,original,original
1969,32,624000,575000,1199000,original,original
1969,33,619000,574000,1193000,original,original
1969,34,609000,565000,1174000,original,original
1969,35,581000,536000,1117000,original,original
1969,36,478000,440000,918000,original,original
1969,37,481000,447000,928000,original,original
1969,38,498000,465000,963000,original,original
1969,39,532000,502000,1034000,original,original
1969,40,519000,497000,1016000,original,original
1969,41,522000,507000,1029000,original,original
1969,42,469000,492000,961000,original,original
1969,43,441000,515000,956000,original,original
1969,44,427000,535000,962000,original,original
1969,45,379000,523000,902000,original,original
1969,46,375000,526000,901000,original,original
1969,47,401000,557000,958000,original,original
1969,48,419000,594000,1013000,original,original
1969,49,415000,604000,1019000,original,original
1969,50,319000,458000,777000,original,original
1969,51,212000,303000,515000,original,original
1969,52,206000,291000,497000,original,original
1969,53,226000,325000,551000,original,original
1969,54,299000,436000,735000,original,original
1969,55,382000,562000,944000,original,original
1969,56,400000,572000,972000,original,original
1969,57,414000,585000,999000,original,original
1969,58,394000,556000,950000,original,original
1969,59,402000,577000,979000,original,original
1969,60,417000,586000,1003000,original,original
1969,61,410000,578000,988000,original,original
1969,62,409000,559000,968000,original,original
1969,63,397000,551000,948000,original,original
1969,64,402000,521000,923000,original,original
1969,65,393000,515000,908000,original,original
1969,66,364000,487000,851000,original,original
1969,67,361000,490000,851000,original,original
1969,68,336000,468000,804000,original,original
1969,69,310000,441000,751000,original,original
1969,70,278000,418000,696000,original,original
1969,71,250000,405000,655000,original,original
1969,72,220000,373000,593000,original,original
1969,73,202000,360000,562000,original,original
1969,74,177000,326000,503000,original,original
1969,75,158000,303000,461000,original,original
1969,76,145000,278000,423000,original,original
1969,77,129000,246000,375000,original,original
1969,78,120000,229000,349000,original,original
1969,79,104000,198000,302000,original,original
1969,80,94000,179000,273000,original,original
1969,81,82000,155000,237000,original,original
1969,82,71000,133000,204000,original,original
1969,83,59000,111000,170000,original,original
1969,84,50000,92000,142000,original,original
1969,85,41000,74000,115000,original,original
1969,86,31000,58000,89000,original,original
1969,87,25000,47000,72000,original,original
1969,88,20000,37000,57000,original,original
1969,89,15000,28000,43000,original,original
1969,90,11000,20000,31000,original,original
1969,91,8000,16000,24000,original,original
1969,92,5000,10000,15000,original,original
1969,93,4000,7000,11000,original,original
1969,94,3000,5000,8000,original,original
1969,95,0,0,0,original,original
1969,96,0,0,0,original,original
1969,97,0,0,0,original,original
1969,98,0,0,0,original,original
1969,99,0,0,0,original,original
1970,0,520000,496000,1016000,original,original
1970,1,569000,541000,1110000,original,original
1970,2,607000,577000,1184000,original,original
1970,3,631000,601000,1232000,original,original
1970,4,653000,622000,1275000,original,original
1970,5,662000,627000,1289000,original,original
1970,6,677000,643000,1320000,original,original
1970,7,674000,642000,1316000,original,original
1970,8,652000,621000,1273000,original,original
1970,9,651000,620000,1271000,original,original
1970,10,629000,600000,1229000,original,original
1970,11,616000,584000,1200000,original,original
1970,12,586000,554000,1140000,original,original
1970,13,576000,546000,1122000,original,original
1970,14,562000,534000,1096000,original,original
1970,15,551000,521000,1072000,original,original
1970,16,553000,527000,1080000,original,original
1970,17,539000,515000,1054000,original,original
1970,18,548000,522000,1070000,original,original
1970,19,544000,520000,1064000,original,original
1970,20,549000,528000,1077000,original,original
1970,21,541000,513000,1054000,original,original
1970,22,505000,480000,985000,original,original
1970,23,484000,460000,944000,original,original
1970,24,438000,413000,851000,original,original
1970,25,396000,374000,770000,original,original
1970,26,531000,503000,1034000,original,original
1970,27,549000,514000,1063000,original,original
1970,28,541000,501000,1042000,original,original
1970,29,659000,612000,1271000,original,original
1970,30,712000,657000,1369000,original,original
1970,31,702000,650000,1352000,original,original
1970,32,661000,611000,1272000,original,original
1970,33,624000,577000,1201000,original,original
1970,34,619000,575000,1194000,original,original
1970,35,609000,566000,1175000,original,original
1970,36,579000,535000,1114000,original,original
1970,37,476000,439000,915000,original,original
1970,38,478000,447000,925000,original,original
1970,39,493000,463000,956000,original,original
1970,40,527000,501000,1028000,original,original
1970,41,515000,494000,1009000,original,original
1970,42,517000,503000,1020000,original,original
1970,43,464000,490000,954000,original,original
1970,44,436000,511000,947000,original,original
1970,45,422000,532000,954000,original,original
1970,46,374000,520000,894000,original,original
1970,47,370000,522000,892000,original,original
1970,48,395000,552000,947000,original,original
1970,49,414000,589000,1003000,original,original
1970,50,409000,599000,1008000,original,original
1970,51,315000,454000,769000,original,original
1970,52,210000,300000,510000,original,original
1970,53,204000,290000,494000,original,original
1970,54,224000,322000,546000,original,original
1970,55,295000,432000,727000,original,original
1970,56,377000,556000,933000,original,original
1970,57,395000,568000,963000,original,original
1970,58,408000,579000,987000,original,original
1970,59,388000,551000,939000,original,original
1970,60,394000,569000,963000,original,original
1970,61,406000,576000,982000,original,original
1970,62,399000,568000,967000,original,original
1970,63,398000,551000,949000,original,original
1970,64,386000,540000,926000,original,original
1970,65,389000,511000,900000,original,original
1970,66,380000,504000,884000,original,original
1970,67,353000,477000,830000,original,original
1970,68,345000,478000,823000,original,original
1970,69,321000,454000,775000,original,original
1970,70,293000,424000,717000,original,original
1970,71,261000,403000,664000,original,original
1970,72,234000,387000,621000,original,original
1970,73,205000,356000,561000,original,original
1970,74,185000,339000,524000,original,original
1970,75,162000,307000,469000,original,original
1970,76,144000,284000,428000,original,original
1970,77,132000,259000,391000,original,original
1970,78,115000,227000,342000,original,original
1970,79,107000,209000,316000,original,original
1970,80,92000,179000,271000,original,original
1970,81,81000,158000,239000,original,original
1970,82,71000,137000,208000,original,original
1970,83,60000,116000,176000,original,original
1970,84,49000,95000,144000,original,original
1970,85,41000,78000,119000,original,original
1970,86,33000,62000,95000,original,original
1970,87,26000,49000,75000,original,original
1970,88,20000,38000,58000,original,original
1970,89,16000,29000,45000,original,original
1970,90,11000,21000,32000,original,original
1970,91,8000,15000,23000,original,original
1970,92,6000,11000,17000,original,original
1970,93,4000,8000,12000,original,original
1970,94,3000,5000,8000,original,original
1970,95,0,0,0,original,original
1970,96,0,0,0,original,original
1970,97,0,0,0,original,original
1970,98,0,0,0,original,original
1970,99,0,0,0,original,original
1971,0,510000,484000,994000,original,original
1971,1,519000,496000,1015000,original,original
1971,2,571000,544000,1115000,original,original
1971,3,610000,580000,1190000,original,original
1971,4,634000,604000,1238000,original,original
1971,5,656000,625000,1281000,original,original
1971,6,665000,630000,1295000,original,original
1971,7,679000,646000,1325000,original,original
1971,8,676000,644000,1320000,original,original
1971,9,655000,624000,1279000,original,original
1971,10,654000,623000,1277000,original,original
1971,11,632000,603000,1235000,original,original
1971,12,619000,587000,1206000,original,original
1971,13,588000,557000,1145000,original,original
1971,14,579000,549000,1128000,original,original
1971,15,569000,538000,1107000,original,original
1971,16,557000,525000,1082000,original,original
1971,17,558000,532000,1090000,original,original
1971,18,547000,522000,1069000,original,original
1971,19,556000,531000,1087000,original,original
1971,20,546000,529000,1075000,original,original
1971,21,557000,536000,1093000,original,original
1971,22,552000,521000,1073000,original,original
1971,23,518000,487000,1005000,original,original
1971,24,497000,466000,963000,original,original
1971,25,448000,418000,866000,original,original
1971,26,405000,379000,784000,original,original
1971,27,539000,507000,1046000,original,original
1971,28,555000,517000,1072000,original,original
1971,29,548000,504000,1052000,original,original
1971,30,665000,615000,1280000,original,original
1971,31,718000,660000,1378000,original,original
1971,32,708000,652000,1360000,original,original
1971,33,666000,613000,1279000,original,original
1971,34,629000,579000,1208000,original,original
1971,35,623000,577000,1200000,original,original
1971,36,611000,568000,1179000,original,original
1971,37,581000,536000,1117000,original,original
1971,38,479000,441000,920000,original,original
1971,39,481000,448000,929000,original,original
1971,40,494000,464000,958000,original,original
1971,41,528000,502000,1030000,original,original
1971,42,515000,495000,1010000,original,original
1971,43,517000,503000,1020000,original,original
1971,44,464000,489000,953000,original,original
1971,45,435000,511000,946000,original,original
1971,46,421000,531000,952000,original,original
1971,47,373000,519000,892000,original,original
1971,48,369000,521000,890000,original,original
1971,49,394000,551000,945000,original,original
1971,50,411000,587000,998000,original,original
1971,51,407000,596000,1003000,original,original
1971,52,313000,452000,765000,original,original
1971,53,208000,299000,507000,original,original
1971,54,202000,288000,490000,original,original
1971,55,221000,320000,541000,original,original
1971,56,292000,430000,722000,original,original
1971,57,372000,552000,924000,original,original
1971,58,389000,564000,953000,original,original
1971,59,401000,574000,975000,original,original
1971,60,381000,547000,928000,original,original
1971,61,386000,564000,950000,original,original
1971,62,397000,570000,967000,original,original
1971,63,389000,561000,950000,original,original
1971,64,387000,543000,930000,original,original
1971,65,373000,532000,905000,original,original
1971,66,376000,502000,878000,original,original
1971,67,365000,494000,859000,original,original
1971,68,338000,467000,805000,original,original
1971,69,329000,466000,795000,original,original
1971,70,304000,441000,745000,original,original
1971,71,276000,411000,687000,original,original
1971,72,244000,388000,632000,original,original
1971,73,218000,371000,589000,original,original
1971,74,190000,340000,530000,original,original
1971,75,171000,322000,493000,original,original
1971,76,148000,289000,437000,original,original
1971,77,130000,265000,395000,original,original
1971,78,119000,240000,359000,original,original
1971,79,103000,209000,312000,original,original
1971,80,94000,189000,283000,original,original
1971,81,80000,161000,241000,original,original
1971,82,69000,140000,209000,original,original
1971,83,61000,120000,181000,original,original
1971,84,51000,100000,151000,original,original
1971,85,40000,80000,120000,original,original
1971,86,33000,65000,98000,original,original
1971,87,27000,51000,78000,original,original
1971,88,20000,39000,59000,original,original
1971,89,15000,30000,45000,original,original
1971,90,12000,22000,34000,original,original
1971,91,8000,16000,24000,original,original
1971,92,6000,11000,17000,original,original
1971,93,4000,8000,12000,original,original
1971,94,3000,5000,8000,original,original
1971,95,0,0,0,original,original
1971,96,0,0,0,original,original
1971,97,0,0,0,original,original
1971,98,0,0,0,original,original
1971,99,0,0,0,original,original
1972,0,453000,431000,884000,original,original
1972,1,508000,483000,991000,original,original
1972,2,521000,497000,1018000,original,original
1972,3,575000,547000,1122000,original,original
1972,4,614000,583000,1197000,original,original
1972,5,637000,606000,1243000,original,original
1972,6,658000,626000,1284000,original,original
1972,7,666000,631000,1297000,original,original
1972,8,681000,647000,1328000,original,original
1972,9,678000,646000,1324000,original,original
1972,10,657000,625000,1282000,original,original
1972,11,656000,625000,1281000,original,original
1972,12,635000,605000,1240000,original,original
1972,13,621000,589000,1210000,original,original
1972,14,591000,559000,1150000,original,original
1972,15,585000,552000,1137000,original,original
1972,16,575000,542000,1117000,original,original
1972,17,562000,530000,1092000,original,original
1972,18,565000,539000,1104000,original,original
1972,19,554000,532000,1086000,original,original
1972,20,557000,541000,1098000,original,original
1972,21,551000,536000,1087000,original,original
1972,22,567000,544000,1111000,original,original
1972,23,561000,527000,1088000,original,original
1972,24,528000,494000,1022000,original,original
1972,25,505000,471000,976000,original,original
1972,26,454000,422000,876000,original,original
1972,27,410000,382000,792000,original,original
1972,28,543000,510000,1053000,original,original
1972,29,559000,520000,1079000,original,original
1972,30,554000,507000,1061000,original,original
1972,31,667000,617000,1284000,original,original
1972,32,719000,662000,1381000,original,original
1972,33,709000,654000,1363000,original,original
1972,34,668000,615000,1283000,original,original
1972,35,629000,580000,1209000,original,original
1972,36,624000,578000,1202000,original,original
1972,37,611000,568000,1179000,original,original
1972,38,581000,537000,1118000,original,original
1972,39,479000,441000,920000,original,original
1972,40,481000,448000,929000,original,original
1972,41,493000,464000,957000,original,original
1972,42,527000,502000,1029000,original,original
1972,43,514000,494000,1008000,original,original
1972,44,515000,503000,1018000,original,original
1972,45,462000,489000,951000,original,original
1972,46,434000,510000,944000,original,original
1972,47,419000,530000,949000,original,original
1972,48,371000,518000,889000,original,original
1972,49,367000,519000,886000,original,original
1972,50,391000,549000,940000,original,original
1972,51,409000,585000,994000,original,original
1972,52,403000,594000,997000,original,original
1972,53,310000,450000,760000,original,original
1972,54,206000,297000,503000,original,original
1972,55,199000,287000,486000,original,original
1972,56,219000,319000,538000,original,original
1972,57,288000,427000,715000,original,original
1972,58,367000,549000,916000,original,original
1972,59,383000,560000,943000,original,original
1972,60,394000,569000,963000,original,original
1972,61,373000,542000,915000,original,original
1972,62,377000,558000,935000,original,original
1972,63,387000,563000,950000,original,original
1972,64,378000,554000,932000,original,original
1972,65,375000,534000,909000,original,original
1972,66,361000,523000,884000,original,original
1972,67,361000,492000,853000,original,original
1972,68,350000,484000,834000,original,original
1972,69,322000,455000,777000,original,original
1972,70,312000,453000,765000,original,original
1972,71,287000,427000,714000,original,original
1972,72,259000,397000,656000,original,original
1972,73,228000,373000,601000,original,original
1972,74,202000,354000,556000,original,original
1972,75,174000,322000,496000,original,original
1972,76,156000,303000,459000,original,original
1972,77,134000,271000,405000,original,original
1972,78,117000,246000,363000,original,original
1972,79,106000,221000,327000,original,original
1972,80,91000,190000,281000,original,original
1972,81,82000,170000,252000,original,original
1972,82,69000,143000,212000,original,original
1972,83,59000,123000,182000,original,original
1972,84,51000,103000,154000,original,original
1972,85,42000,85000,127000,original,original
1972,86,33000,67000,100000,original,original
1972,87,27000,54000,81000,original,original
1972,88,21000,41000,62000,original,original
1972,89,15000,31000,46000,original,original
1972,90,11000,23000,34000,original,original
1972,91,9000,17000,26000,original,original
1972,92,6000,12000,18000,original,original
1972,93,4000,8000,12000,original,original
1972,94,3000,5000,8000,original,original
1972,95,0,0,0,original,original
1972,96,0,0,0,original,original
1972,97,0,0,0,original,original
1972,98,0,0,0,original,original
1972,99,0,0,0,original,original
1973,0,410000,391000,801000,original,original
1973,1,451000,430000,881000,original,original
1973,2,509000,484000,993000,original,original
1973,3,524000,500000,1024000,original,original
1973,4,578000,549000,1127000,original,original
1973,5,617000,585000,1202000,original,original
1973,6,638000,607000,1245000,original,original
1973,7,659000,628000,1287000,original,original
1973,8,668000,633000,1301000,original,original
1973,9,684000,650000,1334000,original,original
1973,10,680000,648000,1328000,original,original
1973,11,660000,628000,1288000,original,original
1973,12,658000,627000,1285000,original,original
1973,13,637000,607000,1244000,original,original
1973,14,625000,591000,1216000,original,original
1973,15,597000,563000,1160000,original,original
1973,16,590000,556000,1146000,original,original
1973,17,580000,547000,1127000,original,original
1973,18,571000,538000,1109000,original,original
1973,19,573000,550000,1123000,original,original
1973,20,555000,542000,1097000,original,original
1973,21,565000,550000,1115000,original,original
1973,22,563000,543000,1106000,original,original
1973,23,582000,552000,1134000,original,original
1973,24,576000,533000,1109000,original,original
1973,25,541000,499000,1040000,original,original
1973,26,514000,476000,990000,original,original
1973,27,461000,426000,887000,original,original
1973,28,417000,386000,803000,original,original
1973,29,550000,513000,1063000,original,original
1973,30,568000,522000,1090000,original,original
1973,31,559000,509000,1068000,original,original
1973,32,671000,619000,1290000,original,original
1973,33,723000,663000,1386000,original,original
1973,34,712000,655000,1367000,original,original
1973,35,670000,616000,1286000,original,original
1973,36,630000,581000,1211000,original,original
1973,37,623000,578000,1201000,original,original
1973,38,611000,569000,1180000,original,original
1973,39,581000,537000,1118000,original,original
1973,40,479000,441000,920000,original,original
1973,41,480000,449000,929000,original,original
1973,42,492000,464000,956000,original,original
1973,43,525000,501000,1026000,original,original
1973,44,512000,494000,1006000,original,original
1973,45,513000,503000,1016000,original,original
1973,46,460000,488000,948000,original,original
1973,47,431000,509000,940000,original,original
1973,48,417000,529000,946000,original,original
1973,49,369000,516000,885000,original,original
1973,50,364000,518000,882000,original,original
1973,51,388000,547000,935000,original,original
1973,52,405000,582000,987000,original,original
1973,53,400000,591000,991000,original,original
1973,54,307000,448000,755000,original,original
1973,55,203000,296000,499000,original,original
1973,56,197000,285000,482000,original,original
1973,57,216000,317000,533000,original,original
1973,58,284000,424000,708000,original,original
1973,59,361000,544000,905000,original,original
1973,60,375000,555000,930000,original,original
1973,61,386000,564000,950000,original,original
1973,62,364000,536000,900000,original,original
1973,63,368000,552000,920000,original,original
1973,64,376000,555000,931000,original,original
1973,65,366000,545000,911000,original,original
1973,66,362000,525000,887000,original,original
1973,67,347000,513000,860000,original,original
1973,68,346000,482000,828000,original,original
1973,69,333000,472000,805000,original,original
1973,70,305000,443000,748000,original,original
1973,71,294000,439000,733000,original,original
1973,72,269000,412000,681000,original,original
1973,73,241000,381000,622000,original,original
1973,74,211000,356000,567000,original,original
1973,75,186000,337000,523000,original,original
1973,76,159000,304000,463000,original,original
1973,77,141000,284000,425000,original,original
1973,78,120000,252000,372000,original,original
1973,79,104000,227000,331000,original,original
1973,80,93000,201000,294000,original,original
1973,81,79000,172000,251000,original,original
1973,82,70000,152000,222000,original,original
1973,83,59000,126000,185000,original,original
1973,84,49000,106000,155000,original,original
1973,85,42000,88000,130000,original,original
1973,86,34000,71000,105000,original,original
1973,87,26000,55000,81000,original,original
1973,88,21000,43000,64000,original,original
1973,89,16000,33000,49000,original,original
1973,90,12000,24000,36000,original,original
1973,91,8000,17000,25000,original,original
1973,92,6000,12000,18000,original,original
1973,93,4000,9000,13000,original,original
1973,94,2000,5000,7000,original,original
1973,95,0,0,0,original,original
1973,96,0,0,0,original,original
1973,97,0,0,0,original,original
1973,98,0,0,0,original,original
1973,99,0,0,0,original,original
1974,0,405000,386000,791000,original,original
1974,1,408000,390000,798000,original,original
1974,2,453000,431000,884000,original,original
1974,3,513000,487000,1000000,original,original
1974,4,528000,503000,1031000,original,original
1974,5,582000,552000,1134000,original,original
1974,6,618000,586000,1204000,original,original
1974,7,638000,608000,1246000,original,original
1974,8,661000,630000,1291000,original,original
1974,9,671000,635000,1306000,original,original
1974,10,685000,652000,1337000,original,original
1974,11,682000,650000,1332000,original,original
1974,12,661000,630000,1291000,original,original
1974,13,660000,628000,1288000,original,original
1974,14,640000,609000,1249000,original,original
1974,15,627000,593000,1220000,original,original
1974,16,598000,565000,1163000,original,original
1974,17,590000,558000,1148000,original,original
1974,18,582000,550000,1132000,original,original
1974,19,570000,542000,1112000,original,original
1974,20,566000,554000,1120000,original,original
1974,21,553000,544000,1097000,original,original
1974,22,565000,552000,1117000,original,original
1974,23,562000,544000,1106000,original,original
1974,24,579000,553000,1132000,original,original
1974,25,571000,534000,1105000,original,original
1974,26,536000,499000,1035000,original,original
1974,27,509000,476000,985000,original,original
1974,28,456000,425000,881000,original,original
1974,29,411000,385000,796000,original,original
1974,30,544000,512000,1056000,original,original
1974,31,562000,521000,1083000,original,original
1974,32,553000,508000,1061000,original,original
1974,33,665000,618000,1283000,original,original
1974,34,716000,662000,1378000,original,original
1974,35,705000,654000,1359000,original,original
1974,36,664000,615000,1279000,original,original
1974,37,624000,580000,1204000,original,original
1974,38,617000,577000,1194000,original,original
1974,39,605000,568000,1173000,original,original
1974,40,575000,536000,1111000,original,original
1974,41,474000,440000,914000,original,original
1974,42,475000,448000,923000,original,original
1974,43,487000,463000,950000,original,original
1974,44,520000,500000,1020000,original,original
1974,45,507000,492000,999000,original,original
1974,46,509000,501000,1010000,original,original
1974,47,456000,487000,943000,original,original
1974,48,427000,507000,934000,original,original
1974,49,413000,527000,940000,original,original
1974,50,365000,515000,880000,original,original
1974,51,361000,515000,876000,original,original
1974,52,384000,544000,928000,original,original
1974,53,401000,580000,981000,original,original
1974,54,395000,588000,983000,original,original
1974,55,303000,445000,748000,original,original
1974,56,200000,294000,494000,original,original
1974,57,194000,283000,477000,original,original
1974,58,213000,314000,527000,original,original
1974,59,279000,421000,700000,original,original
1974,60,354000,540000,894000,original,original
1974,61,368000,550000,918000,original,original
1974,62,377000,558000,935000,original,original
1974,63,355000,530000,885000,original,original
1974,64,358000,544000,902000,original,original
1974,65,365000,547000,912000,original,original
1974,66,354000,536000,890000,original,original
1974,67,349000,516000,865000,original,original
1974,68,333000,502000,835000,original,original
1974,69,330000,471000,801000,original,original
1974,70,317000,459000,776000,original,original
1974,71,289000,429000,718000,original,original
1974,72,276000,424000,700000,original,original
1974,73,251000,397000,648000,original,original
1974,74,224000,365000,589000,original,original
1974,75,194000,339000,533000,original,original
1974,76,170000,318000,488000,original,original
1974,77,144000,286000,430000,original,original
1974,78,126000,265000,391000,original,original
1974,79,107000,232000,339000,original,original
1974,80,92000,207000,299000,original,original
1974,81,81000,182000,263000,original,original
1974,82,68000,153000,221000,original,original
1974,83,60000,133000,193000,original,original
1974,84,50000,109000,159000,original,original
1974,85,41000,91000,132000,original,original
1974,86,34000,74000,108000,original,original
1974,87,27000,59000,86000,original,original
1974,88,20000,45000,65000,original,original
1974,89,16000,34000,50000,original,original
1974,90,12000,26000,38000,original,original
1974,91,9000,18000,27000,original,original
1974,92,6000,13000,19000,original,original
1974,93,4000,9000,13000,original,original
1974,94,3000,6000,9000,original,original
1974,95,0,0,0,original,original
1974,96,0,0,0,original,original
1974,97,0,0,0,original,original
1974,98,0,0,0,original,original
1974,99,0,0,0,original,original
1975,0,394000,373000,767000,original,original
1975,1,399000,382000,781000,original,original
1975,2,406000,389000,795000,original,original
1975,3,452000,431000,883000,original,original
1975,4,513000,487000,1000000,original,original
1975,5,528000,503000,1031000,original,original
1975,6,579000,551000,1130000,original,original
1975,7,615000,585000,1200000,original,original
1975,8,637000,608000,1245000,original,original
1975,9,660000,630000,1290000,original,original
1975,10,670000,636000,1306000,original,original
1975,11,685000,652000,1337000,original,original
1975,12,682000,650000,1332000,original,original
1975,13,661000,630000,1291000,original,original
1975,14,659000,628000,1287000,original,original
1975,15,639000,609000,1248000,original,original
1975,16,626000,593000,1219000,original,original
1975,17,597000,564000,1161000,original,original
1975,18,590000,558000,1148000,original,original
1975,19,580000,551000,1131000,original,original
1975,20,564000,543000,1107000,original,original
1975,21,563000,553000,1116000,original,original
1975,22,551000,543000,1094000,original,original
1975,23,563000,550000,1113000,original,original
1975,24,558000,542000,1100000,original,original
1975,25,574000,550000,1124000,original,original
1975,26,566000,531000,1097000,original,original
1975,27,529000,496000,1025000,original,original
1975,28,501000,472000,973000,original,original
1975,29,448000,422000,870000,original,original
1975,30,404000,382000,786000,original,original
1975,31,537000,509000,1046000,original,original
1975,32,554000,518000,1072000,original,original
1975,33,545000,505000,1050000,original,original
1975,34,657000,615000,1272000,original,original
1975,35,707000,660000,1367000,original,original
1975,36,697000,652000,1349000,original,original
1975,37,656000,613000,1269000,original,original
1975,38,617000,578000,1195000,original,original
1975,39,610000,575000,1185000,original,original
1975,40,599000,566000,1165000,original,original
1975,41,568000,534000,1102000,original,original
1975,42,467000,438000,905000,original,original
1975,43,469000,446000,915000,original,original
1975,44,482000,461000,943000,original,original
1975,45,514000,498000,1012000,original,original
1975,46,502000,491000,993000,original,original
1975,47,504000,499000,1003000,original,original
1975,48,451000,485000,936000,original,original
1975,49,423000,505000,928000,original,original
1975,50,408000,525000,933000,original,original
1975,51,361000,512000,873000,original,original
1975,52,357000,513000,870000,original,original
1975,53,380000,542000,922000,original,original
1975,54,396000,576000,972000,original,original
1975,55,390000,584000,974000,original,original
1975,56,299000,442000,741000,original,original
1975,57,197000,292000,489000,original,original
1975,58,190000,281000,471000,original,original
1975,59,209000,312000,521000,original,original
1975,60,273000,417000,690000,original,original
1975,61,347000,534000,881000,original,original
1975,62,360000,544000,904000,original,original
1975,63,367000,551000,918000,original,original
1975,64,346000,523000,869000,original,original
1975,65,347000,536000,883000,original,original
1975,66,352000,538000,890000,original,original
1975,67,340000,526000,866000,original,original
1975,68,334000,505000,839000,original,original
1975,69,317000,490000,807000,original,original
1975,70,313000,458000,771000,original,original
1975,71,299000,445000,744000,original,original
1975,72,271000,415000,686000,original,original
1975,73,257000,407000,664000,original,original
1975,74,232000,379000,611000,original,original
1975,75,205000,347000,552000,original,original
1975,76,177000,320000,497000,original,original
1975,77,153000,298000,451000,original,original
1975,78,129000,265000,394000,original,original
1975,79,112000,244000,356000,original,original
1975,80,94000,211000,305000,original,original
1975,81,80000,187000,267000,original,original
1975,82,69000,162000,231000,original,original
1975,83,58000,134000,192000,original,original
1975,84,50000,115000,165000,original,original
1975,85,41000,93000,134000,original,original
1975,86,33000,76000,109000,original,original
1975,87,27000,61000,88000,original,original
1975,88,21000,47000,68000,original,original
1975,89,16000,35000,51000,original,original
1975,90,12000,26000,38000,original,original
1975,91,9000,19000,28000,original,original
1975,92,6000,13000,19000,original,original
1975,93,4000,9000,13000,original,original
1975,94,3000,7000,10000,original,original
1975,95,0,0,0,original,original
1975,96,0,0,0,original,original
1975,97,0,0,0,original,original
1975,98,0,0,0,original,original
1975,99,0,0,0,original,original
1976,0,403000,384000,787000,original,original
1976,1,389000,370000,759000,original,original
1976,2,397000,381000,778000,original,original
1976,3,405000,388000,793000,original,original
1976,4,452000,431000,883000,original,original
1976,5,513000,487000,1000000,original,original
1976,6,525000,501000,1026000,original,original
1976,7,576000,549000,1125000,original,original
1976,8,614000,585000,1199000,original,original
1976,9,637000,608000,1245000,original,original
1976,10,660000,630000,1290000,original,original
1976,11,671000,636000,1307000,original,original
1976,12,685000,653000,1338000,original,original
1976,13,682000,651000,1333000,original,original
1976,14,661000,630000,1291000,original,original
1976,15,660000,629000,1289000,original,original
1976,16,640000,610000,1250000,original,original
1976,17,627000,594000,1221000,original,original
1976,18,599000,566000,1165000,original,original
1976,19,591000,559000,1150000,original,original
1976,20,579000,553000,1132000,original,original
1976,21,564000,543000,1107000,original,original
1976,22,566000,553000,1119000,original,original
1976,23,553000,542000,1095000,original,original
1976,24,563000,548000,1111000,original,original
1976,25,557000,540000,1097000,original,original
1976,26,572000,548000,1120000,original,original
1976,27,562000,529000,1091000,original,original
1976,28,525000,494000,1019000,original,original
1976,29,497000,470000,967000,original,original
1976,30,443000,419000,862000,original,original
1976,31,400000,380000,780000,original,original
1976,32,532000,507000,1039000,original,original
1976,33,549000,516000,1065000,original,original
1976,34,540000,503000,1043000,original,original
1976,35,652000,614000,1266000,original,original
1976,36,701000,658000,1359000,original,original
1976,37,691000,650000,1341000,original,original
1976,38,650000,611000,1261000,original,original
1976,39,612000,577000,1189000,original,original
1976,40,605000,574000,1179000,original,original
1976,41,594000,564000,1158000,original,original
1976,42,563000,533000,1096000,original,original
1976,43,463000,437000,900000,original,original
1976,44,465000,444000,909000,original,original
1976,45,477000,460000,937000,original,original
1976,46,510000,496000,1006000,original,original
1976,47,497000,489000,986000,original,original
1976,48,499000,497000,996000,original,original
1976,49,447000,483000,930000,original,original
1976,50,419000,503000,922000,original,original
1976,51,404000,522000,926000,original,original
1976,52,357000,510000,867000,original,original
1976,53,352000,510000,862000,original,original
1976,54,375000,539000,914000,original,original
1976,55,391000,573000,964000,original,original
1976,56,385000,580000,965000,original,original
1976,57,294000,439000,733000,original,original
1976,58,194000,290000,484000,original,original
1976,59,187000,279000,466000,original,original
1976,60,205000,309000,514000,original,original
1976,61,268000,413000,681000,original,original
1976,62,339000,529000,868000,original,original
1976,63,351000,538000,889000,original,original
1976,64,358000,544000,902000,original,original
1976,65,335000,515000,850000,original,original
1976,66,335000,528000,863000,original,original
1976,67,339000,528000,867000,original,original
1976,68,326000,515000,841000,original,original
1976,69,319000,493000,812000,original,original
1976,70,301000,477000,778000,original,original
1976,71,296000,444000,740000,original,original
1976,72,281000,430000,711000,original,original
1976,73,253000,399000,652000,original,original
1976,74,238000,390000,628000,original,original
1976,75,214000,361000,575000,original,original
1976,76,188000,328000,516000,original,original
1976,77,160000,300000,460000,original,original
1976,78,138000,278000,416000,original,original
1976,79,115000,245000,360000,original,original
1976,80,99000,223000,322000,original,original
1976,81,82000,191000,273000,original,original
1976,82,69000,167000,236000,original,original
1976,83,59000,142000,201000,original,original
1976,84,48000,117000,165000,original,original
1976,85,41000,98000,139000,original,original
1976,86,33000,78000,111000,original,original
1976,87,26000,63000,89000,original,original
1976,88,21000,49000,70000,original,original
1976,89,16000,37000,53000,original,original
1976,90,12000,27000,39000,original,original
1976,91,9000,20000,29000,original,original
1976,92,6000,14000,20000,original,original
1976,93,4000,10000,14000,original,original
1976,94,3000,7000,10000,original,original
1976,95,0,0,0,original,original
1976,96,0,0,0,original,original
1976,97,0,0,0,original,original
1976,98,0,0,0,original,original
1976,99,0,0,0,original,original
1977,0,409000,387000,796000,original,original
1977,1,400000,382000,782000,original,original
1977,2,388000,369000,757000,original,original
1977,3,396000,381000,777000,original,original
1977,4,406000,389000,795000,original,original
1977,5,452000,432000,884000,original,original
1977,6,509000,485000,994000,original,original
1977,7,522000,500000,1022000,original,original
1977,8,576000,550000,1126000,original,original
1977,9,615000,585000,1200000,original,original
1977,10,637000,608000,1245000,original,original
1977,11,661000,631000,1292000,original,original
1977,12,671000,637000,1308000,original,original
1977,13,686000,653000,1339000,original,original
1977,14,683000,652000,1335000,original,original
1977,15,662000,631000,1293000,original,original
1977,16,661000,630000,1291000,original,original
1977,17,642000,612000,1254000,original,original
1977,18,630000,596000,1226000,original,original
1977,19,601000,569000,1170000,original,original
1977,20,592000,563000,1155000,original,original
1977,21,581000,555000,1136000,original,original
1977,22,569000,545000,1114000,original,original
1977,23,570000,554000,1124000,original,original
1977,24,555000,543000,1098000,original,original
1977,25,564000,548000,1112000,original,original
1977,26,557000,539000,1096000,original,original
1977,27,571000,547000,1118000,original,original
1977,28,561000,528000,1089000,original,original
1977,29,523000,493000,1016000,original,original
1977,30,494000,469000,963000,original,original
1977,31,441000,418000,859000,original,original
1977,32,397000,379000,776000,original,original
1977,33,529000,506000,1035000,original,original
1977,34,546000,516000,1062000,original,original
1977,35,536000,502000,1038000,original,original
1977,36,648000,613000,1261000,original,original
1977,37,697000,657000,1354000,original,original
1977,38,687000,649000,1336000,original,original
1977,39,647000,610000,1257000,original,original
1977,40,608000,576000,1184000,original,original
1977,41,602000,573000,1175000,original,original
1977,42,591000,563000,1154000,original,original
1977,43,560000,531000,1091000,original,original
1977,44,459000,436000,895000,original,original
1977,45,462000,443000,905000,original,original
1977,46,474000,459000,933000,original,original
1977,47,506000,495000,1001000,original,original
1977,48,494000,488000,982000,original,original
1977,49,496000,496000,992000,original,original
1977,50,443000,481000,924000,original,original
1977,51,415000,501000,916000,original,original
1977,52,401000,520000,921000,original,original
1977,53,354000,507000,861000,original,original
1977,54,349000,508000,857000,original,original
1977,55,371000,536000,907000,original,original
1977,56,386000,570000,956000,original,original
1977,57,380000,577000,957000,original,original
1977,58,290000,436000,726000,original,original
1977,59,191000,287000,478000,original,original
1977,60,184000,276000,460000,original,original
1977,61,201000,306000,507000,original,original
1977,62,262000,409000,671000,original,original
1977,63,331000,523000,854000,original,original
1977,64,342000,532000,874000,original,original
1977,65,347000,537000,884000,original,original
1977,66,325000,507000,832000,original,original
1977,67,324000,519000,843000,original,original
1977,68,327000,519000,846000,original,original
1977,69,312000,504000,816000,original,original
1977,70,304000,481000,785000,original,original
1977,71,286000,464000,750000,original,original
1977,72,279000,430000,709000,original,original
1977,73,263000,415000,678000,original,original
1977,74,236000,383000,619000,original,original
1977,75,220000,372000,592000,original,original
1977,76,197000,343000,540000,original,original
1977,77,171000,310000,481000,original,original
1977,78,145000,281000,426000,original,original
1977,79,123000,258000,381000,original,original
1977,80,102000,225000,327000,original,original
1977,81,87000,203000,290000,original,original
1977,82,71000,172000,243000,original,original
1977,83,59000,148000,207000,original,original
1977,84,50000,125000,175000,original,original
1977,85,40000,101000,141000,original,original
1977,86,34000,83000,117000,original,original
1977,87,27000,65000,92000,original,original
1977,88,21000,52000,73000,original,original
1977,89,16000,39000,55000,original,original
1977,90,12000,29000,41000,original,original
1977,91,9000,21000,30000,original,original
1977,92,6000,15000,21000,original,original
1977,93,5000,11000,16000,original,original
1977,94,3000,7000,10000,original,original
1977,95,0,0,0,original,original
1977,96,0,0,0,original,original
1977,97,0,0,0,original,original
1977,98,0,0,0,original,original
1977,99,0,0,0,original,original
1978,0,411000,390000,801000,original,original
1978,1,408000,387000,795000,original,original
1978,2,400000,383000,783000,original,original
1978,3,389000,371000,760000,original,original
1978,4,398000,382000,780000,original,original
1978,5,407000,390000,797000,original,original
1978,6,450000,431000,881000,original,original
1978,7,508000,484000,992000,original,original
1978,8,524000,501000,1025000,original,original
1978,9,578000,552000,1130000,original,original
1978,10,617000,587000,1204000,original,original
1978,11,639000,610000,1249000,original,original
1978,12,663000,633000,1296000,original,original
1978,13,673000,639000,1312000,original,original
1978,14,688000,655000,1343000,original,original
1978,15,685000,653000,1338000,original,original
1978,16,665000,633000,1298000,original,original
1978,17,664000,632000,1296000,original,original
1978,18,646000,615000,1261000,original,original
1978,19,633000,600000,1233000,original,original
1978,20,604000,572000,1176000,original,original
1978,21,596000,564000,1160000,original,original
1978,22,586000,556000,1142000,original,original
1978,23,574000,546000,1120000,original,original
1978,24,574000,555000,1129000,original,original
1978,25,558000,543000,1101000,original,original
1978,26,566000,548000,1114000,original,original
1978,27,558000,539000,1097000,original,original
1978,28,572000,547000,1119000,original,original
1978,29,561000,527000,1088000,original,original
1978,30,522000,492000,1014000,original,original
1978,31,493000,468000,961000,original,original
1978,32,439000,417000,856000,original,original
1978,33,395000,378000,773000,original,original
1978,34,527000,506000,1033000,original,original
1978,35,544000,515000,1059000,original,original
1978,36,534000,502000,1036000,original,original
1978,37,646000,613000,1259000,original,original
1978,38,694000,657000,1351000,original,original
1978,39,685000,649000,1334000,original,original
1978,40,644000,610000,1254000,original,original
1978,41,606000,575000,1181000,original,original
1978,42,599000,572000,1171000,original,original
1978,43,588000,562000,1150000,original,original
1978,44,557000,530000,1087000,original,original
1978,45,456000,435000,891000,original,original
1978,46,459000,442000,901000,original,original
1978,47,471000,458000,929000,original,original
1978,48,503000,494000,997000,original,original
1978,49,490000,486000,976000,original,original
1978,50,492000,494000,986000,original,original
1978,51,439000,479000,918000,original,original
1978,52,411000,499000,910000,original,original
1978,53,397000,518000,915000,original,original
1978,54,350000,505000,855000,original,original
1978,55,344000,505000,849000,original,original
1978,56,366000,533000,899000,original,original
1978,57,381000,566000,947000,original,original
1978,58,374000,573000,947000,original,original
1978,59,285000,433000,718000,original,original
1978,60,187000,285000,472000,original,original
1978,61,180000,274000,454000,original,original
1978,62,197000,303000,500000,original,original
1978,63,256000,405000,661000,original,original
1978,64,323000,517000,840000,original,original
1978,65,332000,525000,857000,original,original
1978,66,337000,529000,866000,original,original
1978,67,314000,499000,813000,original,original
1978,68,312000,509000,821000,original,original
1978,69,313000,507000,820000,original,original
1978,70,297000,492000,789000,original,original
1978,71,288000,468000,756000,original,original
1978,72,269000,450000,719000,original,original
1978,73,261000,415000,676000,original,original
1978,74,245000,399000,644000,original,original
1978,75,218000,366000,584000,original,original
1978,76,202000,354000,556000,original,original
1978,77,179000,323000,502000,original,original
1978,78,154000,290000,444000,original,original
1978,79,129000,261000,390000,original,original
1978,80,109000,238000,347000,original,original
1978,81,89000,205000,294000,original,original
1978,82,75000,183000,258000,original,original
1978,83,60000,153000,213000,original,original
1978,84,49000,130000,179000,original,original
1978,85,41000,107000,148000,original,original
1978,86,33000,86000,119000,original,original
1978,87,27000,70000,97000,original,original
1978,88,21000,54000,75000,original,original
1978,89,16000,42000,58000,original,original
1978,90,12000,31000,43000,original,original
1978,91,9000,22000,31000,original,original
1978,92,6000,16000,22000,original,original
1978,93,4000,11000,15000,original,original
1978,94,3000,8000,11000,original,original
1978,95,0,0,0,original,original
1978,96,0,0,0,original,original
1978,97,0,0,0,original,original
1978,98,0,0,0,original,original
1978,99,0,0,0,original,original
1979,0,416000,395000,811000,original,original
1979,1,411000,390000,801000,original,original
1979,2,409000,388000,797000,original,original
1979,3,402000,384000,786000,original,original
1979,4,391000,372000,763000,original,original
1979,5,399000,384000,783000,original,original
1979,6,406000,390000,796000,original,original
1979,7,450000,431000,881000,original,original
1979,8,511000,487000,998000,original,original
1979,9,527000,504000,1031000,original,original
1979,10,581000,554000,1135000,original,original
1979,11,620000,589000,1209000,original,original
1979,12,642000,612000,1254000,original,original
1979,13,667000,635000,1302000,original,original
1979,14,678000,641000,1319000,original,original
1979,15,695000,658000,1353000,original,original
1979,16,692000,656000,1348000,original,original
1979,17,672000,636000,1308000,original,original
1979,18,671000,636000,1307000,original,original
1979,19,653000,620000,1273000,original,original
1979,20,638000,604000,1242000,original,original
1979,21,610000,574000,1184000,original,original
1979,22,604000,567000,1171000,original,original
1979,23,595000,559000,1154000,original,original
1979,24,581000,548000,1129000,original,original
1979,25,580000,556000,1136000,original,original
1979,26,563000,544000,1107000,original,original
1979,27,570000,549000,1119000,original,original
1979,28,560000,539000,1099000,original,original
1979,29,574000,547000,1121000,original,original
1979,30,562000,528000,1090000,original,original
1979,31,523000,492000,1015000,original,original
1979,32,493000,468000,961000,original,original
1979,33,439000,417000,856000,original,original
1979,34,395000,379000,774000,original,original
1979,35,526000,506000,1032000,original,original
1979,36,543000,515000,1058000,original,original
1979,37,533000,503000,1036000,original,original
1979,38,645000,613000,1258000,original,original
1979,39,692000,657000,1349000,original,original
1979,40,683000,649000,1332000,original,original
1979,41,642000,610000,1252000,original,original
1979,42,604000,575000,1179000,original,original
1979,43,597000,572000,1169000,original,original
1979,44,586000,562000,1148000,original,original
1979,45,555000,530000,1085000,original,original
1979,46,454000,435000,889000,original,original
1979,47,456000,442000,898000,original,original
1979,48,469000,457000,926000,original,original
1979,49,500000,492000,992000,original,original
1979,50,487000,485000,972000,original,original
1979,51,488000,492000,980000,original,original
1979,52,436000,478000,914000,original,original
1979,53,407000,497000,904000,original,original
1979,54,393000,515000,908000,original,original
1979,55,346000,503000,849000,original,original
1979,56,340000,502000,842000,original,original
1979,57,361000,530000,891000,original,original
1979,58,375000,563000,938000,original,original
1979,59,368000,568000,936000,original,original
1979,60,280000,429000,709000,original,original
1979,61,184000,283000,467000,original,original
1979,62,176000,271000,447000,original,original
1979,63,192000,300000,492000,original,original
1979,64,249000,400000,649000,original,original
1979,65,314000,511000,825000,original,original
1979,66,322000,517000,839000,original,original
1979,67,325000,521000,846000,original,original
1979,68,302000,490000,792000,original,original
1979,69,299000,498000,797000,original,original
1979,70,298000,496000,794000,original,original
1979,71,282000,479000,761000,original,original
1979,72,272000,454000,726000,original,original
1979,73,253000,435000,688000,original,original
1979,74,244000,399000,643000,original,original
1979,75,227000,381000,608000,original,original
1979,76,200000,348000,548000,original,original
1979,77,184000,334000,518000,original,original
1979,78,161000,303000,464000,original,original
1979,79,138000,270000,408000,original,original
1979,80,114000,240000,354000,original,original
1979,81,96000,217000,313000,original,original
1979,82,77000,184000,261000,original,original
1979,83,64000,163000,227000,original,original
1979,84,51000,134000,185000,original,original
1979,85,41000,113000,154000,original,original
1979,86,34000,91000,125000,original,original
1979,87,27000,72000,99000,original,original
1979,88,21000,57000,78000,original,original
1979,89,17000,44000,61000,original,original
1979,90,13000,33000,46000,original,original
1979,91,9000,24000,33000,original,original
1979,92,7000,17000,24000,original,original
1979,93,5000,11000,16000,original,original
1979,94,3000,8000,11000,original,original
1979,95,0,0,0,original,original
1979,96,0,0,0,original,original
1979,97,0,0,0,original,original
1979,98,0,0,0,original,original
1979,99,0,0,0,original,original
1980,0,440000,419000,859000,original,original
1980,1,417000,396000,813000,original,original
1980,2,413000,391000,804000,original,original
1980,3,411000,389000,800000,original,original
1980,4,404000,386000,790000,original,original
1980,5,393000,374000,767000,original,original
1980,6,400000,384000,784000,original,original
1980,7,407000,391000,798000,original,original
1980,8,453000,433000,886000,original,original
1980,9,515000,489000,1004000,original,original
1980,10,531000,507000,1038000,original,original
1980,11,586000,558000,1144000,original,original
1980,12,625000,592000,1217000,original,original
1980,13,646000,615000,1261000,original,original
1980,14,672000,638000,1310000,original,original
1980,15,685000,645000,1330000,original,original
1980,16,703000,662000,1365000,original,original
1980,17,702000,660000,1362000,original,original
1980,18,681000,641000,1322000,original,original
1980,19,678000,641000,1319000,original,original
1980,20,660000,625000,1285000,original,original
1980,21,646000,607000,1253000,original,original
1980,22,621000,578000,1199000,original,original
1980,23,614000,569000,1183000,original,original
1980,24,605000,561000,1166000,original,original
1980,25,590000,551000,1141000,original,original
1980,26,587000,558000,1145000,original,original
1980,27,568000,545000,1113000,original,original
1980,28,574000,550000,1124000,original,original
1980,29,564000,540000,1104000,original,original
1980,30,578000,548000,1126000,original,original
1980,31,564000,528000,1092000,original,original
1980,32,524000,493000,1017000,original,original
1980,33,494000,468000,962000,original,original
1980,34,439000,418000,857000,original,original
1980,35,395000,379000,774000,original,original
1980,36,526000,506000,1032000,original,original
1980,37,543000,516000,1059000,original,original
1980,38,533000,503000,1036000,original,original
1980,39,644000,613000,1257000,original,original
1980,40,691000,657000,1348000,original,original
1980,41,682000,649000,1331000,original,original
1980,42,641000,610000,1251000,original,original
1980,43,602000,575000,1177000,original,original
1980,44,595000,571000,1166000,original,original
1980,45,584000,561000,1145000,original,original
1980,46,553000,529000,1082000,original,original
1980,47,452000,434000,886000,original,original
1980,48,454000,441000,895000,original,original
1980,49,466000,456000,922000,original,original
1980,50,496000,491000,987000,original,original
1980,51,483000,483000,966000,original,original
1980,52,484000,491000,975000,original,original
1980,53,432000,476000,908000,original,original
1980,54,403000,495000,898000,original,original
1980,55,389000,513000,902000,original,original
1980,56,342000,500000,842000,original,original
1980,57,336000,500000,836000,original,original
1980,58,356000,526000,882000,original,original
1980,59,369000,559000,928000,original,original
1980,60,361000,564000,925000,original,original
1980,61,275000,426000,701000,original,original
1980,62,180000,280000,460000,original,original
1980,63,172000,269000,441000,original,original
1980,64,187000,297000,484000,original,original
1980,65,242000,395000,637000,original,original
1980,66,304000,503000,807000,original,original
1980,67,312000,509000,821000,original,original
1980,68,313000,511000,824000,original,original
1980,69,290000,480000,770000,original,original
1980,70,285000,487000,772000,original,original
1980,71,283000,483000,766000,original,original
1980,72,266000,465000,731000,original,original
1980,73,255000,439000,694000,original,original
1980,74,235000,418000,653000,original,original
1980,75,226000,382000,608000,original,original
1980,76,208000,363000,571000,original,original
1980,77,182000,328000,510000,original,original
1980,78,166000,313000,479000,original,original
1980,79,144000,282000,426000,original,original
1980,80,122000,249000,371000,original,original
1980,81,100000,219000,319000,original,original
1980,82,83000,196000,279000,original,original
1980,83,65000,164000,229000,original,original
1980,84,54000,143000,197000,original,original
1980,85,42000,116000,158000,original,original
1980,86,34000,96000,130000,original,original
1980,87,27000,77000,104000,original,original
1980,88,21000,59000,80000,original,original
1980,89,17000,46000,63000,original,original
1980,90,13000,35000,48000,original,original
1980,91,10000,26000,36000,original,original
1980,92,7000,18000,25000,original,original
1980,93,5000,12000,17000,original,original
1980,94,3000,8000,11000,original,original
1980,95,0,0,0,original,original
1980,96,0,0,0,original,original
1980,97,0,0,0,original,original
1980,98,0,0,0,original,original
1980,99,0,0,0,original,original
1981,0,437000,416000,853000,original,original
1981,1,439000,419000,858000,original,original
1981,2,416000,396000,812000,original,original
1981,3,413000,392000,805000,original,original
1981,4,411000,390000,801000,original,original
1981,5,404000,386000,790000,original,original
1981,6,392000,374000,766000,original,original
1981,7,398000,383000,781000,original,original
1981,8,408000,392000,800000,original,original
1981,9,455000,435000,890000,original,original
1981,10,516000,491000,1007000,original,original
1981,11,535000,510000,1045000,original,original
1981,12,590000,560000,1150000,original,original
1981,13,628000,594000,1222000,original,original
1981,14,650000,616000,1266000,original,original
1981,15,679000,642000,1321000,original,original
1981,16,689000,647000,1336000,original,original
1981,17,707000,665000,1372000,original,original
1981,18,705000,663000,1368000,original,original
1981,19,683000,644000,1327000,original,original
1981,20,679000,644000,1323000,original,original
1981,21,663000,627000,1290000,original,original
1981,22,649000,609000,1258000,original,original
1981,23,622000,579000,1201000,original,original
1981,24,614000,570000,1184000,original,original
1981,25,605000,562000,1167000,original,original
1981,26,589000,552000,1141000,original,original
1981,27,586000,558000,1144000,original,original
1981,28,567000,546000,1113000,original,original
1981,29,573000,550000,1123000,original,original
1981,30,563000,540000,1103000,original,original
1981,31,577000,548000,1125000,original,original
1981,32,563000,528000,1091000,original,original
1981,33,523000,492000,1015000,original,original
1981,34,492000,468000,960000,original,original
1981,35,437000,418000,855000,original,original
1981,36,394000,379000,773000,original,original
1981,37,524000,506000,1030000,original,original
1981,38,541000,516000,1057000,original,original
1981,39,530000,503000,1033000,original,original
1981,40,642000,613000,1255000,original,original
1981,41,688000,657000,1345000,original,original
1981,42,679000,649000,1328000,original,original
1981,43,638000,610000,1248000,original,original
1981,44,599000,575000,1174000,original,original
1981,45,592000,571000,1163000,original,original
1981,46,581000,560000,1141000,original,original
1981,47,549000,529000,1078000,original,original
1981,48,449000,434000,883000,original,original
1981,49,451000,440000,891000,original,original
1981,50,462000,455000,917000,original,original
1981,51,493000,490000,983000,original,original
1981,52,479000,482000,961000,original,original
1981,53,479000,489000,968000,original,original
1981,54,427000,474000,901000,original,original
1981,55,399000,493000,892000,original,original
1981,56,384000,510000,894000,original,original
1981,57,337000,497000,834000,original,original
1981,58,331000,496000,827000,original,original
1981,59,350000,523000,873000,original,original
1981,60,363000,555000,918000,original,original
1981,61,354000,559000,913000,original,original
1981,62,269000,421000,690000,original,original
1981,63,175000,277000,452000,original,original
1981,64,168000,265000,433000,original,original
1981,65,182000,293000,475000,original,original
1981,66,235000,389000,624000,original,original
1981,67,295000,495000,790000,original,original
1981,68,300000,500000,800000,original,original
1981,69,301000,501000,802000,original,original
1981,70,277000,469000,746000,original,original
1981,71,271000,474000,745000,original,original
1981,72,268000,468000,736000,original,original
1981,73,250000,449000,699000,original,original
1981,74,238000,422000,660000,original,original
1981,75,218000,400000,618000,original,original
1981,76,208000,364000,572000,original,original
1981,77,190000,343000,533000,original,original
1981,78,165000,308000,473000,original,original
1981,79,148000,292000,440000,original,original
1981,80,128000,260000,388000,original,original
1981,81,107000,228000,335000,original,original
1981,82,86000,198000,284000,original,original
1981,83,71000,175000,246000,original,original
1981,84,55000,144000,199000,original,original
1981,85,45000,124000,169000,original,original
1981,86,35000,99000,134000,original,original
1981,87,27000,81000,108000,original,original
1981,88,21000,63000,84000,original,original
1981,89,17000,48000,65000,original,original
1981,90,13000,36000,49000,original,original
1981,91,10000,27000,37000,original,original
1981,92,7000,20000,27000,original,original
1981,93,5000,13000,18000,original,original
1981,94,3000,9000,12000,original,original
1981,95,0,0,0,original,original
1981,96,0,0,0,original,original
1981,97,0,0,0,original,original
1981,98,0,0,0,original,original
1981,99,0,0,0,original,original
1982,0,439000,416000,855000,original,original
1982,1,435000,415000,850000,original,original
1982,2,438000,418000,856000,original,original
1982,3,415000,396000,811000,original,original
1982,4,412000,392000,804000,original,original
1982,5,410000,389000,799000,original,original
1982,6,401000,384000,785000,original,original
1982,7,389000,371000,760000,original,original
1982,8,397000,382000,779000,original,original
1982,9,407000,391000,798000,original,original
1982,10,455000,435000,890000,original,original
1982,11,516000,491000,1007000,original,original
1982,12,535000,510000,1045000,original,original
1982,13,590000,559000,1149000,original,original
1982,14,627000,594000,1221000,original,original
1982,15,650000,617000,1267000,original,original
1982,16,678000,641000,1319000,original,original
1982,17,689000,647000,1336000,original,original
1982,18,707000,665000,1372000,original,original
1982,19,704000,664000,1368000,original,original
1982,20,683000,645000,1328000,original,original
1982,21,679000,644000,1323000,original,original
1982,22,661000,627000,1288000,original,original
1982,23,647000,608000,1255000,original,original
1982,24,620000,579000,1199000,original,original
1982,25,611000,570000,1181000,original,original
1982,26,601000,562000,1163000,original,original
1982,27,585000,551000,1136000,original,original
1982,28,581000,557000,1138000,original,original
1982,29,563000,545000,1108000,original,original
1982,30,569000,549000,1118000,original,original
1982,31,559000,539000,1098000,original,original
1982,32,573000,546000,1119000,original,original
1982,33,559000,527000,1086000,original,original
1982,34,519000,491000,1010000,original,original
1982,35,488000,467000,955000,original,original
1982,36,434000,417000,851000,original,original
1982,37,390000,378000,768000,original,original
1982,38,521000,505000,1026000,original,original
1982,39,538000,515000,1053000,original,original
1982,40,527000,502000,1029000,original,original
1982,41,638000,612000,1250000,original,original
1982,42,684000,656000,1340000,original,original
1982,43,675000,647000,1322000,original,original
1982,44,634000,609000,1243000,original,original
1982,45,596000,573000,1169000,original,original
1982,46,588000,570000,1158000,original,original
1982,47,577000,559000,1136000,original,original
1982,48,545000,527000,1072000,original,original
1982,49,446000,432000,878000,original,original
1982,50,447000,438000,885000,original,original
1982,51,458000,453000,911000,original,original
1982,52,488000,488000,976000,original,original
1982,53,474000,480000,954000,original,original
1982,54,474000,487000,961000,original,original
1982,55,422000,472000,894000,original,original
1982,56,394000,490000,884000,original,original
1982,57,379000,507000,886000,original,original
1982,58,333000,494000,827000,original,original
1982,59,325000,493000,818000,original,original
1982,60,344000,519000,863000,original,original
1982,61,356000,550000,906000,original,original
1982,62,347000,554000,901000,original,original
1982,63,263000,417000,680000,original,original
1982,64,171000,273000,444000,original,original
1982,65,163000,262000,425000,original,original
1982,66,176000,289000,465000,original,original
1982,67,227000,383000,610000,original,original
1982,68,284000,487000,771000,original,original
1982,69,289000,490000,779000,original,original
1982,70,288000,490000,778000,original,original
1982,71,264000,458000,722000,original,original
1982,72,257000,461000,718000,original,original
1982,73,252000,453000,705000,original,original
1982,74,234000,433000,667000,original,original
1982,75,221000,405000,626000,original,original
1982,76,201000,381000,582000,original,original
1982,77,189000,344000,533000,original,original
1982,78,172000,322000,494000,original,original
1982,79,148000,288000,436000,original,original
1982,80,132000,269000,401000,original,original
1982,81,112000,239000,351000,original,original
1982,82,93000,206000,299000,original,original
1982,83,74000,177000,251000,original,original
1982,84,60000,155000,215000,original,original
1982,85,46000,125000,171000,original,original
1982,86,37000,106000,143000,original,original
1982,87,28000,84000,112000,original,original
1982,88,22000,67000,89000,original,original
1982,89,17000,51000,68000,original,original
1982,90,13000,38000,51000,original,original
1982,91,10000,28000,38000,original,original
1982,92,7000,21000,28000,original,original
1982,93,5000,15000,20000,original,original
1982,94,4000,10000,14000,original,original
1982,95,0,0,0,original,original
1982,96,0,0,0,original,original
1982,97,0,0,0,original,original
1982,98,0,0,0,original,original
1982,99,0,0,0,original,original
1983,0,422000,400000,822000,original,original
1983,1,436000,414000,850000,original,original
1983,2,433000,413000,846000,original,original
1983,3,436000,417000,853000,original,original
1983,4,413000,394000,807000,original,original
1983,5,410000,390000,800000,original,original
1983,6,407000,387000,794000,original,original
1983,7,397000,381000,778000,original,original
1983,8,387000,370000,757000,original,original
1983,9,395000,381000,776000,original,original
1983,10,406000,390000,796000,original,original
1983,11,453000,434000,887000,original,original
1983,12,515000,490000,1005000,original,original
1983,13,534000,509000,1043000,original,original
1983,14,588000,558000,1146000,original,original
1983,15,627000,593000,1220000,original,original
1983,16,648000,616000,1264000,original,original
1983,17,677000,640000,1317000,original,original
1983,18,688000,647000,1335000,original,original
1983,19,705000,666000,1371000,original,original
1983,20,704000,665000,1369000,original,original
1983,21,682000,645000,1327000,original,original
1983,22,678000,643000,1321000,original,original
1983,23,660000,626000,1286000,original,original
1983,24,645000,607000,1252000,original,original
1983,25,617000,578000,1195000,original,original
1983,26,608000,569000,1177000,original,original
1983,27,597000,561000,1158000,original,original
1983,28,581000,550000,1131000,original,original
1983,29,578000,556000,1134000,original,original
1983,30,559000,543000,1102000,original,original
1983,31,565000,547000,1112000,original,original
1983,32,556000,538000,1094000,original,original
1983,33,569000,545000,1114000,original,original
1983,34,555000,525000,1080000,original,original
1983,35,515000,489000,1004000,original,original
1983,36,485000,465000,950000,original,original
1983,37,431000,415000,846000,original,original
1983,38,388000,377000,765000,original,original
1983,39,518000,504000,1022000,original,original
1983,40,535000,514000,1049000,original,original
1983,41,524000,501000,1025000,original,original
1983,42,635000,611000,1246000,original,original
1983,43,680000,654000,1334000,original,original
1983,44,671000,646000,1317000,original,original
1983,45,630000,607000,1237000,original,original
1983,46,592000,572000,1164000,original,original
1983,47,584000,568000,1152000,original,original
1983,48,572000,557000,1129000,original,original
1983,49,541000,525000,1066000,original,original
1983,50,441000,431000,872000,original,original
1983,51,442000,437000,879000,original,original
1983,52,453000,451000,904000,original,original
1983,53,483000,486000,969000,original,original
1983,54,469000,477000,946000,original,original
1983,55,468000,484000,952000,original,original
1983,56,417000,469000,886000,original,original
1983,57,389000,487000,876000,original,original
1983,58,373000,504000,877000,original,original
1983,59,327000,490000,817000,original,original
1983,60,319000,489000,808000,original,original
1983,61,338000,514000,852000,original,original
1983,62,348000,545000,893000,original,original
1983,63,339000,548000,887000,original,original
1983,64,256000,412000,668000,original,original
1983,65,166000,270000,436000,original,original
1983,66,158000,258000,416000,original,original
1983,67,171000,284000,455000,original,original
1983,68,220000,376000,596000,original,original
1983,69,273000,478000,751000,original,original
1983,70,276000,479000,755000,original,original
1983,71,275000,478000,753000,original,original
1983,72,250000,445000,695000,original,original
1983,73,242000,447000,689000,original,original
1983,74,236000,437000,673000,original,original
1983,75,217000,415000,632000,original,original
1983,76,204000,386000,590000,original,original
1983,77,184000,361000,545000,original,original
1983,78,172000,324000,496000,original,original
1983,79,155000,301000,456000,original,original
1983,80,132000,266000,398000,original,original
1983,81,116000,247000,363000,original,original
1983,82,97000,217000,314000,original,original
1983,83,79000,185000,264000,original,original
1983,84,62000,156000,218000,original,original
1983,85,50000,135000,185000,original,original
1983,86,38000,107000,145000,original,original
1983,87,29000,90000,119000,original,original
1983,88,22000,69000,91000,original,original
1983,89,17000,54000,71000,original,original
1983,90,13000,41000,54000,original,original
1983,91,10000,29000,39000,original,original
1983,92,7000,21000,28000,original,original
1983,93,5000,15000,20000,original,original
1983,94,4000,11000,15000,original,original
1983,95,0,0,0,original,original
1983,96,0,0,0,original,original
1983,97,0,0,0,original,original
1983,98,0,0,0,original,original
1983,99,0,0,0,original,original
1984,0,414000,393000,807000,original,original
1984,1,420000,398000,818000,original,original
1984,2,434000,412000,846000,original,original
1984,3,430000,411000,841000,original,original
1984,4,434000,415000,849000,original,original
1984,5,411000,392000,803000,original,original
1984,6,406000,387000,793000,original,original
1984,7,402000,383000,785000,original,original
1984,8,394000,379000,773000,original,original
1984,9,383000,367000,750000,original,original
1984,10,392000,379000,771000,original,original
1984,11,403000,388000,791000,original,original
1984,12,450000,432000,882000,original,original
1984,13,512000,488000,1000000,original,original
1984,14,532000,507000,1039000,original,original
1984,15,586000,557000,1143000,original,original
1984,16,625000,591000,1216000,original,original
1984,17,647000,614000,1261000,original,original
1984,18,676000,640000,1316000,original,original
1984,19,687000,648000,1335000,original,original
1984,20,706000,667000,1373000,original,original
1984,21,705000,665000,1370000,original,original
1984,22,682000,645000,1327000,original,original
1984,23,678000,643000,1321000,original,original
1984,24,659000,626000,1285000,original,original
1984,25,645000,607000,1252000,original,original
1984,26,617000,577000,1194000,original,original
1984,27,606000,568000,1174000,original,original
1984,28,595000,559000,1154000,original,original
1984,29,579000,548000,1127000,original,original
1984,30,575000,554000,1129000,original,original
1984,31,557000,541000,1098000,original,original
1984,32,563000,545000,1108000,original,original
1984,33,554000,535000,1089000,original,original
1984,34,566000,541000,1107000,original,original
1984,35,552000,522000,1074000,original,original
1984,36,511000,486000,997000,original,original
1984,37,480000,462000,942000,original,original
1984,38,426000,412000,838000,original,original
1984,39,382000,374000,756000,original,original
1984,40,513000,501000,1014000,original,original
1984,41,529000,511000,1040000,original,original
1984,42,517000,498000,1015000,original,original
1984,43,628000,608000,1236000,original,original
1984,44,673000,651000,1324000,original,original
1984,45,663000,643000,1306000,original,original
1984,46,623000,604000,1227000,original,original
1984,47,585000,569000,1154000,original,original
1984,48,578000,565000,1143000,original,original
1984,49,567000,555000,1122000,original,original
1984,50,534000,523000,1057000,original,original
1984,51,435000,428000,863000,original,original
1984,52,437000,434000,871000,original,original
1984,53,448000,449000,897000,original,original
1984,54,476000,484000,960000,original,original
1984,55,463000,475000,938000,original,original
1984,56,462000,481000,943000,original,original
1984,57,411000,466000,877000,original,original
1984,58,383000,484000,867000,original,original
1984,59,367000,501000,868000,original,original
1984,60,322000,486000,808000,original,original
1984,61,313000,485000,798000,original,original
1984,62,331000,510000,841000,original,original
1984,63,340000,539000,879000,original,original
1984,64,330000,542000,872000,original,original
1984,65,249000,407000,656000,original,original
1984,66,161000,266000,427000,original,original
1984,67,153000,254000,407000,original,original
1984,68,165000,279000,444000,original,original
1984,69,211000,369000,580000,original,original
1984,70,262000,468000,730000,original,original
1984,71,264000,468000,732000,original,original
1984,72,261000,465000,726000,original,original
1984,73,237000,432000,669000,original,original
1984,74,227000,431000,658000,original,original
1984,75,220000,420000,640000,original,original
1984,76,201000,397000,598000,original,original
1984,77,187000,367000,554000,original,original
1984,78,167000,341000,508000,original,original
1984,79,155000,304000,459000,original,original
1984,80,138000,280000,418000,original,original
1984,81,116000,245000,361000,original,original
1984,82,101000,225000,326000,original,original
1984,83,84000,195000,279000,original,original
1984,84,67000,165000,232000,original,original
1984,85,52000,137000,189000,original,original
1984,86,41000,117000,158000,original,original
1984,87,30000,91000,121000,original,original
1984,88,23000,75000,98000,original,original
1984,89,17000,57000,74000,original,original
1984,90,13000,44000,57000,original,original
1984,91,10000,32000,42000,original,original
1984,92,7000,23000,30000,original,original
1984,93,5000,16000,21000,original,original
1984,94,4000,12000,16000,original,original
1984,95,0,0,0,original,original
1984,96,0,0,0,original,original
1984,97,0,0,0,original,original
1984,98,0,0,0,original,original
1984,99,0,0,0,original,original
1985,0,415000,395000,810000,original,original
1985,1,414000,393000,807000,original,original
1985,2,420000,398000,818000,original,original
1985,3,434000,412000,846000,original,original
1985,4,431000,412000,843000,original,original
1985,5,433000,415000,848000,original,original
1985,6,410000,391000,801000,original,original
1985,7,405000,386000,791000,original,original
1985,8,402000,383000,785000,original,original
1985,9,394000,379000,773000,original,original
1985,10,384000,367000,751000,original,original
1985,11,393000,379000,772000,original,original
1985,12,403000,388000,791000,original,original
1985,13,451000,432000,883000,original,original
1985,14,513000,488000,1001000,original,original
1985,15,533000,508000,1041000,original,original
1985,16,587000,557000,1144000,original,original
1985,17,625000,592000,1217000,original,original
1985,18,649000,616000,1265000,original,original
1985,19,678000,642000,1320000,original,original
1985,20,690000,651000,1341000,original,original
1985,21,709000,668000,1377000,original,original
1985,22,707000,667000,1374000,original,original
1985,23,685000,646000,1331000,original,original
1985,24,681000,644000,1325000,original,original
1985,25,662000,627000,1289000,original,original
1985,26,647000,608000,1255000,original,original
1985,27,618000,578000,1196000,original,original
1985,28,608000,569000,1177000,original,original
1985,29,596000,560000,1156000,original,original
1985,30,580000,548000,1128000,original,original
1985,31,576000,554000,1130000,original,original
1985,32,557000,541000,1098000,original,original
1985,33,563000,544000,1107000,original,original
1985,34,554000,535000,1089000,original,original
1985,35,565000,541000,1106000,original,original
1985,36,551000,521000,1072000,original,original
1985,37,510000,485000,995000,original,original
1985,38,479000,461000,940000,original,original
1985,39,425000,412000,837000,original,original
1985,40,381000,373000,754000,original,original
1985,41,511000,501000,1012000,original,original
1985,42,528000,510000,1038000,original,original
1985,43,515000,497000,1012000,original,original
1985,44,626000,607000,1233000,original,original
1985,45,670000,650000,1320000,original,original
1985,46,660000,642000,1302000,original,original
1985,47,619000,603000,1222000,original,original
1985,48,581000,568000,1149000,original,original
1985,49,574000,564000,1138000,original,original
1985,50,563000,553000,1116000,original,original
1985,51,530000,521000,1051000,original,original
1985,52,431000,427000,858000,original,original
1985,53,433000,433000,866000,original,original
1985,54,444000,447000,891000,original,original
1985,55,471000,481000,952000,original,original
1985,56,457000,473000,930000,original,original
1985,57,456000,479000,935000,original,original
1985,58,405000,463000,868000,original,original
1985,59,377000,481000,858000,original,original
1985,60,361000,497000,858000,original,original
1985,61,315000,482000,797000,original,original
1985,62,307000,481000,788000,original,original
1985,63,323000,505000,828000,original,original
1985,64,332000,533000,865000,original,original
1985,65,322000,535000,857000,original,original
1985,66,242000,402000,644000,original,original
1985,67,156000,262000,418000,original,original
1985,68,148000,250000,398000,original,original
1985,69,159000,274000,433000,original,original
1985,70,203000,362000,565000,original,original
1985,71,251000,457000,708000,original,original
1985,72,251000,456000,707000,original,original
1985,73,246000,452000,698000,original,original
1985,74,222000,417000,639000,original,original
1985,75,212000,415000,627000,original,original
1985,76,203000,402000,605000,original,original
1985,77,184000,378000,562000,original,original
1985,78,170000,347000,517000,original,original
1985,79,150000,320000,470000,original,original
1985,80,138000,282000,420000,original,original
1985,81,122000,258000,380000,original,original
1985,82,101000,223000,324000,original,original
1985,83,87000,203000,290000,original,original
1985,84,71000,173000,244000,original,original
1985,85,56000,145000,201000,original,original
1985,86,43000,118000,161000,original,original
1985,87,34000,100000,134000,original,original
1985,88,24000,76000,100000,original,original
1985,89,18000,62000,80000,original,original
1985,90,13000,46000,59000,original,original
1985,91,10000,34000,44000,original,original
1985,92,7000,24000,31000,original,original
1985,93,5000,17000,22000,original,original
1985,94,4000,12000,16000,original,original
1985,95,0,0,0,original,original
1985,96,0,0,0,original,original
1985,97,0,0,0,original,original
1985,98,0,0,0,original,original
1985,99,0,0,0,original,original
1986,0,433000,413000,846000,original,original
1986,1,416000,396000,812000,original,original
1986,2,416000,394000,810000,original,original
1986,3,421000,400000,821000,original,original
1986,4,436000,414000,850000,original,original
1986,5,432000,413000,845000,original,original
1986,6,434000,415000,849000,original,original
1986,7,410000,392000,802000,original,original
1986,8,406000,387000,793000,original,original
1986,9,404000,385000,789000,original,original
1986,10,395000,380000,775000,original,original
1986,11,385000,369000,754000,original,original
1986,12,394000,381000,775000,original,original
1986,13,405000,390000,795000,original,original
1986,14,453000,433000,886000,original,original
1986,15,516000,490000,1006000,original,original
1986,16,535000,509000,1044000,original,original
1986,17,589000,558000,1147000,original,original
1986,18,628000,594000,1222000,original,original
1986,19,652000,620000,1272000,original,original
1986,20,682000,646000,1328000,original,original
1986,21,695000,654000,1349000,original,original
1986,22,715000,672000,1387000,original,original
1986,23,714000,670000,1384000,original,original
1986,24,692000,649000,1341000,original,original
1986,25,686000,647000,1333000,original,original
1986,26,667000,629000,1296000,original,original
1986,27,651000,610000,1261000,original,original
1986,28,622000,580000,1202000,original,original
1986,29,611000,571000,1182000,original,original
1986,30,598000,561000,1159000,original,original
1986,31,582000,549000,1131000,original,original
1986,32,577000,555000,1132000,original,original
1986,33,559000,542000,1101000,original,original
1986,34,564000,545000,1109000,original,original
1986,35,554000,535000,1089000,original,original
1986,36,566000,541000,1107000,original,original
1986,37,551000,521000,1072000,original,original
1986,38,510000,485000,995000,original,original
1986,39,478000,462000,940000,original,original
1986,40,424000,412000,836000,original,original
1986,41,380000,373000,753000,original,original
1986,42,510000,500000,1010000,original,original
1986,43,526000,510000,1036000,original,original
1986,44,514000,497000,1011000,original,original
1986,45,624000,607000,1231000,original,original
1986,46,667000,649000,1316000,original,original
1986,47,657000,641000,1298000,original,original
1986,48,616000,602000,1218000,original,original
1986,49,578000,567000,1145000,original,original
1986,50,571000,563000,1134000,original,original
1986,51,559000,552000,1111000,original,original
1986,52,526000,520000,1046000,original,original
1986,53,427000,425000,852000,original,original
1986,54,429000,431000,860000,original,original
1986,55,439000,445000,884000,original,original
1986,56,466000,479000,945000,original,original
1986,57,451000,470000,921000,original,original
1986,58,450000,476000,926000,original,original
1986,59,399000,460000,859000,original,original
1986,60,370000,477000,847000,original,original
1986,61,355000,493000,848000,original,original
1986,62,309000,478000,787000,original,original
1986,63,300000,476000,776000,original,original
1986,64,316000,499000,815000,original,original
1986,65,324000,527000,851000,original,original
1986,66,313000,528000,841000,original,original
1986,67,235000,396000,631000,original,original
1986,68,151000,258000,409000,original,original
1986,69,143000,245000,388000,original,original
1986,70,152000,269000,421000,original,original
1986,71,194000,353000,547000,original,original
1986,72,238000,445000,683000,original,original
1986,73,237000,443000,680000,original,original
1986,74,232000,437000,669000,original,original
1986,75,208000,402000,610000,original,original
1986,76,197000,397000,594000,original,original
1986,77,187000,383000,570000,original,original
1986,78,168000,357000,525000,original,original
1986,79,154000,326000,480000,original,original
1986,80,134000,298000,432000,original,original
1986,81,122000,260000,382000,original,original
1986,82,106000,235000,341000,original,original
1986,83,87000,201000,288000,original,original
1986,84,73000,180000,253000,original,original
1986,85,60000,152000,212000,original,original
1986,86,47000,125000,172000,original,original
1986,87,35000,100000,135000,original,original
1986,88,27000,83000,110000,original,original
1986,89,19000,62000,81000,original,original
1986,90,14000,49000,63000,original,original
1986,91,10000,36000,46000,original,original
1986,92,7000,26000,33000,original,original
1986,93,5000,18000,23000,original,original
1986,94,4000,12000,16000,original,original
1986,95,0,0,0,original,original
1986,96,0,0,0,original,original
1986,97,0,0,0,original,original
1986,98,0,0,0,original,original
1986,99,0,0,0,original,original
1987,0,443000,418000,861000,original,original
1987,1,432000,411000,843000,original,original
1987,2,416000,396000,812000,original,original
1987,3,415000,394000,809000,original,original
1987,4,421000,400000,821000,original,original
1987,5,435000,412000,847000,original,original
1987,6,431000,411000,842000,original,original
1987,7,434000,414000,848000,original,original
1987,8,411000,390000,801000,original,original
1987,9,406000,385000,791000,original,original
1987,10,404000,383000,787000,original,original
1987,11,397000,378000,775000,original,original
1987,12,387000,366000,753000,original,original
1987,13,395000,376000,771000,original,original
1987,14,405000,385000,790000,original,original
1987,15,456000,432000,888000,original,original
1987,16,515000,488000,1003000,original,original
1987,17,539000,514000,1053000,original,original
1987,18,593000,564000,1157000,original,original
1987,19,629000,601000,1230000,original,original
1987,20,654000,626000,1280000,original,original
1987,21,679000,648000,1327000,original,original
1987,22,689000,653000,1342000,original,original
1987,23,708000,669000,1377000,original,original
1987,24,707000,667000,1374000,original,original
1987,25,685000,649000,1334000,original,original
1987,26,676000,645000,1321000,original,original
1987,27,657000,627000,1284000,original,original
1987,28,641000,608000,1249000,original,original
1987,29,611000,579000,1190000,original,original
1987,30,602000,571000,1173000,original,original
1987,31,590000,562000,1152000,original,original
1987,32,572000,549000,1121000,original,original
1987,33,565000,548000,1113000,original,original
1987,34,551000,540000,1091000,original,original
1987,35,557000,545000,1102000,original,original
1987,36,550000,537000,1087000,original,original
1987,37,561000,546000,1107000,original,original
1987,38,550000,528000,1078000,original,original
1987,39,513000,490000,1003000,original,original
1987,40,488000,467000,955000,original,original
1987,41,435000,414000,849000,original,original
1987,42,387000,373000,760000,original,original
1987,43,521000,501000,1022000,original,original
1987,44,536000,510000,1046000,original,original
1987,45,523000,497000,1020000,original,original
1987,46,635000,607000,1242000,original,original
1987,47,676000,647000,1323000,original,original
1987,48,666000,640000,1306000,original,original
1987,49,625000,601000,1226000,original,original
1987,50,587000,567000,1154000,original,original
1987,51,576000,561000,1137000,original,original
1987,52,562000,550000,1112000,original,original
1987,53,530000,518000,1048000,original,original
1987,54,431000,424000,855000,original,original
1987,55,429000,429000,858000,original,original
1987,56,439000,443000,882000,original,original
1987,57,465000,475000,940000,original,original
1987,58,451000,467000,918000,original,original
1987,59,448000,473000,921000,original,original
1987,60,398000,458000,856000,original,original
1987,61,369000,474000,843000,original,original
1987,62,351000,488000,839000,original,original
1987,63,306000,475000,781000,original,original
1987,64,297000,472000,769000,original,original
1987,65,312000,495000,807000,original,original
1987,66,318000,522000,840000,original,original
1987,67,305000,519000,824000,original,original
1987,68,228000,388000,616000,original,original
1987,69,145000,251000,396000,original,original
1987,70,138000,240000,378000,original,original
1987,71,147000,262000,409000,original,original
1987,72,186000,343000,529000,original,original
1987,73,228000,433000,661000,original,original
1987,74,226000,429000,655000,original,original
1987,75,219000,420000,639000,original,original
1987,76,194000,385000,579000,original,original
1987,77,183000,378000,561000,original,original
1987,78,172000,362000,534000,original,original
1987,79,154000,336000,490000,original,original
1987,80,140000,305000,445000,original,original
1987,81,121000,276000,397000,original,original
1987,82,108000,237000,345000,original,original
1987,83,93000,213000,306000,original,original
1987,84,75000,181000,256000,original,original
1987,85,63000,160000,223000,original,original
1987,86,50000,133000,183000,original,original
1987,87,38000,107000,145000,original,original
1987,88,28000,85000,113000,original,original
1987,89,21000,68000,89000,original,original
1987,90,15000,52000,67000,original,original
1987,91,11000,40000,51000,original,original
1987,92,7000,28000,35000,original,original
1987,93,5000,20000,25000,original,original
1987,94,3000,14000,17000,original,original
1987,95,0,0,0,original,original
1987,96,0,0,0,original,original
1987,97,0,0,0,original,original
1987,98,0,0,0,original,original
1987,99,0,0,0,original,original
1988,0,458000,434000,892000,original,original
1988,1,447000,422000,869000,original,original
1988,2,437000,416000,853000,original,original
1988,3,421000,400000,821000,original,original
1988,4,420000,398000,818000,original,original
1988,5,425000,404000,829000,original,original
1988,6,438000,415000,853000,original,original
1988,7,434000,414000,848000,original,original
1988,8,438000,418000,856000,original,original
1988,9,415000,394000,809000,original,original
1988,10,410000,389000,799000,original,original
1988,11,408000,386000,794000,original,original
1988,12,401000,381000,782000,original,original
1988,13,391000,369000,760000,original,original
1988,14,400000,379000,779000,original,original
1988,15,411000,389000,800000,original,original
1988,16,460000,435000,895000,original,original
1988,17,517000,491000,1008000,original,original
1988,18,545000,519000,1064000,original,original
1988,19,599000,572000,1171000,original,original
1988,20,635000,609000,1244000,original,original
1988,21,660000,633000,1293000,original,original
1988,22,687000,655000,1342000,original,original
1988,23,699000,660000,1359000,original,original
1988,24,718000,676000,1394000,original,original
1988,25,717000,673000,1390000,original,original
1988,26,694000,655000,1349000,original,original
1988,27,684000,651000,1335000,original,original
1988,28,664000,632000,1296000,original,original
1988,29,648000,614000,1262000,original,original
1988,30,618000,584000,1202000,original,original
1988,31,609000,576000,1185000,original,original
1988,32,596000,566000,1162000,original,original
1988,33,579000,553000,1132000,original,original
1988,34,570000,552000,1122000,original,original
1988,35,556000,543000,1099000,original,original
1988,36,561000,547000,1108000,original,original
1988,37,553000,540000,1093000,original,original
1988,38,564000,548000,1112000,original,original
1988,39,552000,530000,1082000,original,original
1988,40,515000,491000,1006000,original,original
1988,41,489000,468000,957000,original,original
1988,42,435000,415000,850000,original,original
1988,43,387000,374000,761000,original,original
1988,44,521000,502000,1023000,original,original
1988,45,536000,511000,1047000,original,original
1988,46,523000,498000,1021000,original,original
1988,47,634000,607000,1241000,original,original
1988,48,674000,647000,1321000,original,original
1988,49,664000,640000,1304000,original,original
1988,50,622000,601000,1223000,original,original
1988,51,584000,566000,1150000,original,original
1988,52,574000,561000,1135000,original,original
1988,53,559000,549000,1108000,original,original
1988,54,527000,517000,1044000,original,original
1988,55,427000,423000,850000,original,original
1988,56,426000,427000,853000,original,original
1988,57,435000,442000,877000,original,original
1988,58,459000,473000,932000,original,original
1988,59,445000,466000,911000,original,original
1988,60,441000,471000,912000,original,original
1988,61,392000,455000,847000,original,original
1988,62,363000,471000,834000,original,original
1988,63,345000,485000,830000,original,original
1988,64,300000,470000,770000,original,original
1988,65,290000,467000,757000,original,original
1988,66,304000,489000,793000,original,original
1988,67,309000,515000,824000,original,original
1988,68,296000,511000,807000,original,original
1988,69,220000,381000,601000,original,original
1988,70,140000,246000,386000,original,original
1988,71,132000,234000,366000,original,original
1988,72,140000,255000,395000,original,original
1988,73,176000,334000,510000,original,original
1988,74,216000,420000,636000,original,original
1988,75,212000,414000,626000,original,original
1988,76,204000,404000,608000,original,original
1988,77,180000,368000,548000,original,original
1988,78,168000,359000,527000,original,original
1988,79,157000,341000,498000,original,original
1988,80,139000,314000,453000,original,original
1988,81,125000,283000,408000,original,original
1988,82,107000,254000,361000,original,original
1988,83,94000,216000,310000,original,original
1988,84,80000,191000,271000,original,original
1988,85,64000,160000,224000,original,original
1988,86,53000,140000,193000,original,original
1988,87,41000,114000,155000,original,original
1988,88,31000,91000,122000,original,original
1988,89,22000,71000,93000,original,original
1988,90,16000,56000,72000,original,original
1988,91,11000,42000,53000,original,original
1988,92,8000,32000,40000,original,original
1988,93,5000,22000,27000,original,original
1988,94,4000,15000,19000,original,original
1988,95,0,0,0,original,original
1988,96,0,0,0,original,original
1988,97,0,0,0,original,original
1988,98,0,0,0,original,original
1988,99,0,0,0,original,original
1989,0,452000,430000,882000,original,original
1989,1,465000,441000,906000,original,original
1989,2,454000,429000,883000,original,original
1989,3,444000,423000,867000,original,original
1989,4,428000,407000,835000,original,original
1989,5,427000,405000,832000,original,original
1989,6,431000,410000,841000,original,original
1989,7,444000,421000,865000,original,original
1989,8,441000,420000,861000,original,original
1989,9,444000,423000,867000,original,original
1989,10,421000,400000,821000,original,original
1989,11,416000,394000,810000,original,original
1989,12,414000,391000,805000,original,original
1989,13,407000,386000,793000,original,original
1989,14,397000,374000,771000,original,original
1989,15,407000,385000,792000,original,original
1989,16,416000,394000,810000,original,original
1989,17,464000,440000,904000,original,original
1989,18,526000,499000,1025000,original,original
1989,19,555000,530000,1085000,original,original
1989,20,609000,583000,1192000,original,original
1989,21,647000,619000,1266000,original,original
1989,22,674000,643000,1317000,original,original
1989,23,702000,665000,1367000,original,original
1989,24,713000,669000,1382000,original,original
1989,25,732000,685000,1417000,original,original
1989,26,730000,682000,1412000,original,original
1989,27,706000,663000,1369000,original,original
1989,28,695000,658000,1353000,original,original
1989,29,676000,640000,1316000,original,original
1989,30,659000,622000,1281000,original,original
1989,31,627000,591000,1218000,original,original
1989,32,618000,583000,1201000,original,original
1989,33,605000,572000,1177000,original,original
1989,34,587000,559000,1146000,original,original
1989,35,578000,557000,1135000,original,original
1989,36,563000,547000,1110000,original,original
1989,37,567000,552000,1119000,original,original
1989,38,559000,543000,1102000,original,original
1989,39,568000,551000,1119000,original,original
1989,40,556000,533000,1089000,original,original
1989,41,518000,494000,1012000,original,original
1989,42,491000,470000,961000,original,original
1989,43,437000,417000,854000,original,original
1989,44,388000,375000,763000,original,original
1989,45,522000,503000,1025000,original,original
1989,46,536000,512000,1048000,original,original
1989,47,523000,499000,1022000,original,original
1989,48,634000,608000,1242000,original,original
1989,49,673000,647000,1320000,original,original
1989,50,662000,640000,1302000,original,original
1989,51,620000,601000,1221000,original,original
1989,52,582000,567000,1149000,original,original
1989,53,571000,560000,1131000,original,original
1989,54,556000,548000,1104000,original,original
1989,55,523000,517000,1040000,original,original
1989,56,424000,423000,847000,original,original
1989,57,422000,427000,849000,original,original
1989,58,431000,441000,872000,original,original
1989,59,454000,472000,926000,original,original
1989,60,439000,464000,903000,original,original
1989,61,435000,468000,903000,original,original
1989,62,385000,453000,838000,original,original
1989,63,356000,468000,824000,original,original
1989,64,338000,481000,819000,original,original
1989,65,293000,466000,759000,original,original
1989,66,283000,463000,746000,original,original
1989,67,296000,483000,779000,original,original
1989,68,300000,508000,808000,original,original
1989,69,286000,503000,789000,original,original
1989,70,212000,374000,586000,original,original
1989,71,134000,241000,375000,original,original
1989,72,127000,229000,356000,original,original
1989,73,133000,249000,382000,original,original
1989,74,167000,324000,491000,original,original
1989,75,203000,406000,609000,original,original
1989,76,199000,399000,598000,original,original
1989,77,189000,387000,576000,original,original
1989,78,166000,350000,516000,original,original
1989,79,153000,339000,492000,original,original
1989,80,142000,320000,462000,original,original
1989,81,124000,292000,416000,original,original
1989,82,111000,261000,372000,original,original
1989,83,93000,231000,324000,original,original
1989,84,81000,194000,275000,original,original
1989,85,67000,170000,237000,original,original
1989,86,53000,140000,193000,original,original
1989,87,43000,121000,164000,original,original
1989,88,33000,97000,130000,original,original
1989,89,25000,76000,101000,original,original
1989,90,17000,58000,75000,original,original
1989,91,12000,44000,56000,original,original
1989,92,8000,33000,41000,original,original
1989,93,6000,24000,30000,original,original
1989,94,4000,16000,20000,original,original
1989,95,0,0,0,original,original
1989,96,0,0,0,original,original
1989,97,0,0,0,original,original
1989,98,0,0,0,original,original
1989,99,0,0,0,original,original
1990,0,468000,443000,911000,original,original
1990,1,458000,436000,894000,original,original
1990,2,471000,447000,918000,original,original
1990,3,460000,434000,894000,original,original
1990,4,451000,428000,879000,original,original
1990,5,435000,413000,848000,original,original
1990,6,433000,411000,844000,original,original
1990,7,437000,415000,852000,original,original
1990,8,449000,426000,875000,original,original
1990,9,447000,426000,873000,original,original
1990,10,450000,429000,879000,original,original
1990,11,427000,405000,832000,original,original
1990,12,422000,399000,821000,original,original
1990,13,419000,396000,815000,original,original
1990,14,413000,391000,804000,original,original
1990,15,403000,380000,783000,original,original
1990,16,413000,390000,803000,original,original
1990,17,421000,399000,820000,original,original
1990,18,472000,448000,920000,original,original
1990,19,534000,509000,1043000,original,original
1990,20,564000,540000,1104000,original,original
1990,21,619000,592000,1211000,original,original
1990,22,659000,627000,1286000,original,original
1990,23,685000,650000,1335000,original,original
1990,24,712000,672000,1384000,original,original
1990,25,723000,676000,1399000,original,original
1990,26,741000,691000,1432000,original,original
1990,27,738000,688000,1426000,original,original
1990,28,714000,669000,1383000,original,original
1990,29,702000,664000,1366000,original,original
1990,30,683000,645000,1328000,original,original
1990,31,665000,627000,1292000,original,original
1990,32,634000,596000,1230000,original,original
1990,33,624000,587000,1211000,original,original
1990,34,611000,577000,1188000,original,original
1990,35,593000,563000,1156000,original,original
1990,36,583000,561000,1144000,original,original
1990,37,567000,551000,1118000,original,original
1990,38,571000,555000,1126000,original,original
1990,39,562000,546000,1108000,original,original
1990,40,571000,554000,1125000,original,original
1990,41,558000,535000,1093000,original,original
1990,42,519000,495000,1014000,original,original
1990,43,493000,471000,964000,original,original
1990,44,437000,417000,854000,original,original
1990,45,389000,377000,766000,original,original
1990,46,522000,504000,1026000,original,original
1990,47,536000,513000,1049000,original,original
1990,48,523000,500000,1023000,original,original
1990,49,633000,609000,1242000,original,original
1990,50,671000,648000,1319000,original,original
1990,51,660000,641000,1301000,original,original
1990,52,618000,602000,1220000,original,original
1990,53,580000,567000,1147000,original,original
1990,54,568000,560000,1128000,original,original
1990,55,552000,548000,1100000,original,original
1990,56,518000,516000,1034000,original,original
1990,57,420000,422000,842000,original,original
1990,58,418000,426000,844000,original,original
1990,59,426000,440000,866000,original,original
1990,60,448000,471000,919000,original,original
1990,61,433000,462000,895000,original,original
1990,62,428000,466000,894000,original,original
1990,63,379000,450000,829000,original,original
1990,64,350000,465000,815000,original,original
1990,65,330000,477000,807000,original,original
1990,66,286000,461000,747000,original,original
1990,67,275000,457000,732000,original,original
1990,68,287000,477000,764000,original,original
1990,69,290000,500000,790000,original,original
1990,70,275000,494000,769000,original,original
1990,71,203000,366000,569000,original,original
1990,72,128000,236000,364000,original,original
1990,73,120000,223000,343000,original,original
1990,74,126000,242000,368000,original,original
1990,75,158000,314000,472000,original,original
1990,76,191000,391000,582000,original,original
1990,77,184000,382000,566000,original,original
1990,78,174000,369000,543000,original,original
1990,79,151000,331000,482000,original,original
1990,80,138000,318000,456000,original,original
1990,81,126000,298000,424000,original,original
1990,82,110000,268000,378000,original,original
1990,83,96000,238000,334000,original,original
1990,84,80000,208000,288000,original,original
1990,85,68000,172000,240000,original,original
1990,86,56000,149000,205000,original,original
1990,87,44000,121000,165000,original,original
1990,88,35000,102000,137000,original,original
1990,89,26000,81000,107000,original,original
1990,90,19000,62000,81000,original,original
1990,91,13000,45000,58000,original,original
1990,92,9000,34000,43000,original,original
1990,93,6000,25000,31000,original,original
1990,94,4000,18000,22000,original,original
1990,95,0,0,0,original,original
1990,96,0,0,0,original,original
1990,97,0,0,0,original,original
1990,98,0,0,0,original,original
1990,99,0,0,0,original,original
1991,0,427000,406000,833000,original,original
1991,1,471000,446000,917000,original,original
1991,2,463000,441000,904000,original,original
1991,3,477000,452000,929000,original,original
1991,4,465000,440000,905000,original,original
1991,5,456000,433000,889000,original,original
1991,6,440000,418000,858000,original,original
1991,7,438000,415000,853000,original,original
1991,8,442000,419000,861000,original,original
1991,9,454000,431000,885000,original,original
1991,10,452000,431000,883000,original,original
1991,11,455000,433000,888000,original,original
1991,12,432000,409000,841000,original,original
1991,13,427000,403000,830000,original,original
1991,14,424000,401000,825000,original,original
1991,15,418000,396000,814000,original,original
1991,16,409000,385000,794000,original,original
1991,17,418000,396000,814000,original,original
1991,18,428000,407000,835000,original,original
1991,19,480000,457000,937000,original,original
1991,20,544000,519000,1063000,original,original
1991,21,575000,549000,1124000,original,original
1991,22,632000,600000,1232000,original,original
1991,23,671000,635000,1306000,original,original
1991,24,697000,657000,1354000,original,original
1991,25,723000,677000,1400000,original,original
1991,26,734000,681000,1415000,original,original
1991,27,750000,697000,1447000,original,original
1991,28,746000,693000,1439000,original,original
1991,29,721000,674000,1395000,original,original
1991,30,710000,669000,1379000,original,original
1991,31,691000,650000,1341000,original,original
1991,32,672000,631000,1303000,original,original
1991,33,640000,600000,1240000,original,original
1991,34,630000,591000,1221000,original,original
1991,35,616000,580000,1196000,original,original
1991,36,598000,566000,1164000,original,original
1991,37,587000,564000,1151000,original,original
1991,38,571000,553000,1124000,original,original
1991,39,574000,557000,1131000,original,original
1991,40,566000,548000,1114000,original,original
1991,41,574000,556000,1130000,original,original
1991,42,560000,537000,1097000,original,original
1991,43,521000,496000,1017000,original,original
1991,44,493000,472000,965000,original,original
1991,45,438000,418000,856000,original,original
1991,46,389000,377000,766000,original,original
1991,47,521000,504000,1025000,original,original
1991,48,535000,513000,1048000,original,original
1991,49,521000,500000,1021000,original,original
1991,50,630000,609000,1239000,original,original
1991,51,668000,648000,1316000,original,original
1991,52,657000,640000,1297000,original,original
1991,53,615000,601000,1216000,original,original
1991,54,576000,566000,1142000,original,original
1991,55,564000,559000,1123000,original,original
1991,56,547000,547000,1094000,original,original
1991,57,513000,515000,1028000,original,original
1991,58,416000,421000,837000,original,original
1991,59,413000,425000,838000,original,original
1991,60,420000,438000,858000,original,original
1991,61,441000,468000,909000,original,original
1991,62,425000,459000,884000,original,original
1991,63,420000,463000,883000,original,original
1991,64,371000,447000,818000,original,original
1991,65,342000,461000,803000,original,original
1991,66,322000,472000,794000,original,original
1991,67,278000,456000,734000,original,original
1991,68,267000,451000,718000,original,original
1991,69,278000,469000,747000,original,original
1991,70,280000,491000,771000,original,original
1991,71,264000,484000,748000,original,original
1991,72,195000,359000,554000,original,original
1991,73,122000,230000,352000,original,original
1991,74,114000,217000,331000,original,original
1991,75,119000,234000,353000,original,original
1991,76,147000,302000,449000,original,original
1991,77,178000,376000,554000,original,original
1991,78,170000,365000,535000,original,original
1991,79,159000,349000,508000,original,original
1991,80,137000,311000,448000,original,original
1991,81,124000,297000,421000,original,original
1991,82,112000,275000,387000,original,original
1991,83,96000,245000,341000,original,original
1991,84,83000,215000,298000,original,original
1991,85,68000,185000,253000,original,original
1991,86,57000,151000,208000,original,original
1991,87,46000,129000,175000,original,original
1991,88,35000,103000,138000,original,original
1991,89,28000,86000,114000,original,original
1991,90,21000,66000,87000,original,original
1991,91,15000,50000,65000,original,original
1991,92,10000,36000,46000,original,original
1991,93,6000,26000,32000,original,original
1991,94,4000,18000,22000,original,original
1991,95,0,0,0,original,original
1991,96,0,0,0,original,original
1991,97,0,0,0,original,original
1991,98,0,0,0,original,original
1991,99,0,0,0,original,original
1992,0,416000,396000,812000,original,original
1992,1,433000,411000,844000,original,original
1992,2,476000,452000,928000,original,original
1992,3,469000,447000,916000,original,original
1992,4,483000,458000,941000,original,original
1992,5,472000,446000,918000,original,original
1992,6,462000,439000,901000,original,original
1992,7,445000,423000,868000,original,original
1992,8,443000,420000,863000,original,original
1992,9,447000,424000,871000,original,original
1992,10,460000,436000,896000,original,original
1992,11,457000,436000,893000,original,original
1992,12,461000,438000,899000,original,original
1992,13,437000,414000,851000,original,original
1992,14,432000,408000,840000,original,original
1992,15,430000,406000,836000,original,original
1992,16,426000,402000,828000,original,original
1992,17,417000,391000,808000,original,original
1992,18,427000,404000,831000,original,original
1992,19,440000,418000,858000,original,original
1992,20,496000,470000,966000,original,original
1992,21,561000,530000,1091000,original,original
1992,22,596000,560000,1156000,original,original
1992,23,652000,610000,1262000,original,original
1992,24,691000,644000,1335000,original,original
1992,25,714000,665000,1379000,original,original
1992,26,739000,685000,1424000,original,original
1992,27,749000,689000,1438000,original,original
1992,28,763000,704000,1467000,original,original
1992,29,758000,700000,1458000,original,original
1992,30,733000,680000,1413000,original,original
1992,31,720000,674000,1394000,original,original
1992,32,702000,656000,1358000,original,original
1992,33,681000,637000,1318000,original,original
1992,34,649000,605000,1254000,original,original
1992,35,638000,596000,1234000,original,original
1992,36,624000,585000,1209000,original,original
1992,37,605000,571000,1176000,original,original
1992,38,594000,568000,1162000,original,original
1992,39,576000,556000,1132000,original,original
1992,40,579000,560000,1139000,original,original
1992,41,570000,551000,1121000,original,original
1992,42,578000,558000,1136000,original,original
1992,43,563000,539000,1102000,original,original
1992,44,523000,498000,1021000,original,original
1992,45,495000,473000,968000,original,original
1992,46,438000,419000,857000,original,original
1992,47,389000,377000,766000,original,original
1992,48,520000,504000,1024000,original,original
1992,49,533000,513000,1046000,original,original
1992,50,520000,500000,1020000,original,original
1992,51,628000,609000,1237000,original,original
1992,52,665000,648000,1313000,original,original
1992,53,653000,640000,1293000,original,original
1992,54,611000,601000,1212000,original,original
1992,55,572000,566000,1138000,original,original
1992,56,559000,558000,1117000,original,original
1992,57,542000,545000,1087000,original,original
1992,58,508000,513000,1021000,original,original
1992,59,411000,419000,830000,original,original
1992,60,407000,423000,830000,original,original
1992,61,413000,436000,849000,original,original
1992,62,433000,465000,898000,original,original
1992,63,418000,457000,875000,original,original
1992,64,411000,459000,870000,original,original
1992,65,363000,443000,806000,original,original
1992,66,334000,456000,790000,original,original
1992,67,314000,467000,781000,original,original
1992,68,270000,451000,721000,original,original
1992,69,259000,445000,704000,original,original
1992,70,268000,461000,729000,original,original
1992,71,269000,482000,751000,original,original
1992,72,253000,473000,726000,original,original
1992,73,186000,350000,536000,original,original
1992,74,116000,224000,340000,original,original
1992,75,108000,210000,318000,original,original
1992,76,112000,226000,338000,original,original
1992,77,138000,291000,429000,original,original
1992,78,165000,359000,524000,original,original
1992,79,157000,347000,504000,original,original
1992,80,145000,330000,475000,original,original
1992,81,124000,292000,416000,original,original
1992,82,110000,275000,385000,original,original
1992,83,98000,252000,350000,original,original
1992,84,84000,222000,306000,original,original
1992,85,71000,193000,264000,original,original
1992,86,58000,164000,222000,original,original
1992,87,48000,132000,180000,original,original
1992,88,38000,110000,148000,original,original
1992,89,28000,87000,115000,original,original
1992,90,22000,71000,93000,original,original
1992,91,16000,53000,69000,original,original
1992,92,12000,40000,52000,original,original
1992,93,7000,27000,34000,original,original
1992,94,5000,20000,25000,original,original
1992,95,0,0,0,original,original
1992,96,0,0,0,original,original
1992,97,0,0,0,original,original
1992,98,0,0,0,original,original
1992,99,0,0,0,original,original
1993,0,410000,389000,799000,original,original
1993,1,419000,399000,818000,original,original
1993,2,436000,414000,850000,original,original
1993,3,480000,456000,936000,original,original
1993,4,473000,450000,923000,original,original
1993,5,487000,462000,949000,original,original
1993,6,476000,449000,925000,original,original
1993,7,465000,442000,907000,original,original
1993,8,449000,427000,876000,original,original
1993,9,448000,424000,872000,original,original
1993,10,451000,428000,879000,original,original
1993,11,464000,440000,904000,original,original
1993,12,461000,439000,900000,original,original
1993,13,465000,442000,907000,original,original
1993,14,441000,418000,859000,original,original
1993,15,437000,412000,849000,original,original
1993,16,436000,410000,846000,original,original
1993,17,431000,406000,837000,original,original
1993,18,423000,397000,820000,original,original
1993,19,434000,413000,847000,original,original
1993,20,449000,427000,876000,original,original
1993,21,505000,478000,983000,original,original
1993,22,570000,538000,1108000,original,original
1993,23,606000,567000,1173000,original,original
1993,24,661000,616000,1277000,original,original
1993,25,699000,650000,1349000,original,original
1993,26,721000,670000,1391000,original,original
1993,27,745000,690000,1435000,original,original
1993,28,755000,693000,1448000,original,original
1993,29,767000,708000,1475000,original,original
1993,30,762000,704000,1466000,original,original
1993,31,737000,684000,1421000,original,original
1993,32,723000,678000,1401000,original,original
1993,33,705000,660000,1365000,original,original
1993,34,683000,640000,1323000,original,original
1993,35,651000,608000,1259000,original,original
1993,36,639000,599000,1238000,original,original
1993,37,624000,588000,1212000,original,original
1993,38,606000,574000,1180000,original,original
1993,39,594000,571000,1165000,original,original
1993,40,576000,559000,1135000,original,original
1993,41,579000,562000,1141000,original,original
1993,42,569000,553000,1122000,original,original
1993,43,577000,560000,1137000,original,original
1993,44,562000,540000,1102000,original,original
1993,45,521000,499000,1020000,original,original
1993,46,493000,474000,967000,original,original
1993,47,436000,419000,855000,original,original
1993,48,387000,377000,764000,original,original
1993,49,517000,503000,1020000,original,original
1993,50,530000,512000,1042000,original,original
1993,51,517000,499000,1016000,original,original
1993,52,624000,608000,1232000,original,original
1993,53,660000,647000,1307000,original,original
1993,54,649000,639000,1288000,original,original
1993,55,607000,600000,1207000,original,original
1993,56,568000,565000,1133000,original,original
1993,57,554000,557000,1111000,original,original
1993,58,537000,544000,1081000,original,original
1993,59,502000,511000,1013000,original,original
1993,60,405000,417000,822000,original,original
1993,61,401000,420000,821000,original,original
1993,62,406000,433000,839000,original,original
1993,63,425000,462000,887000,original,original
1993,64,409000,453000,862000,original,original
1993,65,402000,456000,858000,original,original
1993,66,354000,439000,793000,original,original
1993,67,325000,451000,776000,original,original
1993,68,305000,461000,766000,original,original
1993,69,262000,444000,706000,original,original
1993,70,250000,438000,688000,original,original
1993,71,258000,452000,710000,original,original
1993,72,258000,472000,730000,original,original
1993,73,241000,461000,702000,original,original
1993,74,176000,340000,516000,original,original
1993,75,109000,217000,326000,original,original
1993,76,101000,203000,304000,original,original
1993,77,104000,217000,321000,original,original
1993,78,127000,278000,405000,original,original
1993,79,151000,342000,493000,original,original
1993,80,143000,327000,470000,original,original
1993,81,131000,309000,440000,original,original
1993,82,110000,271000,381000,original,original
1993,83,97000,253000,350000,original,original
1993,84,85000,229000,314000,original,original
1993,85,72000,199000,271000,original,original
1993,86,60000,171000,231000,original,original
1993,87,48000,143000,191000,original,original
1993,88,39000,113000,152000,original,original
1993,89,31000,93000,124000,original,original
1993,90,22000,72000,94000,original,original
1993,91,17000,57000,74000,original,original
1993,92,12000,42000,54000,original,original
1993,93,9000,31000,40000,original,original
1993,94,5000,21000,26000,original,original
1993,95,0,0,0,original,original
1993,96,0,0,0,original,original
1993,97,0,0,0,original,original
1993,98,0,0,0,original,original
1993,99,0,0,0,original,original
1994,0,396000,374000,770000,original,original
1994,1,412000,391000,803000,original,original
1994,2,421000,401000,822000,original,original
1994,3,439000,416000,855000,original,original
1994,4,483000,458000,941000,original,original
1994,5,476000,453000,929000,original,original
1994,6,490000,464000,954000,original,original
1994,7,479000,452000,931000,original,original
1994,8,469000,445000,914000,original,original
1994,9,452000,430000,882000,original,original
1994,10,451000,428000,879000,original,original
1994,11,455000,432000,887000,original,original
1994,12,467000,443000,910000,original,original
1994,13,464000,442000,906000,original,original
1994,14,468000,445000,913000,original,original
1994,15,445000,421000,866000,original,original
1994,16,441000,416000,857000,original,original
1994,17,440000,414000,854000,original,original
1994,18,436000,412000,848000,original,original
1994,19,428000,405000,833000,original,original
1994,20,440000,421000,861000,original,original
1994,21,454000,434000,888000,original,original
1994,22,510000,484000,994000,original,original
1994,23,575000,543000,1118000,original,original
1994,24,610000,571000,1181000,original,original
1994,25,664000,619000,1283000,original,original
1994,26,701000,653000,1354000,original,original
1994,27,722000,673000,1395000,original,original
1994,28,746000,693000,1439000,original,original
1994,29,756000,696000,1452000,original,original
1994,30,768000,710000,1478000,original,original
1994,31,763000,707000,1470000,original,original
1994,32,738000,687000,1425000,original,original
1994,33,724000,681000,1405000,original,original
1994,34,706000,662000,1368000,original,original
1994,35,684000,643000,1327000,original,original
1994,36,651000,611000,1262000,original,original
1994,37,640000,601000,1241000,original,original
1994,38,625000,590000,1215000,original,original
1994,39,606000,576000,1182000,original,original
1994,40,595000,572000,1167000,original,original
1994,41,576000,560000,1136000,original,original
1994,42,579000,563000,1142000,original,original
1994,43,569000,554000,1123000,original,original
1994,44,576000,560000,1136000,original,original
1994,45,561000,541000,1102000,original,original
1994,46,520000,499000,1019000,original,original
1994,47,491000,474000,965000,original,original
1994,48,434000,419000,853000,original,original
1994,49,385000,376000,761000,original,original
1994,50,514000,502000,1016000,original,original
1994,51,526000,511000,1037000,original,original
1994,52,513000,499000,1012000,original,original
1994,53,620000,607000,1227000,original,original
1994,54,655000,645000,1300000,original,original
1994,55,643000,637000,1280000,original,original
1994,56,601000,599000,1200000,original,original
1994,57,562000,563000,1125000,original,original
1994,58,548000,555000,1103000,original,original
1994,59,531000,542000,1073000,original,original
1994,60,494000,508000,1002000,original,original
1994,61,398000,415000,813000,original,original
1994,62,394000,418000,812000,original,original
1994,63,399000,430000,829000,original,original
1994,64,417000,459000,876000,original,original
1994,65,400000,450000,850000,original,original
1994,66,393000,451000,844000,original,original
1994,67,345000,435000,780000,original,original
1994,68,316000,446000,762000,original,original
1994,69,296000,455000,751000,original,original
1994,70,253000,437000,690000,original,original
1994,71,241000,430000,671000,original,original
1994,72,248000,443000,691000,original,original
1994,73,246000,460000,706000,original,original
1994,74,230000,449000,679000,original,original
1994,75,167000,330000,497000,original,original
1994,76,103000,210000,313000,original,original
1994,77,95000,195000,290000,original,original
1994,78,97000,208000,305000,original,original
1994,79,118000,264000,382000,original,original
1994,80,138000,323000,461000,original,original
1994,81,129000,307000,436000,original,original
1994,82,117000,287000,404000,original,original
1994,83,98000,249000,347000,original,original
1994,84,85000,230000,315000,original,original
1994,85,73000,206000,279000,original,original
1994,86,61000,177000,238000,original,original
1994,87,50000,150000,200000,original,original
1994,88,40000,123000,163000,original,original
1994,89,31000,95000,126000,original,original
1994,90,24000,77000,101000,original,original
1994,91,17000,58000,75000,original,original
1994,92,13000,46000,59000,original,original
1994,93,9000,33000,42000,original,original
1994,94,7000,24000,31000,original,original
1994,95,0,0,0,original,original
1994,96,0,0,0,original,original
1994,97,0,0,0,original,original
1994,98,0,0,0,original,original
1994,99,0,0,0,original,original
1995,0,393000,373000,766000,original,original
1995,1,399000,377000,776000,original,original
1995,2,415000,393000,808000,original,original
1995,3,424000,404000,828000,original,original
1995,4,442000,419000,861000,original,original
1995,5,486000,461000,947000,original,original
1995,6,479000,456000,935000,original,original
1995,7,493000,467000,960000,original,original
1995,8,482000,455000,937000,original,original
1995,9,472000,449000,921000,original,original
1995,10,456000,433000,889000,original,original
1995,11,455000,431000,886000,original,original
1995,12,458000,435000,893000,original,original
1995,13,471000,446000,917000,original,original
1995,14,469000,446000,915000,original,original
1995,15,473000,449000,922000,original,original
1995,16,450000,425000,875000,original,original
1995,17,446000,420000,866000,original,original
1995,18,445000,420000,865000,original,original
1995,19,442000,420000,862000,original,original
1995,20,436000,413000,849000,original,original
1995,21,448000,429000,877000,original,original
1995,22,461000,441000,902000,original,original
1995,23,518000,491000,1009000,original,original
1995,24,582000,549000,1131000,original,original
1995,25,616000,576000,1192000,original,original
1995,26,669000,623000,1292000,original,original
1995,27,706000,656000,1362000,original,original
1995,28,726000,676000,1402000,original,original
1995,29,749000,696000,1445000,original,original
1995,30,759000,698000,1457000,original,original
1995,31,771000,713000,1484000,original,original
1995,32,765000,709000,1474000,original,original
1995,33,740000,690000,1430000,original,original
1995,34,726000,683000,1409000,original,original
1995,35,708000,665000,1373000,original,original
1995,36,686000,645000,1331000,original,original
1995,37,653000,613000,1266000,original,original
1995,38,641000,604000,1245000,original,original
1995,39,626000,591000,1217000,original,original
1995,40,607000,578000,1185000,original,original
1995,41,595000,574000,1169000,original,original
1995,42,576000,561000,1137000,original,original
1995,43,579000,565000,1144000,original,original
1995,44,569000,555000,1124000,original,original
1995,45,576000,561000,1137000,original,original
1995,46,560000,541000,1101000,original,original
1995,47,519000,499000,1018000,original,original
1995,48,489000,474000,963000,original,original
1995,49,432000,419000,851000,original,original
1995,50,383000,376000,759000,original,original
1995,51,511000,501000,1012000,original,original
1995,52,523000,509000,1032000,original,original
1995,53,510000,497000,1007000,original,original
1995,54,615000,606000,1221000,original,original
1995,55,650000,644000,1294000,original,original
1995,56,638000,636000,1274000,original,original
1995,57,596000,597000,1193000,original,original
1995,58,557000,562000,1119000,original,original
1995,59,542000,554000,1096000,original,original
1995,60,523000,539000,1062000,original,original
1995,61,487000,505000,992000,original,original
1995,62,391000,412000,803000,original,original
1995,63,387000,415000,802000,original,original
1995,64,391000,427000,818000,original,original
1995,65,407000,455000,862000,original,original
1995,66,390000,445000,835000,original,original
1995,67,382000,447000,829000,original,original
1995,68,336000,430000,766000,original,original
1995,69,307000,440000,747000,original,original
1995,70,286000,447000,733000,original,original
1995,71,244000,430000,674000,original,original
1995,72,231000,421000,652000,original,original
1995,73,237000,433000,670000,original,original
1995,74,234000,448000,682000,original,original
1995,75,217000,435000,652000,original,original
1995,76,157000,319000,476000,original,original
1995,77,96000,202000,298000,original,original
1995,78,88000,187000,275000,original,original
1995,79,89000,198000,287000,original,original
1995,80,107000,250000,357000,original,original
1995,81,125000,304000,429000,original,original
1995,82,116000,286000,402000,original,original
1995,83,104000,265000,369000,original,original
1995,84,85000,227000,312000,original,original
1995,85,74000,208000,282000,original,original
1995,86,62000,183000,245000,original,original
1995,87,51000,155000,206000,original,original
1995,88,41000,129000,170000,original,original
1995,89,32000,104000,136000,original,original
1995,90,25000,79000,104000,original,original
1995,91,19000,63000,82000,original,original
1995,92,13000,47000,60000,original,original
1995,93,10000,36000,46000,original,original
1995,94,7000,25000,32000,original,original
1995,95,0,0,0,original,original
1995,96,0,0,0,original,original
1995,97,0,0,0,original,original
1995,98,0,0,0,original,original
1995,99,0,0,0,original,original
1996,0,409000,387000,796000,original,original
1996,1,395000,375000,770000,original,original
1996,2,400000,379000,779000,original,original
1996,3,417000,395000,812000,original,original
1996,4,426000,406000,832000,original,original
1996,5,444000,421000,865000,original,original
1996,6,488000,463000,951000,original,original
1996,7,481000,458000,939000,original,original
1996,8,495000,469000,964000,original,original
1996,9,485000,458000,943000,original,original
1996,10,475000,451000,926000,original,original
1996,11,459000,436000,895000,original,original
1996,12,458000,434000,892000,original,original
1996,13,461000,438000,899000,original,original
1996,14,474000,449000,923000,original,original
1996,15,473000,449000,922000,original,original
1996,16,477000,452000,929000,original,original
1996,17,454000,429000,883000,original,original
1996,18,451000,425000,876000,original,original
1996,19,450000,427000,877000,original,original
1996,20,448000,428000,876000,original,original
1996,21,442000,421000,863000,original,original
1996,22,454000,435000,889000,original,original
1996,23,468000,447000,915000,original,original
1996,24,523000,496000,1019000,original,original
1996,25,586000,553000,1139000,original,original
1996,26,620000,579000,1199000,original,original
1996,27,672000,626000,1298000,original,original
1996,28,707000,659000,1366000,original,original
1996,29,727000,679000,1406000,original,original
1996,30,750000,697000,1447000,original,original
1996,31,759000,700000,1459000,original,original
1996,32,771000,714000,1485000,original,original
1996,33,766000,711000,1477000,original,original
1996,34,740000,692000,1432000,original,original
1996,35,726000,685000,1411000,original,original
1996,36,708000,667000,1375000,original,original
1996,37,686000,647000,1333000,original,original
1996,38,653000,614000,1267000,original,original
1996,39,640000,605000,1245000,original,original
1996,40,626000,593000,1219000,original,original
1996,41,607000,579000,1186000,original,original
1996,42,594000,575000,1169000,original,original
1996,43,575000,562000,1137000,original,original
1996,44,578000,565000,1143000,original,original
1996,45,567000,555000,1122000,original,original
1996,46,574000,561000,1135000,original,original
1996,47,558000,541000,1099000,original,original
1996,48,516000,499000,1015000,original,original
1996,49,487000,473000,960000,original,original
1996,50,430000,418000,848000,original,original
1996,51,380000,375000,755000,original,original
1996,52,507000,499000,1006000,original,original
1996,53,519000,508000,1027000,original,original
1996,54,506000,496000,1002000,original,original
1996,55,610000,604000,1214000,original,original
1996,56,644000,642000,1286000,original,original
1996,57,632000,634000,1266000,original,original
1996,58,590000,595000,1185000,original,original
1996,59,551000,559000,1110000,original,original
1996,60,534000,551000,1085000,original,original
1996,61,515000,536000,1051000,original,original
1996,62,479000,502000,981000,original,original
1996,63,384000,409000,793000,original,original
1996,64,379000,411000,790000,original,original
1996,65,382000,423000,805000,original,original
1996,66,397000,450000,847000,original,original
1996,67,380000,440000,820000,original,original
1996,68,371000,441000,812000,original,original
1996,69,326000,424000,750000,original,original
1996,70,297000,433000,730000,original,original
1996,71,276000,440000,716000,original,original
1996,72,234000,421000,655000,original,original
1996,73,221000,412000,633000,original,original
1996,74,225000,421000,646000,original,original
1996,75,221000,435000,656000,original,original
1996,76,204000,420000,624000,original,original
1996,77,147000,307000,454000,original,original
1996,78,90000,193000,283000,original,original
1996,79,81000,178000,259000,original,original
1996,80,82000,188000,270000,original,original
1996,81,97000,235000,332000,original,original
1996,82,112000,283000,395000,original,original
1996,83,103000,264000,367000,original,original
1996,84,91000,243000,334000,original,original
1996,85,74000,205000,279000,original,original
1996,86,63000,185000,248000,original,original
1996,87,52000,160000,212000,original,original
1996,88,42000,133000,175000,original,original
1996,89,34000,110000,144000,original,original
1996,90,25000,86000,111000,original,original
1996,91,19000,64000,83000,original,original
1996,92,15000,51000,66000,original,original
1996,93,10000,36000,46000,original,original
1996,94,7000,27000,34000,original,original
1996,95,0,0,0,original,original
1996,96,0,0,0,original,original
1996,97,0,0,0,original,original
1996,98,0,0,0,original,original
1996,99,0,0,0,original,original
1997,0,416000,395000,811000,original,original
1997,1,410000,388000,798000,original,original
1997,2,396000,376000,772000,original,original
1997,3,401000,379000,780000,original,original
1997,4,417000,396000,813000,original,original
1997,5,427000,406000,833000,original,original
1997,6,444000,421000,865000,original,original
1997,7,488000,463000,951000,original,original
1997,8,482000,458000,940000,original,original
1997,9,497000,470000,967000,original,original
1997,10,486000,459000,945000,original,original
1997,11,477000,452000,929000,original,original
1997,12,460000,437000,897000,original,original
1997,13,459000,435000,894000,original,original
1997,14,463000,439000,902000,original,original
1997,15,477000,451000,928000,original,original
1997,16,476000,451000,927000,original,original
1997,17,480000,455000,935000,original,original
1997,18,457000,432000,889000,original,original
1997,19,454000,431000,885000,original,original
1997,20,454000,434000,888000,original,original
1997,21,452000,433000,885000,original,original
1997,22,446000,426000,872000,original,original
1997,23,458000,439000,897000,original,original
1997,24,471000,450000,921000,original,original
1997,25,525000,498000,1023000,original,original
1997,26,587000,554000,1141000,original,original
1997,27,620000,581000,1201000,original,original
1997,28,671000,627000,1298000,original,original
1997,29,706000,659000,1365000,original,original
1997,30,724000,678000,1402000,original,original
1997,31,747000,697000,1444000,original,original
1997,32,756000,700000,1456000,original,original
1997,33,768000,714000,1482000,original,original
1997,34,763000,711000,1474000,original,original
1997,35,738000,692000,1430000,original,original
1997,36,724000,685000,1409000,original,original
1997,37,705000,667000,1372000,original,original
1997,38,683000,647000,1330000,original,original
1997,39,650000,615000,1265000,original,original
1997,40,638000,605000,1243000,original,original
1997,41,623000,593000,1216000,original,original
1997,42,604000,579000,1183000,original,original
1997,43,592000,575000,1167000,original,original
1997,44,572000,561000,1133000,original,original
1997,45,575000,565000,1140000,original,original
1997,46,564000,555000,1119000,original,original
1997,47,571000,560000,1131000,original,original
1997,48,555000,540000,1095000,original,original
1997,49,513000,498000,1011000,original,original
1997,50,484000,472000,956000,original,original
1997,51,427000,417000,844000,original,original
1997,52,377000,374000,751000,original,original
1997,53,503000,497000,1000000,original,original
1997,54,514000,506000,1020000,original,original
1997,55,501000,494000,995000,original,original
1997,56,605000,601000,1206000,original,original
1997,57,638000,639000,1277000,original,original
1997,58,625000,631000,1256000,original,original
1997,59,583000,592000,1175000,original,original
1997,60,544000,556000,1100000,original,original
1997,61,526000,547000,1073000,original,original
1997,62,507000,532000,1039000,original,original
1997,63,470000,498000,968000,original,original
1997,64,376000,405000,781000,original,original
1997,65,370000,407000,777000,original,original
1997,66,373000,418000,791000,original,original
1997,67,387000,445000,832000,original,original
1997,68,370000,435000,805000,original,original
1997,69,360000,435000,795000,original,original
1997,70,315000,417000,732000,original,original
1997,71,287000,425000,712000,original,original
1997,72,266000,431000,697000,original,original
1997,73,224000,412000,636000,original,original
1997,74,211000,401000,612000,original,original
1997,75,214000,409000,623000,original,original
1997,76,209000,421000,630000,original,original
1997,77,191000,405000,596000,original,original
1997,78,137000,295000,432000,original,original
1997,79,83000,184000,267000,original,original
1997,80,74000,168000,242000,original,original
1997,81,75000,177000,252000,original,original
1997,82,88000,219000,307000,original,original
1997,83,100000,262000,362000,original,original
1997,84,90000,243000,333000,original,original
1997,85,79000,220000,299000,original,original
1997,86,63000,184000,247000,original,original
1997,87,53000,164000,217000,original,original
1997,88,43000,139000,182000,original,original
1997,89,34000,114000,148000,original,original
1997,90,27000,92000,119000,original,original
1997,91,20000,71000,91000,original,original
1997,92,15000,52000,67000,original,original
1997,93,11000,40000,51000,original,original
1997,94,8000,28000,36000,original,original
1997,95,0,0,0,original,original
1997,96,0,0,0,original,original
1997,97,0,0,0,original,original
1997,98,0,0,0,original,original
1997,99,0,0,0,original,original
1998,0,403000,382000,785000,original,original
1998,1,417000,395000,812000,original,original
1998,2,410000,388000,798000,original,original
1998,3,395000,375000,770000,original,original
1998,4,401000,379000,780000,original,original
1998,5,417000,396000,813000,original,original
1998,6,426000,406000,832000,original,original
1998,7,443000,421000,864000,original,original
1998,8,488000,463000,951000,original,original
1998,9,482000,458000,940000,original,original
1998,10,497000,470000,967000,original,original
1998,11,487000,459000,946000,original,original
1998,12,477000,453000,930000,original,original
1998,13,461000,437000,898000,original,original
1998,14,460000,436000,896000,original,original
1998,15,464000,440000,904000,original,original
1998,16,479000,452000,931000,original,original
1998,17,478000,453000,931000,original,original
1998,18,482000,458000,940000,original,original
1998,19,461000,438000,899000,original,original
1998,20,459000,438000,897000,original,original
1998,21,458000,439000,897000,original,original
1998,22,457000,438000,895000,original,original
1998,23,451000,430000,881000,original,original
1998,24,462000,443000,905000,original,original
1998,25,473000,452000,925000,original,original
1998,26,525000,499000,1024000,original,original
1998,27,587000,555000,1142000,original,original
1998,28,619000,581000,1200000,original,original
1998,29,669000,627000,1296000,original,original
1998,30,703000,658000,1361000,original,original
1998,31,722000,678000,1400000,original,original
1998,32,744000,696000,1440000,original,original
1998,33,753000,699000,1452000,original,original
1998,34,765000,713000,1478000,original,original
1998,35,760000,710000,1470000,original,original
1998,36,735000,691000,1426000,original,original
1998,37,721000,684000,1405000,original,original
1998,38,702000,666000,1368000,original,original
1998,39,680000,646000,1326000,original,original
1998,40,647000,614000,1261000,original,original
1998,41,635000,604000,1239000,original,original
1998,42,620000,592000,1212000,original,original
1998,43,601000,578000,1179000,original,original
1998,44,589000,574000,1163000,original,original
1998,45,570000,560000,1130000,original,original
1998,46,572000,564000,1136000,original,original
1998,47,562000,554000,1116000,original,original
1998,48,568000,559000,1127000,original,original
1998,49,552000,539000,1091000,original,original
1998,50,510000,497000,1007000,original,original
1998,51,481000,471000,952000,original,original
1998,52,423000,415000,838000,original,original
1998,53,374000,372000,746000,original,original
1998,54,499000,495000,994000,original,original
1998,55,510000,503000,1013000,original,original
1998,56,496000,492000,988000,original,original
1998,57,599000,599000,1198000,original,original
1998,58,631000,636000,1267000,original,original
1998,59,618000,628000,1246000,original,original
1998,60,576000,589000,1165000,original,original
1998,61,536000,553000,1089000,original,original
1998,62,518000,544000,1062000,original,original
1998,63,498000,528000,1026000,original,original
1998,64,461000,493000,954000,original,original
1998,65,368000,401000,769000,original,original
1998,66,362000,403000,765000,original,original
1998,67,363000,414000,777000,original,original
1998,68,377000,440000,817000,original,original
1998,69,359000,429000,788000,original,original
1998,70,348000,428000,776000,original,original
1998,71,304000,410000,714000,original,original
1998,72,276000,417000,693000,original,original
1998,73,255000,421000,676000,original,original
1998,74,214000,402000,616000,original,original
1998,75,200000,390000,590000,original,original
1998,76,202000,397000,599000,original,original
1998,77,196000,407000,603000,original,original
1998,78,179000,389000,568000,original,original
1998,79,127000,281000,408000,original,original
1998,80,76000,175000,251000,original,original
1998,81,68000,159000,227000,original,original
1998,82,67000,166000,233000,original,original
1998,83,78000,203000,281000,original,original
1998,84,89000,241000,330000,original,original
1998,85,79000,220000,299000,original,original
1998,86,68000,197000,265000,original,original
1998,87,53000,163000,216000,original,original
1998,88,44000,142000,186000,original,original
1998,89,35000,119000,154000,original,original
1998,90,27000,95000,122000,original,original
1998,91,21000,75000,96000,original,original
1998,92,16000,57000,73000,original,original
1998,93,11000,41000,52000,original,original
1998,94,8000,31000,39000,original,original
1998,95,0,0,0,original,original
1998,96,0,0,0,original,original
1998,97,0,0,0,original,original
1998,98,0,0,0,original,original
1998,99,0,0,0,original,original
1999,0,396000,375000,771000,original,original
1999,1,405000,384000,789000,original,original
1999,2,418000,396000,814000,original,original
1999,3,411000,389000,800000,original,original
1999,4,397000,377000,774000,original,original
1999,5,402000,381000,783000,original,original
1999,6,418000,397000,815000,original,original
1999,7,427000,407000,834000,original,original
1999,8,444000,422000,866000,original,original
1999,9,490000,464000,954000,original,original
1999,10,483000,460000,943000,original,original
1999,11,498000,472000,970000,original,original
1999,12,488000,461000,949000,original,original
1999,13,479000,455000,934000,original,original
1999,14,462000,439000,901000,original,original
1999,15,462000,438000,900000,original,original
1999,16,467000,442000,909000,original,original
1999,17,482000,454000,936000,original,original
1999,18,481000,457000,938000,original,original
1999,19,486000,465000,951000,original,original
1999,20,466000,446000,912000,original,original
1999,21,464000,444000,908000,original,original
1999,22,464000,446000,910000,original,original
1999,23,462000,444000,906000,original,original
1999,24,456000,435000,891000,original,original
1999,25,465000,447000,912000,original,original
1999,26,476000,456000,932000,original,original
1999,27,527000,502000,1029000,original,original
1999,28,588000,557000,1145000,original,original
1999,29,619000,583000,1202000,original,original
1999,30,668000,628000,1296000,original,original
1999,31,703000,659000,1362000,original,original
1999,32,721000,678000,1399000,original,original
1999,33,743000,697000,1440000,original,original
1999,34,751000,700000,1451000,original,original
1999,35,763000,714000,1477000,original,original
1999,36,758000,711000,1469000,original,original
1999,37,733000,691000,1424000,original,original
1999,38,720000,685000,1405000,original,original
1999,39,701000,667000,1368000,original,original
1999,40,679000,647000,1326000,original,original
1999,41,647000,614000,1261000,original,original
1999,42,634000,604000,1238000,original,original
1999,43,619000,592000,1211000,original,original
1999,44,600000,578000,1178000,original,original
1999,45,587000,574000,1161000,original,original
1999,46,568000,560000,1128000,original,original
1999,47,570000,563000,1133000,original,original
1999,48,560000,553000,1113000,original,original
1999,49,565000,559000,1124000,original,original
1999,50,549000,538000,1087000,original,original
1999,51,508000,496000,1004000,original,original
1999,52,478000,470000,948000,original,original
1999,53,421000,414000,835000,original,original
1999,54,371000,371000,742000,original,original
1999,55,495000,493000,988000,original,original
1999,56,505000,502000,1007000,original,original
1999,57,492000,490000,982000,original,original
1999,58,593000,596000,1189000,original,original
1999,59,625000,634000,1259000,original,original
1999,60,611000,625000,1236000,original,original
1999,61,568000,586000,1154000,original,original
1999,62,528000,550000,1078000,original,original
1999,63,510000,540000,1050000,original,original
1999,64,489000,524000,1013000,original,original
1999,65,452000,489000,941000,original,original
1999,66,360000,397000,757000,original,original
1999,67,353000,399000,752000,original,original
1999,68,354000,409000,763000,original,original
1999,69,366000,434000,800000,original,original
1999,70,347000,423000,770000,original,original
1999,71,337000,422000,759000,original,original
1999,72,293000,402000,695000,original,original
1999,73,265000,408000,673000,original,original
1999,74,244000,412000,656000,original,original
1999,75,204000,391000,595000,original,original
1999,76,190000,379000,569000,original,original
1999,77,190000,383000,573000,original,original
1999,78,184000,391000,575000,original,original
1999,79,166000,372000,538000,original,original
1999,80,117000,268000,385000,original,original
1999,81,70000,165000,235000,original,original
1999,82,61000,149000,210000,original,original
1999,83,60000,154000,214000,original,original
1999,84,69000,187000,256000,original,original
1999,85,77000,219000,296000,original,original
1999,86,68000,198000,266000,original,original
1999,87,57000,175000,232000,original,original
1999,88,45000,142000,187000,original,original
1999,89,36000,122000,158000,original,original
1999,90,28000,99000,127000,original,original
1999,91,20000,75000,95000,original,original
1999,92,16000,59000,75000,original,original
1999,93,12000,45000,57000,original,original
1999,94,9000,31000,40000,original,original
1999,95,0,0,0,original,original
1999,96,0,0,0,original,original
1999,97,0,0,0,original,original
1999,98,0,0,0,original,original
1999,99,0,0,0,original,original
2000,0,393000,374000,767000,original,original
2000,1,397000,376000,773000,original,original
2000,2,405000,385000,790000,original,original
2000,3,418000,397000,815000,original,original
2000,4,411000,389000,800000,original,original
2000,5,397000,377000,774000,original,original
2000,6,402000,381000,783000,original,original
2000,7,418000,397000,815000,original,original
2000,8,428000,407000,835000,original,original
2000,9,445000,423000,868000,original,original
2000,10,491000,465000,956000,original,original
2000,11,484000,461000,945000,original,original
2000,12,499000,473000,972000,original,original
2000,13,490000,462000,952000,original,original
2000,14,480000,456000,936000,original,original
2000,15,464000,441000,905000,original,original
2000,16,465000,440000,905000,original,original
2000,17,469000,444000,913000,original,original
2000,18,484000,458000,942000,original,original
2000,19,484000,464000,948000,original,original
2000,20,490000,473000,963000,original,original
2000,21,470000,453000,923000,original,original
2000,22,469000,452000,921000,original,original
2000,23,469000,453000,922000,original,original
2000,24,466000,450000,916000,original,original
2000,25,459000,440000,899000,original,original
2000,26,468000,450000,918000,original,original
2000,27,477000,459000,936000,original,original
2000,28,529000,504000,1033000,original,original
2000,29,588000,559000,1147000,original,original
2000,30,619000,584000,1203000,original,original
2000,31,668000,629000,1297000,original,original
2000,32,702000,660000,1362000,original,original
2000,33,720000,679000,1399000,original,original
2000,34,742000,697000,1439000,original,original
2000,35,750000,700000,1450000,original,original
2000,36,762000,714000,1476000,original,original
2000,37,757000,711000,1468000,original,original
2000,38,732000,692000,1424000,original,original
2000,39,719000,685000,1404000,original,original
2000,40,700000,667000,1367000,original,original
2000,41,678000,647000,1325000,original,original
2000,42,645000,615000,1260000,original,original
2000,43,633000,604000,1237000,original,original
2000,44,617000,592000,1209000,original,original
2000,45,598000,578000,1176000,original,original
2000,46,586000,574000,1160000,original,original
2000,47,567000,560000,1127000,original,original
2000,48,568000,563000,1131000,original,original
2000,49,558000,553000,1111000,original,original
2000,50,563000,558000,1121000,original,original
2000,51,547000,538000,1085000,original,original
2000,52,505000,495000,1000000,original,original
2000,53,475000,469000,944000,original,original
2000,54,418000,413000,831000,original,original
2000,55,368000,370000,738000,original,original
2000,56,490000,491000,981000,original,original
2000,57,501000,499000,1000000,original,original
2000,58,487000,488000,975000,original,original
2000,59,587000,594000,1181000,original,original
2000,60,617000,630000,1247000,original,original
2000,61,603000,621000,1224000,original,original
2000,62,560000,582000,1142000,original,original
2000,63,520000,547000,1067000,original,original
2000,64,501000,536000,1037000,original,original
2000,65,480000,520000,1000000,original,original
2000,66,442000,485000,927000,original,original
2000,67,351000,393000,744000,original,original
2000,68,344000,394000,738000,original,original
2000,69,344000,404000,748000,original,original
2000,70,355000,428000,783000,original,original
2000,71,336000,416000,752000,original,original
2000,72,325000,414000,739000,original,original
2000,73,282000,394000,676000,original,original
2000,74,254000,399000,653000,original,original
2000,75,232000,401000,633000,original,original
2000,76,194000,380000,574000,original,original
2000,77,179000,366000,545000,original,original
2000,78,178000,369000,547000,original,original
2000,79,171000,375000,546000,original,original
2000,80,153000,353000,506000,original,original
2000,81,107000,253000,360000,original,original
2000,82,63000,155000,218000,original,original
2000,83,55000,138000,193000,original,original
2000,84,54000,142000,196000,original,original
2000,85,61000,170000,231000,original,original
2000,86,67000,197000,264000,original,original
2000,87,57000,176000,233000,original,original
2000,88,48000,153000,201000,original,original
2000,89,37000,122000,159000,original,original
2000,90,29000,102000,131000,original,original
2000,91,22000,80000,102000,original,original
2000,92,15000,60000,75000,original,original
2000,93,12000,47000,59000,original,original
2000,94,9000,35000,44000,original,original
2000,95,0,0,0,original,original
2000,96,0,0,0,original,original
2000,97,0,0,0,original,original
2000,98,0,0,0,original,original
2000,99,0,0,0,original,original
2001,0,378000,358000,736000,original,original
2001,1,396000,376000,772000,original,original
2001,2,399000,377000,776000,original,original
2001,3,406000,386000,792000,original,original
2001,4,419000,398000,817000,original,original
2001,5,412000,390000,802000,original,original
2001,6,398000,378000,776000,original,original
2001,7,403000,382000,785000,original,original
2001,8,419000,398000,817000,original,original
2001,9,429000,409000,838000,original,original
2001,10,446000,424000,870000,original,original
2001,11,492000,466000,958000,original,original
2001,12,486000,462000,948000,original,original
2001,13,501000,475000,976000,original,original
2001,14,492000,464000,956000,original,original
2001,15,482000,458000,940000,original,original
2001,16,468000,444000,912000,original,original
2001,17,469000,442000,911000,original,original
2001,18,473000,449000,922000,original,original
2001,19,489000,467000,956000,original,original
2001,20,490000,473000,963000,original,original
2001,21,497000,482000,979000,original,original
2001,22,477000,462000,939000,original,original
2001,23,476000,460000,936000,original,original
2001,24,476000,460000,936000,original,original
2001,25,473000,456000,929000,original,original
2001,26,465000,444000,909000,original,original
2001,27,473000,455000,928000,original,original
2001,28,481000,462000,943000,original,original
2001,29,532000,507000,1039000,original,original
2001,30,590000,562000,1152000,original,original
2001,31,621000,587000,1208000,original,original
2001,32,669000,631000,1300000,original,original
2001,33,702000,662000,1364000,original,original
2001,34,720000,680000,1400000,original,original
2001,35,742000,698000,1440000,original,original
2001,36,750000,701000,1451000,original,original
2001,37,762000,715000,1477000,original,original
2001,38,757000,712000,1469000,original,original
2001,39,732000,693000,1425000,original,original
2001,40,718000,686000,1404000,original,original
2001,41,699000,668000,1367000,original,original
2001,42,677000,648000,1325000,original,original
2001,43,644000,615000,1259000,original,original
2001,44,632000,605000,1237000,original,original
2001,45,615000,592000,1207000,original,original
2001,46,596000,578000,1174000,original,original
2001,47,584000,574000,1158000,original,original
2001,48,565000,560000,1125000,original,original
2001,49,566000,563000,1129000,original,original
2001,50,555000,553000,1108000,original,original
2001,51,560000,557000,1117000,original,original
2001,52,544000,537000,1081000,original,original
2001,53,502000,494000,996000,original,original
2001,54,472000,468000,940000,original,original
2001,55,414000,412000,826000,original,original
2001,56,365000,369000,734000,original,original
2001,57,486000,489000,975000,original,original
2001,58,496000,497000,993000,original,original
2001,59,482000,486000,968000,original,original
2001,60,580000,591000,1171000,original,original
2001,61,610000,627000,1237000,original,original
2001,62,595000,618000,1213000,original,original
2001,63,552000,579000,1131000,original,original
2001,64,512000,543000,1055000,original,original
2001,65,492000,532000,1024000,original,original
2001,66,470000,515000,985000,original,original
2001,67,432000,480000,912000,original,original
2001,68,343000,389000,732000,original,original
2001,69,335000,390000,725000,original,original
2001,70,334000,398000,732000,original,original
2001,71,343000,421000,764000,original,original
2001,72,324000,409000,733000,original,original
2001,73,312000,406000,718000,original,original
2001,74,271000,386000,657000,original,original
2001,75,243000,390000,633000,original,original
2001,76,221000,390000,611000,original,original
2001,77,184000,368000,552000,original,original
2001,78,169000,353000,522000,original,original
2001,79,167000,354000,521000,original,original
2001,80,158000,357000,515000,original,original
2001,81,141000,334000,475000,original,original
2001,82,97000,238000,335000,original,original
2001,83,57000,144000,201000,original,original
2001,84,49000,128000,177000,original,original
2001,85,47000,129000,176000,original,original
2001,86,53000,153000,206000,original,original
2001,87,57000,176000,233000,original,original
2001,88,48000,154000,202000,original,original
2001,89,40000,132000,172000,original,original
2001,90,30000,103000,133000,original,original
2001,91,23000,84000,107000,original,original
2001,92,17000,64000,81000,original,original
2001,93,12000,47000,59000,original,original
2001,94,9000,36000,45000,original,original
2001,95,7000,27000,34000,original,original
2001,96,5000,18000,23000,original,original
2001,97,4000,14000,18000,original,original
2001,98,3000,10000,13000,original,original
2001,99,3000,7000,10000,original,original
2002,0,369000,350000,719000,original,original
2002,1,380000,359000,739000,original,original
2002,2,397000,377000,774000,original,original
2002,3,400000,378000,778000,original,original
2002,4,407000,387000,794000,original,original
2002,5,420000,399000,819000,original,original
2002,6,412000,391000,803000,original,original
2002,7,398000,379000,777000,original,original
2002,8,404000,383000,787000,original,original
2002,9,420000,399000,819000,original,original
2002,10,430000,410000,840000,original,original
2002,11,448000,425000,873000,original,original
2002,12,494000,468000,962000,original,original
2002,13,488000,464000,952000,original,original
2002,14,503000,476000,979000,original,original
2002,15,494000,466000,960000,original,original
2002,16,485000,460000,945000,original,original
2002,17,470000,446000,916000,original,original
2002,18,471000,447000,918000,original,original
2002,19,478000,457000,935000,original,original
2002,20,495000,475000,970000,original,original
2002,21,495000,481000,976000,original,original
2002,22,503000,489000,992000,original,original
2002,23,484000,469000,953000,original,original
2002,24,482000,466000,948000,original,original
2002,25,481000,465000,946000,original,original
2002,26,477000,459000,936000,original,original
2002,27,468000,448000,916000,original,original
2002,28,475000,458000,933000,original,original
2002,29,483000,465000,948000,original,original
2002,30,533000,510000,1043000,original,original
2002,31,591000,563000,1154000,original,original
2002,32,621000,588000,1209000,original,original
2002,33,669000,632000,1301000,original,original
2002,34,702000,663000,1365000,original,original
2002,35,719000,681000,1400000,original,original
2002,36,741000,699000,1440000,original,original
2002,37,749000,702000,1451000,original,original
2002,38,761000,716000,1477000,original,original
2002,39,756000,713000,1469000,original,original
2002,40,731000,693000,1424000,original,original
2002,41,717000,687000,1404000,original,original
2002,42,698000,669000,1367000,original,original
2002,43,676000,648000,1324000,original,original
2002,44,643000,616000,1259000,original,original
2002,45,630000,605000,1235000,original,original
2002,46,613000,592000,1205000,original,original
2002,47,594000,578000,1172000,original,original
2002,48,582000,574000,1156000,original,original
2002,49,562000,559000,1121000,original,original
2002,50,563000,562000,1125000,original,original
2002,51,553000,552000,1105000,original,original
2002,52,557000,556000,1113000,original,original
2002,53,541000,536000,1077000,original,original
2002,54,499000,493000,992000,original,original
2002,55,469000,466000,935000,original,original
2002,56,411000,410000,821000,original,original
2002,57,362000,367000,729000,original,original
2002,58,481000,487000,968000,original,original
2002,59,491000,495000,986000,original,original
2002,60,477000,483000,960000,original,original
2002,61,573000,588000,1161000,original,original
2002,62,601000,623000,1224000,original,original
2002,63,586000,614000,1200000,original,original
2002,64,543000,575000,1118000,original,original
2002,65,503000,539000,1042000,original,original
2002,66,483000,528000,1011000,original,original
2002,67,460000,510000,970000,original,original
2002,68,422000,475000,897000,original,original
2002,69,334000,384000,718000,original,original
2002,70,325000,384000,709000,original,original
2002,71,324000,392000,716000,original,original
2002,72,332000,414000,746000,original,original
2002,73,311000,401000,712000,original,original
2002,74,299000,397000,696000,original,original
2002,75,259000,376000,635000,original,original
2002,76,231000,379000,610000,original,original
2002,77,209000,378000,587000,original,original
2002,78,173000,355000,528000,original,original
2002,79,158000,339000,497000,original,original
2002,80,155000,338000,493000,original,original
2002,81,146000,338000,484000,original,original
2002,82,128000,314000,442000,original,original
2002,83,88000,222000,310000,original,original
2002,84,51000,133000,184000,original,original
2002,85,43000,117000,160000,original,original
2002,86,41000,117000,158000,original,original
2002,87,45000,136000,181000,original,original
2002,88,48000,154000,202000,original,original
2002,89,40000,132000,172000,original,original
2002,90,32000,111000,143000,original,original
2002,91,23000,84000,107000,original,original
2002,92,18000,67000,85000,original,original
2002,93,13000,50000,63000,original,original
2002,94,9000,36000,45000,original,original
2002,95,7000,28000,35000,original,original
2002,96,6000,20000,26000,original,original
2002,97,4000,14000,18000,original,original
2002,98,4000,10000,14000,original,original
2002,99,3000,7000,10000,original,original
2003,0,362000,344000,706000,original,original
2003,1,371000,352000,723000,original,original
2003,2,380000,361000,741000,original,original
2003,3,396000,379000,775000,original,original
2003,4,400000,378000,778000,original,original
2003,5,408000,387000,795000,original,original
2003,6,420000,399000,819000,original,original
2003,7,413000,391000,804000,original,original
2003,8,399000,379000,778000,original,original
2003,9,405000,383000,788000,original,original
2003,10,421000,399000,820000,original,original
2003,11,431000,411000,842000,original,original
2003,12,449000,426000,875000,original,original
2003,13,495000,469000,964000,original,original
2003,14,489000,465000,954000,original,original
2003,15,504000,477000,981000,original,original
2003,16,495000,467000,962000,original,original
2003,17,487000,462000,949000,original,original
2003,18,472000,449000,921000,original,original
2003,19,475000,453000,928000,original,original
2003,20,482000,464000,946000,original,original
2003,21,499000,482000,981000,original,original
2003,22,500000,487000,987000,original,original
2003,23,508000,495000,1003000,original,original
2003,24,488000,475000,963000,original,original
2003,25,486000,471000,957000,original,original
2003,26,484000,468000,952000,original,original
2003,27,479000,462000,941000,original,original
2003,28,469000,451000,920000,original,original
2003,29,476000,460000,936000,original,original
2003,30,483000,466000,949000,original,original
2003,31,532000,511000,1043000,original,original
2003,32,590000,564000,1154000,original,original
2003,33,620000,589000,1209000,original,original
2003,34,667000,633000,1300000,original,original
2003,35,700000,663000,1363000,original,original
2003,36,717000,681000,1398000,original,original
2003,37,739000,699000,1438000,original,original
2003,38,747000,701000,1448000,original,original
2003,39,759000,716000,1475000,original,original
2003,40,754000,713000,1467000,original,original
2003,41,729000,693000,1422000,original,original
2003,42,715000,686000,1401000,original,original
2003,43,696000,669000,1365000,original,original
2003,44,674000,648000,1322000,original,original
2003,45,641000,615000,1256000,original,original
2003,46,628000,604000,1232000,original,original
2003,47,611000,592000,1203000,original,original
2003,48,592000,578000,1170000,original,original
2003,49,579000,573000,1152000,original,original
2003,50,559000,559000,1118000,original,original
2003,51,561000,561000,1122000,original,original
2003,52,550000,551000,1101000,original,original
2003,53,554000,555000,1109000,original,original
2003,54,537000,535000,1072000,original,original
2003,55,495000,491000,986000,original,original
2003,56,465000,465000,930000,original,original
2003,57,408000,408000,816000,original,original
2003,58,358000,366000,724000,original,original
2003,59,476000,485000,961000,original,original
2003,60,485000,492000,977000,original,original
2003,61,471000,480000,951000,original,original
2003,62,566000,584000,1150000,original,original
2003,63,593000,619000,1212000,original,original
2003,64,577000,610000,1187000,original,original
2003,65,534000,571000,1105000,original,original
2003,66,493000,535000,1028000,original,original
2003,67,473000,523000,996000,original,original
2003,68,449000,505000,954000,original,original
2003,69,411000,469000,880000,original,original
2003,70,325000,379000,704000,original,original
2003,71,315000,378000,693000,original,original
2003,72,312000,385000,697000,original,original
2003,73,319000,406000,725000,original,original
2003,74,299000,393000,692000,original,original
2003,75,286000,388000,674000,original,original
2003,76,246000,367000,613000,original,original
2003,77,219000,367000,586000,original,original
2003,78,197000,365000,562000,original,original
2003,79,162000,341000,503000,original,original
2003,80,146000,324000,470000,original,original
2003,81,142000,320000,462000,original,original
2003,82,133000,318000,451000,original,original
2003,83,116000,292000,408000,original,original
2003,84,78000,205000,283000,original,original
2003,85,45000,122000,167000,original,original
2003,86,38000,105000,143000,original,original
2003,87,35000,104000,139000,original,original
2003,88,38000,119000,157000,original,original
2003,89,40000,132000,172000,original,original
2003,90,32000,111000,143000,original,original
2003,91,25000,90000,115000,original,original
2003,92,18000,67000,85000,original,original
2003,93,13000,53000,66000,original,original
2003,94,10000,38000,48000,original,original
2003,95,7000,27000,34000,original,original
2003,96,6000,20000,26000,original,original
2003,97,5000,15000,20000,original,original
2003,98,4000,10000,14000,original,original
2003,99,3000,8000,11000,original,original
2004,0,362000,343000,705000,original,original
2004,1,364000,346000,710000,original,original
2004,2,371000,353000,724000,original,original
2004,3,380000,361000,741000,original,original
2004,4,396000,379000,775000,original,original
2004,5,400000,379000,779000,original,original
2004,6,407000,387000,794000,original,original
2004,7,420000,399000,819000,original,original
2004,8,413000,391000,804000,original,original
2004,9,399000,380000,779000,original,original
2004,10,405000,384000,789000,original,original
2004,11,422000,400000,822000,original,original
2004,12,432000,411000,843000,original,original
2004,13,449000,427000,876000,original,original
2004,14,495000,469000,964000,original,original
2004,15,490000,466000,956000,original,original
2004,16,505000,478000,983000,original,original
2004,17,497000,469000,966000,original,original
2004,18,488000,465000,953000,original,original
2004,19,475000,455000,930000,original,original
2004,20,478000,460000,938000,original,original
2004,21,485000,470000,955000,original,original
2004,22,502000,487000,989000,original,original
2004,23,503000,493000,996000,original,original
2004,24,512000,500000,1012000,original,original
2004,25,490000,477000,967000,original,original
2004,26,487000,472000,959000,original,original
2004,27,484000,470000,954000,original,original
2004,28,479000,464000,943000,original,original
2004,29,469000,452000,921000,original,original
2004,30,475000,461000,936000,original,original
2004,31,482000,467000,949000,original,original
2004,32,531000,511000,1042000,original,original
2004,33,589000,565000,1154000,original,original
2004,34,619000,589000,1208000,original,original
2004,35,666000,632000,1298000,original,original
2004,36,699000,663000,1362000,original,original
2004,37,715000,681000,1396000,original,original
2004,38,737000,699000,1436000,original,original
2004,39,745000,701000,1446000,original,original
2004,40,757000,715000,1472000,original,original
2004,41,752000,712000,1464000,original,original
2004,42,727000,693000,1420000,original,original
2004,43,713000,686000,1399000,original,original
2004,44,694000,668000,1362000,original,original
2004,45,672000,647000,1319000,original,original
2004,46,639000,615000,1254000,original,original
2004,47,625000,604000,1229000,original,original
2004,48,609000,591000,1200000,original,original
2004,49,589000,577000,1166000,original,original
2004,50,576000,572000,1148000,original,original
2004,51,556000,557000,1113000,original,original
2004,52,557000,560000,1117000,original,original
2004,53,546000,550000,1096000,original,original
2004,54,550000,554000,1104000,original,original
2004,55,533000,533000,1066000,original,original
2004,56,491000,489000,980000,original,original
2004,57,461000,463000,924000,original,original
2004,58,404000,406000,810000,original,original
2004,59,355000,363000,718000,original,original
2004,60,471000,482000,953000,original,original
2004,61,479000,489000,968000,original,original
2004,62,464000,477000,941000,original,original
2004,63,557000,581000,1138000,original,original
2004,64,583000,615000,1198000,original,original
2004,65,567000,605000,1172000,original,original
2004,66,524000,566000,1090000,original,original
2004,67,483000,530000,1013000,original,original
2004,68,462000,517000,979000,original,original
2004,69,439000,499000,938000,original,original
2004,70,400000,463000,863000,original,original
2004,71,315000,373000,688000,original,original
2004,72,305000,372000,677000,original,original
2004,73,301000,378000,679000,original,original
2004,74,307000,398000,705000,original,original
2004,75,286000,384000,670000,original,original
2004,76,272000,377000,649000,original,original
2004,77,234000,356000,590000,original,original
2004,78,207000,355000,562000,original,original
2004,79,185000,351000,536000,original,original
2004,80,151000,326000,477000,original,original
2004,81,135000,308000,443000,original,original
2004,82,131000,302000,433000,original,original
2004,83,121000,297000,418000,original,original
2004,84,104000,271000,375000,original,original
2004,85,69000,188000,257000,original,original
2004,86,39000,110000,149000,original,original
2004,87,33000,94000,127000,original,original
2004,88,30000,92000,122000,original,original
2004,89,32000,103000,135000,original,original
2004,90,33000,112000,145000,original,original
2004,91,25000,92000,117000,original,original
2004,92,20000,73000,93000,original,original
2004,93,14000,53000,67000,original,original
2004,94,11000,41000,52000,original,original
2004,95,8000,28000,36000,original,original
2004,96,5000,20000,25000,original,original
2004,97,5000,15000,20000,original,original
2004,98,4000,11000,15000,original,original
2004,99,3000,8000,11000,original,original
2005,0,352000,334000,686000,original,original
2005,1,363000,345000,708000,original,original
2005,2,365000,346000,711000,original,original
2005,3,372000,353000,725000,original,original
2005,4,381000,361000,742000,original,original
2005,5,396000,379000,775000,original,original
2005,6,400000,378000,778000,original,original
2005,7,407000,386000,793000,original,original
2005,8,420000,399000,819000,original,original
2005,9,413000,391000,804000,original,original
2005,10,400000,380000,780000,original,original
2005,11,405000,384000,789000,original,original
2005,12,422000,400000,822000,original,original
2005,13,432000,411000,843000,original,original
2005,14,450000,427000,877000,original,original
2005,15,496000,470000,966000,original,original
2005,16,490000,466000,956000,original,original
2005,17,506000,479000,985000,original,original
2005,18,497000,471000,968000,original,original
2005,19,491000,470000,961000,original,original
2005,20,478000,461000,939000,original,original
2005,21,482000,466000,948000,original,original
2005,22,489000,476000,965000,original,original
2005,23,506000,493000,999000,original,original
2005,24,507000,497000,1004000,original,original
2005,25,514000,503000,1017000,original,original
2005,26,492000,480000,972000,original,original
2005,27,488000,474000,962000,original,original
2005,28,485000,471000,956000,original,original
2005,29,479000,465000,944000,original,original
2005,30,469000,453000,922000,original,original
2005,31,475000,461000,936000,original,original
2005,32,482000,467000,949000,original,original
2005,33,531000,512000,1043000,original,original
2005,34,588000,565000,1153000,original,original
2005,35,618000,589000,1207000,original,original
2005,36,664000,632000,1296000,original,original
2005,37,697000,662000,1359000,original,original
2005,38,714000,680000,1394000,original,original
2005,39,736000,699000,1435000,original,original
2005,40,744000,701000,1445000,original,original
2005,41,755000,715000,1470000,original,original
2005,42,750000,712000,1462000,original,original
2005,43,725000,692000,1417000,original,original
2005,44,711000,686000,1397000,original,original
2005,45,692000,668000,1360000,original,original
2005,46,670000,647000,1317000,original,original
2005,47,637000,614000,1251000,original,original
2005,48,623000,603000,1226000,original,original
2005,49,606000,590000,1196000,original,original
2005,50,587000,576000,1163000,original,original
2005,51,573000,571000,1144000,original,original
2005,52,553000,556000,1109000,original,original
2005,53,554000,559000,1113000,original,original
2005,54,543000,548000,1091000,original,original
2005,55,546000,552000,1098000,original,original
2005,56,529000,531000,1060000,original,original
2005,57,487000,487000,974000,original,original
2005,58,457000,461000,918000,original,original
2005,59,400000,404000,804000,original,original
2005,60,350000,361000,711000,original,original
2005,61,465000,478000,943000,original,original
2005,62,472000,486000,958000,original,original
2005,63,458000,474000,932000,original,original
2005,64,549000,576000,1125000,original,original
2005,65,573000,610000,1183000,original,original
2005,66,556000,600000,1156000,original,original
2005,67,514000,561000,1075000,original,original
2005,68,473000,524000,997000,original,original
2005,69,451000,511000,962000,original,original
2005,70,427000,492000,919000,original,original
2005,71,389000,456000,845000,original,original
2005,72,305000,368000,673000,original,original
2005,73,295000,365000,660000,original,original
2005,74,291000,372000,663000,original,original
2005,75,294000,389000,683000,original,original
2005,76,272000,374000,646000,original,original
2005,77,258000,366000,624000,original,original
2005,78,221000,345000,566000,original,original
2005,79,194000,342000,536000,original,original
2005,80,173000,336000,509000,original,original
2005,81,140000,310000,450000,original,original
2005,82,124000,291000,415000,original,original
2005,83,118000,282000,400000,original,original
2005,84,108000,276000,384000,original,original
2005,85,92000,248000,340000,original,original
2005,86,61000,170000,231000,original,original
2005,87,34000,98000,132000,original,original
2005,88,28000,83000,111000,original,original
2005,89,25000,79000,104000,original,original
2005,90,26000,87000,113000,original,original
2005,91,26000,92000,118000,original,original
2005,92,20000,74000,94000,original,original
2005,93,15000,57000,72000,original,original
2005,94,11000,41000,52000,original,original
2005,95,8000,31000,39000,original,original
2005,96,6000,20000,26000,original,original
2005,97,4000,14000,18000,original,original
2005,98,4000,11000,15000,original,original
2005,99,3000,8000,11000,original,original
2006,0,346000,327000,673000,original,original
2006,1,353000,335000,688000,original,original
2006,2,363000,345000,708000,original,original
2006,3,364000,346000,710000,original,original
2006,4,371000,353000,724000,original,original
2006,5,380000,361000,741000,original,original
2006,6,395000,378000,773000,original,original
2006,7,399000,377000,776000,original,original
2006,8,406000,386000,792000,original,original
2006,9,420000,398000,818000,original,original
2006,10,412000,391000,803000,original,original
2006,11,399000,380000,779000,original,original
2006,12,405000,384000,789000,original,original
2006,13,422000,400000,822000,original,original
2006,14,432000,411000,843000,original,original
2006,15,450000,427000,877000,original,original
2006,16,496000,470000,966000,original,original
2006,17,490000,467000,957000,original,original
2006,18,506000,481000,987000,original,original
2006,19,499000,475000,974000,original,original
2006,20,493000,475000,968000,original,original
2006,21,482000,466000,948000,original,original
2006,22,485000,470000,955000,original,original
2006,23,492000,480000,972000,original,original
2006,24,509000,496000,1005000,original,original
2006,25,508000,499000,1007000,original,original
2006,26,515000,504000,1019000,original,original
2006,27,493000,480000,973000,original,original
2006,28,489000,475000,964000,original,original
2006,29,485000,472000,957000,original,original
2006,30,479000,465000,944000,original,original
2006,31,468000,453000,921000,original,original
2006,32,475000,461000,936000,original,original
2006,33,481000,467000,948000,original,original
2006,34,530000,512000,1042000,original,original
2006,35,587000,564000,1151000,original,original
2006,36,616000,589000,1205000,original,original
2006,37,663000,631000,1294000,original,original
2006,38,695000,662000,1357000,original,original
2006,39,712000,679000,1391000,original,original
2006,40,734000,698000,1432000,original,original
2006,41,742000,700000,1442000,original,original
2006,42,753000,714000,1467000,original,original
2006,43,748000,711000,1459000,original,original
2006,44,723000,691000,1414000,original,original
2006,45,709000,685000,1394000,original,original
2006,46,689000,667000,1356000,original,original
2006,47,668000,646000,1314000,original,original
2006,48,634000,613000,1247000,original,original
2006,49,620000,602000,1222000,original,original
2006,50,603000,589000,1192000,original,original
2006,51,584000,574000,1158000,original,original
2006,52,570000,570000,1140000,original,original
2006,53,550000,555000,1105000,original,original
2006,54,550000,557000,1107000,original,original
2006,55,539000,546000,1085000,original,original
2006,56,542000,550000,1092000,original,original
2006,57,524000,529000,1053000,original,original
2006,58,483000,485000,968000,original,original
2006,59,452000,459000,911000,original,original
2006,60,395000,402000,797000,original,original
2006,61,346000,359000,705000,original,original
2006,62,459000,475000,934000,original,original
2006,63,465000,482000,947000,original,original
2006,64,451000,471000,922000,original,original
2006,65,540000,572000,1112000,original,original
2006,66,563000,605000,1168000,original,original
2006,67,546000,595000,1141000,original,original
2006,68,503000,555000,1058000,original,original
2006,69,462000,518000,980000,original,original
2006,70,440000,505000,945000,original,original
2006,71,416000,486000,902000,original,original
2006,72,377000,450000,827000,original,original
2006,73,295000,361000,656000,original,original
2006,74,284000,358000,642000,original,original
2006,75,279000,363000,642000,original,original
2006,76,281000,379000,660000,original,original
2006,77,259000,364000,623000,original,original
2006,78,244000,355000,599000,original,original
2006,79,208000,332000,540000,original,original
2006,80,182000,327000,509000,original,original
2006,81,160000,320000,480000,original,original
2006,82,129000,294000,423000,original,original
2006,83,113000,272000,385000,original,original
2006,84,107000,262000,369000,original,original
2006,85,96000,253000,349000,original,original
2006,86,81000,225000,306000,original,original
2006,87,53000,152000,205000,original,original
2006,88,29000,87000,116000,original,original
2006,89,23000,72000,95000,original,original
2006,90,21000,68000,89000,original,original
2006,91,21000,72000,93000,original,original
2006,92,20000,74000,94000,original,original
2006,93,15000,58000,73000,original,original
2006,94,12000,45000,57000,original,original
2006,95,9000,31000,40000,original,original
2006,96,6000,23000,29000,original,original
2006,97,5000,15000,20000,original,original
2006,98,4000,10000,14000,original,original
2006,99,3000,8000,11000,original,original
2007,0,352000,333000,685000,original,original
2007,1,347000,329000,676000,original,original
2007,2,353000,336000,689000,original,original
2007,3,363000,345000,708000,original,original
2007,4,364000,346000,710000,original,original
2007,5,371000,352000,723000,original,original
2007,6,379000,360000,739000,original,original
2007,7,395000,378000,773000,original,original
2007,8,398000,377000,775000,original,original
2007,9,406000,386000,792000,original,original
2007,10,419000,398000,817000,original,original
2007,11,412000,391000,803000,original,original
2007,12,400000,380000,780000,original,original
2007,13,405000,384000,789000,original,original
2007,14,422000,400000,822000,original,original
2007,15,432000,411000,843000,original,original
2007,16,450000,428000,878000,original,original
2007,17,496000,471000,967000,original,original
2007,18,491000,469000,960000,original,original
2007,19,509000,485000,994000,original,original
2007,20,503000,480000,983000,original,original
2007,21,497000,480000,977000,original,original
2007,22,485000,471000,956000,original,original
2007,23,488000,474000,962000,original,original
2007,24,495000,483000,978000,original,original
2007,25,512000,498000,1010000,original,original
2007,26,510000,500000,1010000,original,original
2007,27,516000,505000,1021000,original,original
2007,28,493000,481000,974000,original,original
2007,29,488000,475000,963000,original,original
2007,30,484000,472000,956000,original,original
2007,31,479000,465000,944000,original,original
2007,32,468000,453000,921000,original,original
2007,33,474000,462000,936000,original,original
2007,34,480000,467000,947000,original,original
2007,35,529000,512000,1041000,original,original
2007,36,586000,564000,1150000,original,original
2007,37,615000,589000,1204000,original,original
2007,38,661000,631000,1292000,original,original
2007,39,694000,661000,1355000,original,original
2007,40,711000,679000,1390000,original,original
2007,41,732000,697000,1429000,original,original
2007,42,740000,699000,1439000,original,original
2007,43,751000,713000,1464000,original,original
2007,44,746000,710000,1456000,original,original
2007,45,721000,690000,1411000,original,original
2007,46,707000,684000,1391000,original,original
2007,47,687000,666000,1353000,original,original
2007,48,665000,645000,1310000,original,original
2007,49,631000,612000,1243000,original,original
2007,50,617000,600000,1217000,original,original
2007,51,600000,588000,1188000,original,original
2007,52,580000,573000,1153000,original,original
2007,53,566000,568000,1134000,original,original
2007,54,546000,553000,1099000,original,original
2007,55,546000,555000,1101000,original,original
2007,56,535000,544000,1079000,original,original
2007,57,537000,547000,1084000,original,original
2007,58,520000,526000,1046000,original,original
2007,59,478000,482000,960000,original,original
2007,60,447000,456000,903000,original,original
2007,61,390000,399000,789000,original,original
2007,62,341000,356000,697000,original,original
2007,63,452000,472000,924000,original,original
2007,64,458000,479000,937000,original,original
2007,65,443000,467000,910000,original,original
2007,66,530000,567000,1097000,original,original
2007,67,552000,600000,1152000,original,original
2007,68,535000,589000,1124000,original,original
2007,69,492000,549000,1041000,original,original
2007,70,451000,512000,963000,original,original
2007,71,429000,498000,927000,original,original
2007,72,404000,478000,882000,original,original
2007,73,365000,442000,807000,original,original
2007,74,285000,354000,639000,original,original
2007,75,273000,350000,623000,original,original
2007,76,266000,354000,620000,original,original
2007,77,267000,369000,636000,original,original
2007,78,245000,352000,597000,original,original
2007,79,230000,342000,572000,original,original
2007,80,194000,319000,513000,original,original
2007,81,169000,312000,481000,original,original
2007,82,147000,303000,450000,original,original
2007,83,118000,276000,394000,original,original
2007,84,102000,253000,355000,original,original
2007,85,95000,241000,336000,original,original
2007,86,85000,231000,316000,original,original
2007,87,70000,201000,271000,original,original
2007,88,45000,134000,179000,original,original
2007,89,25000,75000,100000,original,original
2007,90,19000,61000,80000,original,original
2007,91,17000,56000,73000,original,original
2007,92,16000,57000,73000,original,original
2007,93,16000,58000,74000,original,original
2007,94,12000,45000,57000,original,original
2007,95,9000,34000,43000,original,original
2007,96,7000,24000,31000,original,original
2007,97,5000,17000,22000,original,original
2007,98,4000,11000,15000,original,original
2007,99,3000,8000,11000,original,original
2008,0,350000,333000,683000,original,original
2008,1,353000,335000,688000,original,original
2008,2,348000,329000,677000,original,original
2008,3,353000,336000,689000,original,original
2008,4,363000,345000,708000,original,original
2008,5,364000,345000,709000,original,original
2008,6,370000,351000,721000,original,original
2008,7,379000,360000,739000,original,original
2008,8,395000,377000,772000,original,original
2008,9,398000,377000,775000,original,original
2008,10,406000,385000,791000,original,original
2008,11,419000,398000,817000,original,original
2008,12,412000,391000,803000,original,original
2008,13,399000,380000,779000,original,original
2008,14,405000,384000,789000,original,original
2008,15,422000,400000,822000,original,original
2008,16,432000,412000,844000,original,original
2008,17,450000,428000,878000,original,original
2008,18,497000,472000,969000,original,original
2008,19,494000,472000,966000,original,original
2008,20,513000,490000,1003000,original,original
2008,21,506000,484000,990000,original,original
2008,22,500000,483000,983000,original,original
2008,23,488000,473000,961000,original,original
2008,24,490000,475000,965000,original,original
2008,25,496000,482000,978000,original,original
2008,26,511000,497000,1008000,original,original
2008,27,509000,499000,1008000,original,original
2008,28,515000,503000,1018000,original,original
2008,29,491000,480000,971000,original,original
2008,30,486000,474000,960000,original,original
2008,31,482000,470000,952000,original,original
2008,32,476000,464000,940000,original,original
2008,33,466000,452000,918000,original,original
2008,34,472000,461000,933000,original,original
2008,35,478000,466000,944000,original,original
2008,36,526000,511000,1037000,original,original
2008,37,583000,563000,1146000,original,original
2008,38,612000,587000,1199000,original,original
2008,39,659000,630000,1289000,original,original
2008,40,691000,660000,1351000,original,original
2008,41,708000,678000,1386000,original,original
2008,42,729000,695000,1424000,original,original
2008,43,736000,697000,1433000,original,original
2008,44,747000,711000,1458000,original,original
2008,45,742000,709000,1451000,original,original
2008,46,717000,689000,1406000,original,original
2008,47,703000,682000,1385000,original,original
2008,48,683000,664000,1347000,original,original
2008,49,661000,643000,1304000,original,original
2008,50,627000,610000,1237000,original,original
2008,51,613000,599000,1212000,original,original
2008,52,596000,586000,1182000,original,original
2008,53,576000,571000,1147000,original,original
2008,54,562000,566000,1128000,original,original
2008,55,542000,551000,1093000,original,original
2008,56,542000,552000,1094000,original,original
2008,57,530000,541000,1071000,original,original
2008,58,532000,544000,1076000,original,original
2008,59,515000,523000,1038000,original,original
2008,60,472000,479000,951000,original,original
2008,61,441000,453000,894000,original,original
2008,62,384000,396000,780000,original,original
2008,63,336000,353000,689000,original,original
2008,64,445000,468000,913000,original,original
2008,65,451000,475000,926000,original,original
2008,66,435000,463000,898000,original,original
2008,67,520000,562000,1082000,original,original
2008,68,541000,594000,1135000,original,original
2008,69,523000,582000,1105000,original,original
2008,70,481000,543000,1024000,original,original
2008,71,440000,505000,945000,original,original
2008,72,416000,491000,907000,original,original
2008,73,391000,470000,861000,original,original
2008,74,352000,434000,786000,original,original
2008,75,273000,347000,620000,original,original
2008,76,261000,342000,603000,original,original
2008,77,254000,344000,598000,original,original
2008,78,253000,357000,610000,original,original
2008,79,230000,340000,570000,original,original
2008,80,215000,328000,543000,original,original
2008,81,180000,304000,484000,original,original
2008,82,155000,295000,450000,original,original
2008,83,135000,284000,419000,original,original
2008,84,106000,256000,362000,original,original
2008,85,91000,233000,324000,original,original
2008,86,84000,219000,303000,original,original
2008,87,73000,206000,279000,original,original
2008,88,60000,177000,237000,original,original
2008,89,38000,116000,154000,original,original
2008,90,20000,64000,84000,original,original
2008,91,15000,50000,65000,original,original
2008,92,13000,45000,58000,original,original
2008,93,13000,44000,57000,original,original
2008,94,12000,44000,56000,original,original
2008,95,8000,35000,43000,original,original
2008,96,5000,24000,29000,original,original
2008,97,3000,17000,20000,original,original
2008,98,2000,12000,14000,original,original
2008,99,1000,8000,9000,original,original
2009,0,341000,323000,664000,original,original
2009,1,350000,333000,683000,original,original
2009,2,353000,335000,688000,original,original
2009,3,348000,329000,677000,original,original
2009,4,353000,335000,688000,original,original
2009,5,363000,345000,708000,original,original
2009,6,364000,345000,709000,original,original
2009,7,370000,351000,721000,original,original
2009,8,379000,359000,738000,original,original
2009,9,395000,377000,772000,original,original
2009,10,398000,376000,774000,original,original
2009,11,406000,385000,791000,original,original
2009,12,419000,398000,817000,original,original
2009,13,412000,390000,802000,original,original
2009,14,399000,379000,778000,original,original
2009,15,406000,385000,791000,original,original
2009,16,422000,401000,823000,original,original
2009,17,433000,413000,846000,original,original
2009,18,451000,429000,880000,original,original
2009,19,498000,473000,971000,original,original
2009,20,497000,474000,971000,original,original
2009,21,515000,492000,1007000,original,original
2009,22,508000,486000,994000,original,original
2009,23,502000,485000,987000,original,original
2009,24,490000,475000,965000,original,original
2009,25,490000,475000,965000,original,original
2009,26,496000,482000,978000,original,original
2009,27,511000,497000,1008000,original,original
2009,28,509000,498000,1007000,original,original
2009,29,515000,503000,1018000,original,original
2009,30,490000,479000,969000,original,original
2009,31,484000,473000,957000,original,original
2009,32,481000,469000,950000,original,original
2009,33,474000,463000,937000,original,original
2009,34,464000,451000,915000,original,original
2009,35,470000,460000,930000,original,original
2009,36,476000,465000,941000,original,original
2009,37,524000,509000,1033000,original,original
2009,38,581000,561000,1142000,original,original
2009,39,609000,586000,1195000,original,original
2009,40,657000,628000,1285000,original,original
2009,41,689000,658000,1347000,original,original
2009,42,706000,676000,1382000,original,original
2009,43,726000,694000,1420000,original,original
2009,44,734000,696000,1430000,original,original
2009,45,745000,710000,1455000,original,original
2009,46,740000,707000,1447000,original,original
2009,47,714000,687000,1401000,original,original
2009,48,700000,681000,1381000,original,original
2009,49,680000,662000,1342000,original,original
2009,50,658000,641000,1299000,original,original
2009,51,624000,608000,1232000,original,original
2009,52,610000,597000,1207000,original,original
2009,53,592000,584000,1176000,original,original
2009,54,572000,569000,1141000,original,original
2009,55,558000,564000,1122000,original,original
2009,56,538000,548000,1086000,original,original
2009,57,537000,550000,1087000,original,original
2009,58,525000,539000,1064000,original,original
2009,59,527000,542000,1069000,original,original
2009,60,509000,520000,1029000,original,original
2009,61,467000,476000,943000,original,original
2009,62,436000,450000,886000,original,original
2009,63,379000,393000,772000,original,original
2009,64,331000,351000,682000,original,original
2009,65,438000,464000,902000,original,original
2009,66,443000,471000,914000,original,original
2009,67,427000,458000,885000,original,original
2009,68,510000,556000,1066000,original,original
2009,69,529000,587000,1116000,original,original
2009,70,511000,576000,1087000,original,original
2009,71,468000,535000,1003000,original,original
2009,72,427000,498000,925000,original,original
2009,73,403000,483000,886000,original,original
2009,74,377000,461000,838000,original,original
2009,75,338000,424000,762000,original,original
2009,76,262000,338000,600000,original,original
2009,77,248000,332000,580000,original,original
2009,78,240000,334000,574000,original,original
2009,79,238000,344000,582000,original,original
2009,80,216000,326000,542000,original,original
2009,81,199000,313000,512000,original,original
2009,82,166000,288000,454000,original,original
2009,83,142000,277000,419000,original,original
2009,84,122000,264000,386000,original,original
2009,85,95000,236000,331000,original,original
2009,86,80000,212000,292000,original,original
2009,87,73000,197000,270000,original,original
2009,88,63000,183000,246000,original,original
2009,89,51000,154000,205000,original,original
2009,90,31000,99000,130000,original,original
2009,91,16000,54000,70000,original,original
2009,92,12000,41000,53000,original,original
2009,93,10000,36000,46000,original,original
2009,94,10000,34000,44000,original,original
2009,95,9000,33000,42000,original,original
2009,96,6000,26000,32000,original,original
2009,97,4000,18000,22000,original,original
2009,98,2000,12000,14000,original,original
2009,99,1000,8000,9000,original,original
2010,0,339000,321000,660000,original,original
2010,1,341000,322000,663000,original,original
2010,2,350000,333000,683000,original,original
2010,3,353000,335000,688000,original,original
2010,4,348000,329000,677000,original,original
2010,5,353000,335000,688000,original,original
2010,6,363000,345000,708000,original,original
2010,7,364000,345000,709000,original,original
2010,8,370000,351000,721000,original,original
2010,9,379000,359000,738000,original,original
2010,10,395000,377000,772000,original,original
2010,11,398000,376000,774000,original,original
2010,12,406000,385000,791000,original,original
2010,13,419000,398000,817000,original,original
2010,14,412000,390000,802000,original,original
2010,15,400000,380000,780000,original,original
2010,16,407000,386000,793000,original,original
2010,17,423000,402000,825000,original,original
2010,18,434000,414000,848000,original,original
2010,19,451000,430000,881000,original,original
2010,20,500000,475000,975000,original,original
2010,21,498000,476000,974000,original,original
2010,22,517000,494000,1011000,original,original
2010,23,510000,488000,998000,original,original
2010,24,504000,487000,991000,original,original
2010,25,490000,475000,965000,original,original
2010,26,490000,474000,964000,original,original
2010,27,496000,482000,978000,original,original
2010,28,511000,496000,1007000,original,original
2010,29,509000,498000,1007000,original,original
2010,30,514000,502000,1016000,original,original
2010,31,489000,478000,967000,original,original
2010,32,484000,472000,956000,original,original
2010,33,480000,469000,949000,original,original
2010,34,474000,463000,937000,original,original
2010,35,463000,450000,913000,original,original
2010,36,469000,459000,928000,original,original
2010,37,474000,464000,938000,original,original
2010,38,523000,509000,1032000,original,original
2010,39,579000,561000,1140000,original,original
2010,40,608000,585000,1193000,original,original
2010,41,655000,628000,1283000,original,original
2010,42,687000,658000,1345000,original,original
2010,43,704000,675000,1379000,original,original
2010,44,724000,693000,1417000,original,original
2010,45,732000,695000,1427000,original,original
2010,46,743000,709000,1452000,original,original
2010,47,737000,706000,1443000,original,original
2010,48,712000,686000,1398000,original,original
2010,49,697000,679000,1376000,original,original
2010,50,677000,661000,1338000,original,original
2010,51,655000,640000,1295000,original,original
2010,52,621000,607000,1228000,original,original
2010,53,606000,595000,1201000,original,original
2010,54,589000,582000,1171000,original,original
2010,55,568000,567000,1135000,original,original
2010,56,554000,562000,1116000,original,original
2010,57,533000,546000,1079000,original,original
2010,58,533000,547000,1080000,original,original
2010,59,520000,536000,1056000,original,original
2010,60,521000,539000,1060000,original,original
2010,61,503000,517000,1020000,original,original
2010,62,461000,474000,935000,original,original
2010,63,430000,447000,877000,original,original
2010,64,374000,391000,765000,original,original
2010,65,326000,348000,674000,original,original
2010,66,431000,461000,892000,original,original
2010,67,435000,467000,902000,original,original
2010,68,419000,454000,873000,original,original
2010,69,499000,551000,1050000,original,original
2010,70,517000,581000,1098000,original,original
2010,71,498000,568000,1066000,original,original
2010,72,455000,528000,983000,original,original
2010,73,414000,490000,904000,original,original
2010,74,389000,474000,863000,original,original
2010,75,363000,451000,814000,original,original
2010,76,324000,414000,738000,original,original
2010,77,249000,329000,578000,original,original
2010,78,235000,322000,557000,original,original
2010,79,226000,322000,548000,original,original
2010,80,223000,331000,554000,original,original
2010,81,200000,311000,511000,original,original
2010,82,184000,296000,480000,original,original
2010,83,152000,270000,422000,original,original
2010,84,128000,258000,386000,original,original
2010,85,109000,244000,353000,original,original
2010,86,84000,215000,299000,original,original
2010,87,70000,190000,260000,original,original
2010,88,63000,174000,237000,original,original
2010,89,53000,160000,213000,original,original
2010,90,42000,132000,174000,original,original
2010,91,26000,83000,109000,original,original
2010,92,13000,44000,57000,original,original
2010,93,10000,33000,43000,original,original
2010,94,8000,28000,36000,original,original
2010,95,7000,26000,33000,original,original
2010,96,7000,25000,32000,original,original
2010,97,4000,19000,23000,original,original
2010,98,3000,12000,15000,original,original
2010,99,1000,8000,9000,original,original
2011,0,337000,321000,658000,original,original
2011,1,348000,331000,679000,original,original
2011,2,344000,326000,670000,original,original
2011,3,353000,336000,689000,original,original
2011,4,354000,336000,690000,original,original
2011,5,348000,329000,677000,original,original
2011,6,352000,335000,687000,original,original
2011,7,362000,344000,706000,original,original
2011,8,362000,344000,706000,original,original
2011,9,370000,350000,720000,original,original
2011,10,379000,359000,738000,original,original
2011,11,395000,376000,771000,original,original
2011,12,397000,376000,773000,original,original
2011,13,405000,385000,790000,original,original
2011,14,418000,398000,816000,original,original
2011,15,411000,390000,801000,original,original
2011,16,400000,379000,779000,original,original
2011,17,405000,384000,789000,original,original
2011,18,420000,399000,819000,original,original
2011,19,429000,410000,839000,original,original
2011,20,449000,430000,879000,original,original
2011,21,498000,477000,975000,original,original
2011,22,494000,476000,970000,original,original
2011,23,513000,492000,1005000,original,original
2011,24,507000,486000,993000,original,original
2011,25,499000,483000,982000,original,original
2011,26,484000,470000,954000,original,original
2011,27,486000,472000,958000,original,original
2011,28,490000,477000,967000,original,original
2011,29,503000,491000,994000,original,original
2011,30,498000,493000,991000,original,original
2011,31,499000,495000,994000,original,original
2011,32,477000,473000,950000,original,original
2011,33,472000,468000,940000,original,original
2011,34,470000,465000,935000,original,original
2011,35,461000,458000,919000,original,original
2011,36,450000,445000,895000,original,original
2011,37,456000,454000,910000,original,original
2011,38,462000,460000,922000,original,original
2011,39,504000,500000,1004000,original,original
2011,40,559000,551000,1110000,original,original
2011,41,582000,573000,1155000,original,original
2011,42,630000,616000,1246000,original,original
2011,43,662000,646000,1308000,original,original
2011,44,681000,666000,1347000,original,original
2011,45,704000,686000,1390000,original,original
2011,46,709000,688000,1397000,original,original
2011,47,722000,703000,1425000,original,original
2011,48,717000,699000,1416000,original,original
2011,49,693000,679000,1372000,original,original
2011,50,682000,673000,1355000,original,original
2011,51,658000,651000,1309000,original,original
2011,52,641000,634000,1275000,original,original
2011,53,605000,600000,1205000,original,original
2011,54,591000,588000,1179000,original,original
2011,55,573000,574000,1147000,original,original
2011,56,552000,560000,1112000,original,original
2011,57,538000,555000,1093000,original,original
2011,58,518000,539000,1057000,original,original
2011,59,516000,539000,1055000,original,original
2011,60,505000,529000,1034000,original,original
2011,61,504000,529000,1033000,original,original
2011,62,488000,510000,998000,original,original
2011,63,446000,465000,911000,original,original
2011,64,416000,439000,855000,original,original
2011,65,361000,383000,744000,original,original
2011,66,312000,340000,652000,original,original
2011,67,416000,452000,868000,original,original
2011,68,420000,457000,877000,original,original
2011,69,403000,443000,846000,original,original
2011,70,481000,540000,1021000,original,original
2011,71,497000,568000,1065000,original,original
2011,72,480000,558000,1038000,original,original
2011,73,437000,516000,953000,original,original
2011,74,397000,479000,876000,original,original
2011,75,371000,460000,831000,original,original
2011,76,344000,438000,782000,original,original
2011,77,306000,400000,706000,original,original
2011,78,234000,316000,550000,original,original
2011,79,219000,309000,528000,original,original
2011,80,209000,307000,516000,original,original
2011,81,203000,314000,517000,original,original
2011,82,182000,294000,476000,original,original
2011,83,164000,277000,441000,original,original
2011,84,134000,250000,384000,original,original
2011,85,112000,236000,348000,original,original
2011,86,93000,221000,314000,original,original
2011,87,70000,191000,261000,original,original
2011,88,57000,168000,225000,original,original
2011,89,50000,150000,200000,original,original
2011,90,41000,133000,174000,original,original
2011,91,31000,109000,140000,original,original
2011,92,18000,68000,86000,original,original
2011,93,9000,34000,43000,original,original
2011,94,6000,26000,32000,original,original
2011,95,5000,21000,26000,original,original
2011,96,4000,20000,24000,original,original
2011,97,4000,19000,23000,original,original
2011,98,2000,13000,15000,original,original
2011,99,1000,9000,10000,original,original
2012,0,346000,328000,674000,original,original
2012,1,341000,324000,665000,original,original
2012,2,351000,334000,685000,original,original
2012,3,346000,328000,674000,original,original
2012,4,356000,338000,694000,original,original
2012,5,356000,337000,693000,original,original
2012,6,349000,331000,680000,original,original
2012,7,354000,336000,690000,original,original
2012,8,364000,345000,709000,original,original
2012,9,364000,346000,710000,original,original
2012,10,371000,352000,723000,original,original
2012,11,381000,360000,741000,original,original
2012,12,397000,377000,774000,original,original
2012,13,399000,378000,777000,original,original
2012,14,407000,387000,794000,original,original
2012,15,420000,399000,819000,original,original
2012,16,414000,392000,806000,original,original
2012,17,402000,381000,783000,original,original
2012,18,409000,388000,797000,original,original
2012,19,427000,406000,833000,original,original
2012,20,437000,418000,855000,original,original
2012,21,458000,438000,896000,original,original
2012,22,507000,485000,992000,original,original
2012,23,504000,484000,988000,original,original
2012,24,523000,500000,1023000,original,original
2012,25,516000,493000,1009000,original,original
2012,26,508000,490000,998000,original,original
2012,27,493000,476000,969000,original,original
2012,28,493000,477000,970000,original,original
2012,29,496000,482000,978000,original,original
2012,30,509000,495000,1004000,original,original
2012,31,504000,496000,1000000,original,original
2012,32,504000,499000,1003000,original,original
2012,33,482000,477000,959000,original,original
2012,34,477000,471000,948000,original,original
2012,35,474000,467000,941000,original,original
2012,36,465000,461000,926000,original,original
2012,37,454000,448000,902000,original,original
2012,38,460000,457000,917000,original,original
2012,39,465000,462000,927000,original,original
2012,40,508000,502000,1010000,original,original
2012,41,562000,553000,1115000,original,original
2012,42,584000,575000,1159000,original,original
2012,43,632000,617000,1249000,original,original
2012,44,664000,648000,1312000,original,original
2012,45,683000,667000,1350000,original,original
2012,46,704000,686000,1390000,original,original
2012,47,709000,688000,1397000,original,original
2012,48,722000,703000,1425000,original,original
2012,49,716000,699000,1415000,original,original
2012,50,692000,679000,1371000,original,original
2012,51,680000,672000,1352000,original,original
2012,52,657000,651000,1308000,original,original
2012,53,639000,633000,1272000,original,original
2012,54,603000,599000,1202000,original,original
2012,55,588000,587000,1175000,original,original
2012,56,570000,573000,1143000,original,original
2012,57,549000,559000,1108000,original,original
2012,58,534000,553000,1087000,original,original
2012,59,513000,537000,1050000,original,original
2012,60,512000,537000,1049000,original,original
2012,61,500000,526000,1026000,original,original
2012,62,498000,526000,1024000,original,original
2012,63,482000,507000,989000,original,original
2012,64,440000,462000,902000,original,original
2012,65,409000,435000,844000,original,original
2012,66,354000,380000,734000,original,original
2012,67,306000,337000,643000,original,original
2012,68,408000,447000,855000,original,original
2012,69,411000,452000,863000,original,original
2012,70,394000,438000,832000,original,original
2012,71,470000,533000,1003000,original,original
2012,72,484000,560000,1044000,original,original
2012,73,466000,550000,1016000,original,original
2012,74,424000,507000,931000,original,original
2012,75,383000,470000,853000,original,original
2012,76,357000,450000,807000,original,original
2012,77,330000,427000,757000,original,original
2012,78,291000,388000,679000,original,original
2012,79,221000,306000,527000,original,original
2012,80,206000,297000,503000,original,original
2012,81,194000,293000,487000,original,original
2012,82,188000,298000,486000,original,original
2012,83,167000,277000,444000,original,original
2012,84,149000,258000,407000,original,original
2012,85,120000,231000,351000,original,original
2012,86,99000,215000,314000,original,original
2012,87,81000,199000,280000,original,original
2012,88,60000,169000,229000,original,original
2012,89,48000,146000,194000,original,original
2012,90,41000,128000,169000,original,original
2012,91,33000,111000,144000,original,original
2012,92,25000,89000,114000,original,original
2012,93,14000,54000,68000,original,original
2012,94,6000,27000,33000,original,original
2012,95,4000,19000,23000,original,original
2012,96,3000,16000,19000,original,original
2012,97,3000,15000,18000,original,original
2012,98,2000,13000,15000,original,original
2012,99,2000,9000,11000,original,original
2013,0,350000,333000,683000,original,original
2013,1,351000,333000,684000,original,original
2013,2,345000,328000,673000,original,original
2013,3,354000,337000,691000,original,original
2013,4,349000,331000,680000,original,original
2013,5,358000,341000,699000,original,original
2013,6,358000,339000,697000,original,original
2013,7,352000,333000,685000,original,original
2013,8,356000,338000,694000,original,original
2013,9,366000,347000,713000,original,original
2013,10,366000,348000,714000,original,original
2013,11,373000,354000,727000,original,original
2013,12,383000,362000,745000,original,original
2013,13,399000,379000,778000,original,original
2013,14,401000,379000,780000,original,original
2013,15,409000,389000,798000,original,original
2013,16,423000,401000,824000,original,original
2013,17,417000,394000,811000,original,original
2013,18,408000,385000,793000,original,original
2013,19,419000,395000,814000,original,original
2013,20,437000,416000,853000,original,original
2013,21,446000,427000,873000,original,original
2013,22,468000,447000,915000,original,original
2013,23,519000,494000,1013000,original,original
2013,24,516000,493000,1009000,original,original
2013,25,534000,508000,1042000,original,original
2013,26,526000,500000,1026000,original,original
2013,27,518000,496000,1014000,original,original
2013,28,501000,481000,982000,original,original
2013,29,501000,482000,983000,original,original
2013,30,503000,487000,990000,original,original
2013,31,515000,500000,1015000,original,original
2013,32,509000,500000,1009000,original,original
2013,33,510000,503000,1013000,original,original
2013,34,487000,480000,967000,original,original
2013,35,482000,474000,956000,original,original
2013,36,479000,471000,950000,original,original
2013,37,469000,464000,933000,original,original
2013,38,458000,451000,909000,original,original
2013,39,463000,459000,922000,original,original
2013,40,468000,464000,932000,original,original
2013,41,511000,504000,1015000,original,original
2013,42,565000,555000,1120000,original,original
2013,43,587000,577000,1164000,original,original
2013,44,634000,619000,1253000,original,original
2013,45,665000,649000,1314000,original,original
2013,46,684000,668000,1352000,original,original
2013,47,705000,687000,1392000,original,original
2013,48,709000,688000,1397000,original,original
2013,49,722000,703000,1425000,original,original
2013,50,716000,699000,1415000,original,original
2013,51,691000,679000,1370000,original,original
2013,52,679000,672000,1351000,original,original
2013,53,655000,650000,1305000,original,original
2013,54,637000,633000,1270000,original,original
2013,55,600000,598000,1198000,original,original
2013,56,585000,586000,1171000,original,original
2013,57,566000,571000,1137000,original,original
2013,58,545000,557000,1102000,original,original
2013,59,529000,551000,1080000,original,original
2013,60,509000,535000,1044000,original,original
2013,61,506000,534000,1040000,original,original
2013,62,495000,523000,1018000,original,original
2013,63,492000,522000,1014000,original,original
2013,64,475000,503000,978000,original,original
2013,65,433000,458000,891000,original,original
2013,66,403000,431000,834000,original,original
2013,67,348000,376000,724000,original,original
2013,68,300000,333000,633000,original,original
2013,69,399000,442000,841000,original,original
2013,70,402000,447000,849000,original,original
2013,71,385000,432000,817000,original,original
2013,72,458000,526000,984000,original,original
2013,73,471000,552000,1023000,original,original
2013,74,452000,541000,993000,original,original
2013,75,410000,498000,908000,original,original
2013,76,369000,460000,829000,original,original
2013,77,342000,439000,781000,original,original
2013,78,314000,415000,729000,original,original
2013,79,276000,376000,652000,original,original
2013,80,208000,294000,502000,original,original
2013,81,192000,284000,476000,original,original
2013,82,180000,279000,459000,original,original
2013,83,172000,281000,453000,original,original
2013,84,151000,258000,409000,original,original
2013,85,133000,239000,372000,original,original
2013,86,106000,211000,317000,original,original
2013,87,86000,194000,280000,original,original
2013,88,69000,176000,245000,original,original
2013,89,50000,147000,197000,original,original
2013,90,39000,124000,163000,original,original
2013,91,33000,107000,140000,original,original
2013,92,26000,91000,117000,original,original
2013,93,19000,71000,90000,original,original
2013,94,10000,42000,52000,original,original
2013,95,5000,20000,25000,original,original
2013,96,3000,14000,17000,original,original
2013,97,2000,11000,13000,original,original
2013,98,2000,10000,12000,original,original
2013,99,2000,9000,11000,original,original
2014,0,368000,349000,717000,original,original
2014,1,357000,339000,696000,original,original
2014,2,356000,338000,694000,original,original
2014,3,349000,332000,681000,original,original
2014,4,358000,341000,699000,original,original
2014,5,353000,335000,688000,original,original
2014,6,362000,344000,706000,original,original
2014,7,362000,343000,705000,original,original
2014,8,355000,336000,691000,original,original
2014,9,360000,342000,702000,original,original
2014,10,369000,351000,720000,original,original
2014,11,370000,351000,721000,original,original
2014,12,376000,357000,733000,original,original
2014,13,386000,365000,751000,original,original
2014,14,402000,382000,784000,original,original
2014,15,405000,382000,787000,original,original
2014,16,414000,392000,806000,original,original
2014,17,428000,404000,832000,original,original
2014,18,427000,400000,827000,original,original
2014,19,421000,394000,815000,original,original
2014,20,433000,406000,839000,original,original
2014,21,450000,425000,875000,original,original
2014,22,460000,436000,896000,original,original
2014,23,482000,457000,939000,original,original
2014,24,533000,504000,1037000,original,original
2014,25,529000,502000,1031000,original,original
2014,26,547000,515000,1062000,original,original
2014,27,537000,507000,1044000,original,original
2014,28,528000,503000,1031000,original,original
2014,29,511000,488000,999000,original,original
2014,30,510000,488000,998000,original,original
2014,31,511000,492000,1003000,original,original
2014,32,522000,505000,1027000,original,original
2014,33,516000,505000,1021000,original,original
2014,34,517000,508000,1025000,original,original
2014,35,493000,485000,978000,original,original
2014,36,487000,478000,965000,original,original
2014,37,484000,474000,958000,original,original
2014,38,474000,467000,941000,original,original
2014,39,462000,454000,916000,original,original
2014,40,468000,463000,931000,original,original
2014,41,472000,467000,939000,original,original
2014,42,514000,507000,1021000,original,original
2014,43,568000,558000,1126000,original,original
2014,44,590000,579000,1169000,original,original
2014,45,637000,621000,1258000,original,original
2014,46,667000,651000,1318000,original,original
2014,47,685000,669000,1354000,original,original
2014,48,706000,688000,1394000,original,original
2014,49,709000,689000,1398000,original,original
2014,50,722000,704000,1426000,original,original
2014,51,714000,699000,1413000,original,original
2014,52,689000,679000,1368000,original,original
2014,53,677000,671000,1348000,original,original
2014,54,652000,649000,1301000,original,original
2014,55,634000,632000,1266000,original,original
2014,56,597000,597000,1194000,original,original
2014,57,582000,584000,1166000,original,original
2014,58,563000,570000,1133000,original,original
2014,59,540000,555000,1095000,original,original
2014,60,524000,548000,1072000,original,original
2014,61,503000,532000,1035000,original,original
2014,62,500000,531000,1031000,original,original
2014,63,488000,520000,1008000,original,original
2014,64,486000,519000,1005000,original,original
2014,65,468000,500000,968000,original,original
2014,66,426000,454000,880000,original,original
2014,67,396000,427000,823000,original,original
2014,68,342000,372000,714000,original,original
2014,69,294000,330000,624000,original,original
2014,70,391000,437000,828000,original,original
2014,71,393000,442000,835000,original,original
2014,72,375000,426000,801000,original,original
2014,73,445000,518000,963000,original,original
2014,74,457000,543000,1000000,original,original
2014,75,437000,531000,968000,original,original
2014,76,395000,488000,883000,original,original
2014,77,354000,449000,803000,original,original
2014,78,327000,427000,754000,original,original
2014,79,299000,403000,702000,original,original
2014,80,260000,362000,622000,original,original
2014,81,195000,282000,477000,original,original
2014,82,178000,271000,449000,original,original
2014,83,165000,263000,428000,original,original
2014,84,156000,263000,419000,original,original
2014,85,136000,240000,376000,original,original
2014,86,118000,219000,337000,original,original
2014,87,93000,191000,284000,original,original
2014,88,74000,174000,248000,original,original
2014,89,59000,155000,214000,original,original
2014,90,42000,127000,169000,original,original
2014,91,32000,105000,137000,original,original
2014,92,26000,88000,114000,original,original
2014,93,20000,73000,93000,original,original
2014,94,14000,56000,70000,original,original
2014,95,8000,32000,40000,original,original
2014,96,3000,15000,18000,original,original
2014,97,2000,10000,12000,original,original
2014,98,2000,8000,10000,original,original
2014,99,1000,7000,8000,original,original
2015,0,383000,362000,745000,original,original
2015,1,380000,360000,740000,original,original
2015,2,368000,348000,716000,original,original
2015,3,367000,347000,714000,original,original
2015,4,359000,340000,699000,original,original
2015,5,368000,349000,717000,original,original
2015,6,362000,342000,704000,original,original
2015,7,371000,352000,723000,original,original
2015,8,371000,350000,721000,original,original
2015,9,364000,343000,707000,original,original
2015,10,368000,348000,716000,original,original
2015,11,377000,357000,734000,original,original
2015,12,377000,357000,734000,original,original
2015,13,384000,362000,746000,original,original
2015,14,395000,370000,765000,original,original
2015,15,414000,388000,802000,original,original
2015,16,423000,388000,811000,original,original
2015,17,433000,398000,831000,original,original
2015,18,460000,414000,874000,original,original
2015,19,459000,413000,872000,original,original
2015,20,455000,410000,865000,original,original
2015,21,463000,420000,883000,original,original
2015,22,480000,438000,918000,original,original
2015,23,490000,450000,940000,original,original
2015,24,511000,471000,982000,original,original
2015,25,564000,517000,1081000,original,original
2015,26,555000,514000,1069000,original,original
2015,27,572000,527000,1099000,original,original
2015,28,560000,518000,1078000,original,original
2015,29,548000,512000,1060000,original,original
2015,30,530000,498000,1028000,original,original
2015,31,526000,497000,1023000,original,original
2015,32,526000,501000,1027000,original,original
2015,33,536000,513000,1049000,original,original
2015,34,529000,512000,1041000,original,original
2015,35,531000,515000,1046000,original,original
2015,36,504000,492000,996000,original,original
2015,37,497000,485000,982000,original,original
2015,38,493000,480000,973000,original,original
2015,39,482000,472000,954000,original,original
2015,40,471000,460000,931000,original,original
2015,41,475000,468000,943000,original,original
2015,42,479000,472000,951000,original,original
2015,43,520000,511000,1031000,original,original
2015,44,574000,561000,1135000,original,original
2015,45,595000,582000,1177000,original,original
2015,46,641000,624000,1265000,original,original
2015,47,671000,654000,1325000,original,original
2015,48,688000,672000,1360000,original,original
2015,49,707000,689000,1396000,original,original
2015,50,710000,690000,1400000,original,original
2015,51,722000,704000,1426000,original,original
2015,52,714000,699000,1413000,original,original
2015,53,689000,679000,1368000,original,original
2015,54,676000,671000,1347000,original,original
2015,55,651000,649000,1300000,original,original
2015,56,631000,631000,1262000,original,original
2015,57,594000,596000,1190000,original,original
2015,58,578000,583000,1161000,original,original
2015,59,558000,568000,1126000,original,original
2015,60,536000,553000,1089000,original,original
2015,61,519000,546000,1065000,original,original
2015,62,498000,530000,1028000,original,original
2015,63,494000,528000,1022000,original,original
2015,64,482000,516000,998000,original,original
2015,65,478000,515000,993000,original,original
2015,66,461000,495000,956000,original,original
2015,67,419000,450000,869000,original,original
2015,68,388000,423000,811000,original,original
2015,69,334000,368000,702000,original,original
2015,70,288000,326000,614000,original,original
2015,71,381000,431000,812000,original,original
2015,72,382000,435000,817000,original,original
2015,73,365000,420000,785000,original,original
2015,74,431000,510000,941000,original,original
2015,75,441000,533000,974000,original,original
2015,76,421000,520000,941000,original,original
2015,77,379000,476000,855000,original,original
2015,78,338000,437000,775000,original,original
2015,79,310000,414000,724000,original,original
2015,80,282000,388000,670000,original,original
2015,81,244000,347000,591000,original,original
2015,82,180000,268000,448000,original,original
2015,83,164000,255000,419000,original,original
2015,84,150000,246000,396000,original,original
2015,85,140000,244000,384000,original,original
2015,86,120000,220000,340000,original,original
2015,87,103000,198000,301000,original,original
2015,88,80000,170000,250000,original,original
2015,89,62000,152000,214000,original,original
2015,90,48000,132000,180000,original,original
2015,91,34000,107000,141000,original,original
2015,92,25000,86000,111000,original,original
2015,93,20000,70000,90000,original,original
2015,94,14000,57000,71000,original,original
2015,95,10000,42000,52000,original,original
2015,96,5000,24000,29000,original,original
2015,97,2000,11000,13000,original,original
2015,98,1000,7000,8000,original,original
2015,99,1000,5000,6000,original,original
2016,0,404000,385000,789000,original,original
2016,1,392000,371000,763000,original,original
2016,2,387000,366000,753000,original,original
2016,3,374000,353000,727000,original,original
2016,4,373000,352000,725000,original,original
2016,5,364000,345000,709000,original,original
2016,6,373000,353000,726000,original,original
2016,7,368000,347000,715000,original,original
2016,8,377000,357000,734000,original,original
2016,9,375000,354000,729000,original,original
2016,10,369000,347000,716000,original,original
2016,11,373000,352000,725000,original,original
2016,12,381000,360000,741000,original,original
2016,13,382000,360000,742000,original,original
2016,14,389000,365000,754000,original,original
2016,15,401000,373000,774000,original,original
2016,16,425000,392000,817000,original,original
2016,17,438000,392000,830000,original,original
2016,18,449000,404000,853000,original,original
2016,19,474000,424000,898000,original,original
2016,20,472000,425000,897000,original,original
2016,21,464000,419000,883000,original,original
2016,22,472000,428000,900000,original,original
2016,23,489000,447000,936000,original,original
2016,24,498000,459000,957000,original,original
2016,25,518000,478000,996000,original,original
2016,26,570000,524000,1094000,original,original
2016,27,561000,521000,1082000,original,original
2016,28,576000,533000,1109000,original,original
2016,29,563000,523000,1086000,original,original
2016,30,550000,518000,1068000,original,original
2016,31,533000,503000,1036000,original,original
2016,32,528000,502000,1030000,original,original
2016,33,527000,505000,1032000,original,original
2016,34,538000,517000,1055000,original,original
2016,35,530000,516000,1046000,original,original
2016,36,531000,519000,1050000,original,original
2016,37,505000,495000,1000000,original,original
2016,38,498000,488000,986000,original,original
2016,39,494000,483000,977000,original,original
2016,40,483000,475000,958000,original,original
2016,41,471000,462000,933000,original,original
2016,42,475000,470000,945000,original,original
2016,43,479000,474000,953000,original,original
2016,44,520000,512000,1032000,original,original
2016,45,573000,563000,1136000,original,original
2016,46,594000,584000,1178000,original,original
2016,47,639000,625000,1264000,original,original
2016,48,670000,654000,1324000,original,original
2016,49,686000,672000,1358000,original,original
2016,50,705000,689000,1394000,original,original
2016,51,708000,690000,1398000,original,original
2016,52,719000,703000,1422000,original,original
2016,53,711000,698000,1409000,original,original
2016,54,685000,677000,1362000,original,original
2016,55,671000,669000,1340000,original,original
2016,56,646000,647000,1293000,original,original
2016,57,626000,628000,1254000,original,original
2016,58,589000,593000,1182000,original,original
2016,59,572000,580000,1152000,original,original
2016,60,552000,565000,1117000,original,original
2016,61,530000,550000,1080000,original,original
2016,62,513000,542000,1055000,original,original
2016,63,491000,526000,1017000,original,original
2016,64,487000,524000,1011000,original,original
2016,65,474000,512000,986000,original,original
2016,66,470000,511000,981000,original,original
2016,67,452000,491000,943000,original,original
2016,68,411000,445000,856000,original,original
2016,69,380000,418000,798000,original,original
2016,70,327000,364000,691000,original,original
2016,71,280000,321000,601000,original,original
2016,72,371000,425000,796000,original,original
2016,73,372000,429000,801000,original,original
2016,74,354000,413000,767000,original,original
2016,75,417000,500000,917000,original,original
2016,76,425000,522000,947000,original,original
2016,77,404000,508000,912000,original,original
2016,78,362000,464000,826000,original,original
2016,79,322000,424000,746000,original,original
2016,80,293000,399000,692000,original,original
2016,81,264000,372000,636000,original,original
2016,82,227000,331000,558000,original,original
2016,83,166000,254000,420000,original,original
2016,84,149000,240000,389000,original,original
2016,85,135000,229000,364000,original,original
2016,86,124000,224000,348000,original,original
2016,87,105000,199000,304000,original,original
2016,88,88000,176000,264000,original,original
2016,89,67000,149000,216000,original,original
2016,90,52000,131000,183000,original,original
2016,91,39000,112000,151000,original,original
2016,92,27000,88000,115000,original,original
2016,93,19000,69000,88000,original,original
2016,94,15000,55000,70000,original,original
2016,95,10000,44000,54000,original,original
2016,96,7000,31000,38000,original,original
2016,97,4000,17000,21000,original,original
2016,98,1000,8000,9000,original,original
2016,99,1000,5000,6000,original,original
2017,0,403000,383000,786000,original,original
2017,1,408000,388000,796000,original,original
2017,2,396000,375000,771000,original,original
2017,3,391000,370000,761000,original,original
2017,4,377000,357000,734000,original,original
2017,5,376000,356000,732000,original,original
2017,6,368000,348000,716000,original,original
2017,7,376000,356000,732000,original,original
2017,8,371000,350000,721000,original,original
2017,9,381000,360000,741000,original,original
2017,10,379000,357000,736000,original,original
2017,11,372000,350000,722000,original,original
2017,12,376000,355000,731000,original,original
2017,13,384000,363000,747000,original,original
2017,14,385000,363000,748000,original,original
2017,15,392000,368000,760000,original,original
2017,16,406000,376000,782000,original,original
2017,17,429000,395000,824000,original,original
2017,18,445000,397000,842000,original,original
2017,19,459000,413000,872000,original,original
2017,20,484000,435000,919000,original,original
2017,21,480000,434000,914000,original,original
2017,22,472000,428000,900000,original,original
2017,23,481000,438000,919000,original,original
2017,24,497000,455000,952000,original,original
2017,25,505000,466000,971000,original,original
2017,26,524000,485000,1009000,original,original
2017,27,575000,531000,1106000,original,original
2017,28,565000,527000,1092000,original,original
2017,29,580000,539000,1119000,original,original
2017,30,566000,528000,1094000,original,original
2017,31,553000,523000,1076000,original,original
2017,32,536000,508000,1044000,original,original
2017,33,531000,506000,1037000,original,original
2017,34,530000,509000,1039000,original,original
2017,35,540000,520000,1060000,original,original
2017,36,532000,519000,1051000,original,original
2017,37,534000,523000,1057000,original,original
2017,38,507000,498000,1005000,original,original
2017,39,500000,491000,991000,original,original
2017,40,496000,486000,982000,original,original
2017,41,485000,478000,963000,original,original
2017,42,473000,464000,937000,original,original
2017,43,477000,472000,949000,original,original
2017,44,480000,476000,956000,original,original
2017,45,521000,514000,1035000,original,original
2017,46,574000,564000,1138000,original,original
2017,47,595000,585000,1180000,original,original
2017,48,640000,626000,1266000,original,original
2017,49,669000,655000,1324000,original,original
2017,50,686000,672000,1358000,original,original
2017,51,703000,689000,1392000,original,original
2017,52,706000,689000,1395000,original,original
2017,53,716000,703000,1419000,original,original
2017,54,707000,697000,1404000,original,original
2017,55,681000,676000,1357000,original,original
2017,56,667000,668000,1335000,original,original
2017,57,642000,645000,1287000,original,original
2017,58,622000,626000,1248000,original,original
2017,59,584000,591000,1175000,original,original
2017,60,567000,577000,1144000,original,original
2017,61,547000,562000,1109000,original,original
2017,62,524000,546000,1070000,original,original
2017,63,506000,539000,1045000,original,original
2017,64,484000,522000,1006000,original,original
2017,65,479000,520000,999000,original,original
2017,66,466000,508000,974000,original,original
2017,67,462000,506000,968000,original,original
2017,68,443000,486000,929000,original,original
2017,69,402000,440000,842000,original,original
2017,70,372000,413000,785000,original,original
2017,71,319000,358000,677000,original,original
2017,72,273000,316000,589000,original,original
2017,73,361000,418000,779000,original,original
2017,74,361000,421000,782000,original,original
2017,75,342000,405000,747000,original,original
2017,76,402000,490000,892000,original,original
2017,77,408000,510000,918000,original,original
2017,78,387000,495000,882000,original,original
2017,79,345000,450000,795000,original,original
2017,80,304000,409000,713000,original,original
2017,81,276000,383000,659000,original,original
2017,82,246000,355000,601000,original,original
2017,83,209000,313000,522000,original,original
2017,84,152000,238000,390000,original,original
2017,85,134000,222000,356000,original,original
2017,86,120000,210000,330000,original,original
2017,87,109000,203000,312000,original,original
2017,88,90000,178000,268000,original,original
2017,89,75000,155000,230000,original,original
2017,90,55000,129000,184000,original,original
2017,91,42000,110000,152000,original,original
2017,92,31000,92000,123000,original,original
2017,93,20000,70000,90000,original,original
2017,94,14000,54000,68000,original,original
2017,95,11000,41000,52000,original,original
2017,96,7000,32000,39000,original,original
2017,97,5000,22000,27000,original,original
2017,98,2000,12000,14000,original,original
2017,99,1000,5000,6000,original,original
2018,0,402000,382000,784000,original,original
2018,1,408000,388000,796000,original,original
2018,2,411000,392000,803000,original,original
2018,3,399000,378000,777000,original,original
2018,4,394000,373000,767000,original,original
2018,5,380000,360000,740000,original,original
2018,6,379000,358000,737000,original,original
2018,7,370000,350000,720000,original,original
2018,8,379000,359000,738000,original,original
2018,9,374000,353000,727000,original,original
2018,10,383000,363000,746000,original,original
2018,11,382000,360000,742000,original,original
2018,12,375000,352000,727000,original,original
2018,13,378000,357000,735000,original,original
2018,14,387000,365000,752000,original,original
2018,15,387000,365000,752000,original,original
2018,16,396000,371000,767000,original,original
2018,17,409000,379000,788000,original,original
2018,18,436000,400000,836000,original,original
2018,19,455000,407000,862000,original,original
2018,20,468000,424000,892000,original,original
2018,21,491000,443000,934000,original,original
2018,22,487000,442000,929000,original,original
2018,23,480000,437000,917000,original,original
2018,24,489000,446000,935000,original,original
2018,25,504000,463000,967000,original,original
2018,26,512000,473000,985000,original,original
2018,27,530000,492000,1022000,original,original
2018,28,580000,536000,1116000,original,original
2018,29,570000,532000,1102000,original,original
2018,30,584000,543000,1127000,original,original
2018,31,570000,533000,1103000,original,original
2018,32,557000,527000,1084000,original,original
2018,33,539000,512000,1051000,original,original
2018,34,534000,510000,1044000,original,original
2018,35,533000,512000,1045000,original,original
2018,36,542000,524000,1066000,original,original
2018,37,534000,522000,1056000,original,original
2018,38,535000,525000,1060000,original,original
2018,39,509000,500000,1009000,original,original
2018,40,502000,493000,995000,original,original
2018,41,497000,488000,985000,original,original
2018,42,486000,480000,966000,original,original
2018,43,475000,467000,942000,original,original
2018,44,479000,474000,953000,original,original
2018,45,481000,478000,959000,original,original
2018,46,522000,516000,1038000,original,original
2018,47,574000,566000,1140000,original,original
2018,48,595000,586000,1181000,original,original
2018,49,639000,626000,1265000,original,original
2018,50,669000,655000,1324000,original,original
2018,51,684000,672000,1356000,original,original
2018,52,701000,688000,1389000,original,original
2018,53,703000,689000,1392000,original,original
2018,54,713000,701000,1414000,original,original
2018,55,704000,695000,1399000,original,original
2018,56,678000,674000,1352000,original,original
2018,57,663000,665000,1328000,original,original
2018,58,637000,643000,1280000,original,original
2018,59,616000,623000,1239000,original,original
2018,60,579000,588000,1167000,original,original
2018,61,561000,574000,1135000,original,original
2018,62,540000,559000,1099000,original,original
2018,63,517000,543000,1060000,original,original
2018,64,499000,535000,1034000,original,original
2018,65,476000,518000,994000,original,original
2018,66,471000,515000,986000,original,original
2018,67,457000,503000,960000,original,original
2018,68,453000,500000,953000,original,original
2018,69,434000,480000,914000,original,original
2018,70,393000,434000,827000,original,original
2018,71,363000,408000,771000,original,original
2018,72,310000,353000,663000,original,original
2018,73,265000,311000,576000,original,original
2018,74,350000,411000,761000,original,original
2018,75,348000,413000,761000,original,original
2018,76,330000,396000,726000,original,original
2018,77,386000,479000,865000,original,original
2018,78,390000,497000,887000,original,original
2018,79,368000,481000,849000,original,original
2018,80,326000,435000,761000,original,original
2018,81,286000,393000,679000,original,original
2018,82,257000,366000,623000,original,original
2018,83,227000,336000,563000,original,original
2018,84,191000,294000,485000,original,original
2018,85,137000,221000,358000,original,original
2018,86,119000,204000,323000,original,original
2018,87,105000,190000,295000,original,original
2018,88,94000,181000,275000,original,original
2018,89,76000,156000,232000,original,original
2018,90,61000,133000,194000,original,original
2018,91,45000,108000,153000,original,original
2018,92,33000,90000,123000,original,original
2018,93,23000,73000,96000,original,original
2018,94,15000,55000,70000,original,original
2018,95,10000,41000,51000,original,original
2018,96,7000,30000,37000,original,original
2018,97,5000,23000,28000,original,original
2018,98,3000,15000,18000,original,original
2018,99,2000,8000,10000,original,original
2019,0,398000,377000,775000,original,original
2019,1,407000,387000,794000,original,original
2019,2,412000,391000,803000,original,original
2019,3,414000,394000,808000,original,original
2019,4,402000,380000,782000,original,original
2019,5,396000,375000,771000,original,original
2019,6,382000,362000,744000,original,original
2019,7,382000,360000,742000,original,original
2019,8,373000,353000,726000,original,original
2019,9,382000,362000,744000,original,original
2019,10,377000,356000,733000,original,original
2019,11,386000,366000,752000,original,original
2019,12,384000,362000,746000,original,original
2019,13,377000,355000,732000,original,original
2019,14,381000,360000,741000,original,original
2019,15,389000,367000,756000,original,original
2019,16,390000,367000,757000,original,original
2019,17,399000,373000,772000,original,original
2019,18,415000,384000,799000,original,original
2019,19,445000,409000,854000,original,original
2019,20,463000,416000,879000,original,original
2019,21,475000,431000,906000,original,original
2019,22,498000,450000,948000,original,original
2019,23,494000,450000,944000,original,original
2019,24,487000,444000,931000,original,original
2019,25,494000,453000,947000,original,original
2019,26,509000,469000,978000,original,original
2019,27,516000,479000,995000,original,original
2019,28,534000,496000,1030000,original,original
2019,29,583000,541000,1124000,original,original
2019,30,573000,536000,1109000,original,original
2019,31,586000,547000,1133000,original,original
2019,32,572000,537000,1109000,original,original
2019,33,559000,530000,1089000,original,original
2019,34,540000,515000,1055000,original,original
2019,35,535000,513000,1048000,original,original
2019,36,534000,515000,1049000,original,original
2019,37,543000,526000,1069000,original,original
2019,38,535000,525000,1060000,original,original
2019,39,536000,528000,1064000,original,original
2019,40,509000,502000,1011000,original,original
2019,41,502000,495000,997000,original,original
2019,42,498000,490000,988000,original,original
2019,43,487000,482000,969000,original,original
2019,44,475000,468000,943000,original,original
2019,45,479000,476000,955000,original,original
2019,46,481000,479000,960000,original,original
2019,47,522000,517000,1039000,original,original
2019,48,573000,566000,1139000,original,original
2019,49,593000,586000,1179000,original,original
2019,50,638000,626000,1264000,original,original
2019,51,666000,655000,1321000,original,original
2019,52,682000,671000,1353000,original,original
2019,53,698000,687000,1385000,original,original
2019,54,700000,687000,1387000,original,original
2019,55,709000,700000,1409000,original,original
2019,56,700000,693000,1393000,original,original
2019,57,673000,672000,1345000,original,original
2019,58,657000,663000,1320000,original,original
2019,59,632000,640000,1272000,original,original
2019,60,610000,620000,1230000,original,original
2019,61,572000,585000,1157000,original,original
2019,62,554000,571000,1125000,original,original
2019,63,533000,555000,1088000,original,original
2019,64,509000,539000,1048000,original,original
2019,65,491000,530000,1021000,original,original
2019,66,468000,513000,981000,original,original
2019,67,462000,510000,972000,original,original
2019,68,448000,498000,946000,original,original
2019,69,443000,495000,938000,original,original
2019,70,424000,474000,898000,original,original
2019,71,383000,428000,811000,original,original
2019,72,353000,401000,754000,original,original
2019,73,301000,347000,648000,original,original
2019,74,257000,305000,562000,original,original
2019,75,338000,403000,741000,original,original
2019,76,336000,404000,740000,original,original
2019,77,317000,387000,704000,original,original
2019,78,370000,466000,836000,original,original
2019,79,372000,483000,855000,original,original
2019,80,349000,465000,814000,original,original
2019,81,307000,419000,726000,original,original
2019,82,267000,376000,643000,original,original
2019,83,238000,347000,585000,original,original
2019,84,208000,317000,525000,original,original
2019,85,173000,274000,447000,original,original
2019,86,122000,204000,326000,original,original
2019,87,105000,185000,290000,original,original
2019,88,91000,170000,261000,original,original
2019,89,79000,160000,239000,original,original
2019,90,63000,134000,197000,original,original
2019,91,50000,113000,163000,original,original
2019,92,35000,89000,124000,original,original
2019,93,25000,73000,98000,original,original
2019,94,18000,57000,75000,original,original
2019,95,11000,42000,53000,original,original
2019,96,7000,30000,37000,original,original
2019,97,5000,22000,27000,original,original
2019,98,3000,16000,19000,original,original
2019,99,2000,10000,12000,original,original
2020,0,395000,374000,769000,original,original
2020,1,402000,381000,783000,original,original
2020,2,410000,389000,799000,original,original
2020,3,414000,393000,807000,original,original
2020,4,416000,396000,812000,original,original
2020,5,404000,382000,786000,original,original
2020,6,398000,377000,775000,original,original
2020,7,384000,363000,747000,original,original
2020,8,384000,362000,746000,original,original
2020,9,375000,355000,730000,original,original
2020,10,384000,364000,748000,original,original
2020,11,379000,358000,737000,original,original
2020,12,388000,367000,755000,original,original
2020,13,386000,364000,750000,original,original
2020,14,379000,356000,735000,original,original
2020,15,383000,361000,744000,original,original
2020,16,392000,369000,761000,original,original
2020,17,392000,369000,761000,original,original
2020,18,403000,376000,779000,original,original
2020,19,422000,390000,812000,original,original
2020,20,451000,415000,866000,original,original
2020,21,466000,419000,885000,original,original
2020,22,477000,434000,911000,original,original
2020,23,501000,454000,955000,original,original
2020,24,498000,455000,953000,original,original
2020,25,491000,448000,939000,original,original
2020,26,497000,457000,954000,original,original
2020,27,511000,473000,984000,original,original
2020,28,518000,482000,1000000,original,original
2020,29,535000,500000,1035000,original,original
2020,30,584000,544000,1128000,original,original
2020,31,574000,539000,1113000,original,original
2020,32,587000,550000,1137000,original,original
2020,33,573000,539000,1112000,original,original
2020,34,559000,532000,1091000,original,original
2020,35,541000,517000,1058000,original,original
2020,36,536000,514000,1050000,original,original
2020,37,534000,517000,1051000,original,original
2020,38,543000,528000,1071000,original,original
2020,39,535000,526000,1061000,original,original
2020,40,536000,529000,1065000,original,original
2020,41,509000,504000,1013000,original,original
2020,42,502000,496000,998000,original,original
2020,43,497000,491000,988000,original,original
2020,44,486000,483000,969000,original,original
2020,45,475000,469000,944000,original,original
2020,46,478000,477000,955000,original,original
2020,47,481000,480000,961000,original,original
2020,48,521000,517000,1038000,original,original
2020,49,572000,566000,1138000,original,original
2020,50,592000,586000,1178000,original,original
2020,51,636000,626000,1262000,original,original
2020,52,664000,654000,1318000,original,original
2020,53,679000,670000,1349000,original,original
2020,54,695000,686000,1381000,original,original
2020,55,696000,686000,1382000,original,original
2020,56,705000,698000,1403000,original,original
2020,57,695000,691000,1386000,original,original
2020,58,667000,669000,1336000,original,original
2020,59,652000,660000,1312000,original,original
2020,60,625000,637000,1262000,original,original
2020,61,604000,616000,1220000,original,original
2020,62,566000,581000,1147000,original,original
2020,63,547000,567000,1114000,original,original
2020,64,525000,551000,1076000,original,original
2020,65,501000,534000,1035000,original,original
2020,66,482000,525000,1007000,original,original
2020,67,459000,508000,967000,original,original
2020,68,453000,505000,958000,original,original
2020,69,438000,492000,930000,original,original
2020,70,433000,489000,922000,original,original
2020,71,414000,467000,881000,original,original
2020,72,373000,422000,795000,original,original
2020,73,343000,395000,738000,original,original
2020,74,292000,341000,633000,original,original
2020,75,248000,299000,547000,original,original
2020,76,325000,394000,719000,original,original
2020,77,322000,395000,717000,original,original
2020,78,303000,377000,680000,original,original
2020,79,352000,453000,805000,original,original
2020,80,352000,467000,819000,original,original
2020,81,328000,447000,775000,original,original
2020,82,287000,401000,688000,original,original
2020,83,247000,357000,604000,original,original
2020,84,218000,327000,545000,original,original
2020,85,188000,295000,483000,original,original
2020,86,154000,252000,406000,original,original
2020,87,107000,185000,292000,original,original
2020,88,90000,165000,255000,original,original
2020,89,76000,150000,226000,original,original
2020,90,65000,138000,203000,original,original
2020,91,50000,113000,163000,original,original
2020,92,39000,93000,132000,original,original
2020,93,27000,71000,98000,original,original
2020,94,19000,57000,76000,original,original
2020,95,13000,43000,56000,original,original
2020,96,8000,31000,39000,original,original
2020,97,5000,21000,26000,original,original
2020,98,3000,15000,18000,original,original
2020,99,2000,11000,13000,original,original
2021,0,406000,385000,791000,original,original
2021,1,401000,379000,780000,original,original
2021,2,405000,384000,789000,original,original
2021,3,412000,391000,803000,original,original
2021,4,416000,395000,811000,original,original
2021,5,418000,398000,816000,original,original
2021,6,406000,384000,790000,original,original
2021,7,400000,379000,779000,original,original
2021,8,387000,366000,753000,original,original
2021,9,386000,365000,751000,original,original
2021,10,378000,357000,735000,original,original
2021,11,387000,366000,753000,original,original
2021,12,382000,360000,742000,original,original
2021,13,391000,370000,761000,original,original
2021,14,389000,366000,755000,original,original
2021,15,382000,358000,740000,original,original
2021,16,387000,363000,750000,original,original
2021,17,395000,371000,766000,original,original
2021,18,399000,374000,773000,original,original
2021,19,413000,385000,798000,original,original
2021,20,432000,400000,832000,original,original
2021,21,460000,424000,884000,original,original
2021,22,475000,428000,903000,original,original
2021,23,487000,443000,930000,original,original
2021,24,511000,463000,974000,original,original
2021,25,506000,463000,969000,original,original
2021,26,498000,456000,954000,original,original
2021,27,503000,463000,966000,original,original
2021,28,516000,478000,994000,original,original
2021,29,522000,487000,1009000,original,original
2021,30,539000,504000,1043000,original,original
2021,31,587000,548000,1135000,original,original
2021,32,576000,542000,1118000,original,original
2021,33,589000,553000,1142000,original,original
2021,34,575000,542000,1117000,original,original
2021,35,560000,535000,1095000,original,original
2021,36,542000,519000,1061000,original,original
2021,37,537000,516000,1053000,original,original
2021,38,535000,518000,1053000,original,original
2021,39,544000,529000,1073000,original,original
2021,40,535000,527000,1062000,original,original
2021,41,536000,530000,1066000,original,original
2021,42,510000,505000,1015000,original,original
2021,43,502000,497000,999000,original,original
2021,44,497000,492000,989000,original,original
2021,45,486000,484000,970000,original,original
2021,46,474000,470000,944000,original,original
2021,47,477000,477000,954000,original,original
2021,48,480000,480000,960000,original,original
2021,49,519000,517000,1036000,original,original
2021,50,570000,566000,1136000,original,original
2021,51,589000,585000,1174000,original,original
2021,52,633000,625000,1258000,original,original
2021,53,661000,653000,1314000,original,original
2021,54,675000,669000,1344000,original,original
2021,55,691000,684000,1375000,original,original
2021,56,691000,683000,1374000,original,original
2021,57,699000,695000,1394000,original,original
2021,58,689000,688000,1377000,original,original
2021,59,661000,666000,1327000,original,original
2021,60,645000,656000,1301000,original,original
2021,61,618000,633000,1251000,original,original
2021,62,596000,613000,1209000,original,original
2021,63,557000,577000,1134000,original,original
2021,64,538000,562000,1100000,original,original
2021,65,516000,546000,1062000,original,original
2021,66,491000,529000,1020000,original,original
2021,67,472000,520000,992000,original,original
2021,68,450000,502000,952000,original,original
2021,69,443000,499000,942000,original,original
2021,70,427000,486000,913000,original,original
2021,71,422000,481000,903000,original,original
2021,72,402000,460000,862000,original,original
2021,73,362000,414000,776000,original,original
2021,74,332000,387000,719000,original,original
2021,75,281000,333000,614000,original,original
2021,76,238000,292000,530000,original,original
2021,77,311000,384000,695000,original,original
2021,78,308000,383000,691000,original,original
2021,79,288000,365000,653000,original,original
2021,80,333000,436000,769000,original,original
2021,81,330000,448000,778000,original,original
2021,82,306000,427000,733000,original,original
2021,83,265000,380000,645000,original,original
2021,84,226000,336000,562000,original,original
2021,85,197000,304000,501000,original,original
2021,86,167000,271000,438000,original,original
2021,87,135000,229000,364000,original,original
2021,88,92000,165000,257000,original,original
2021,89,76000,145000,221000,original,original
2021,90,63000,129000,192000,original,original
2021,91,52000,116000,168000,original,original
2021,92,39000,93000,132000,original,original
2021,93,29000,74000,103000,original,original
2021,94,20000,55000,75000,original,original
2021,95,13000,43000,56000,original,original
2021,96,9000,31000,40000,original,original
2021,97,5000,22000,27000,original,original
2021,98,3000,15000,18000,original,original
2021,99,2000,10000,12000,original,original
2022,0,371600,353100,724700,original,original
2022,1,402900,383100,786000,original,original
2022,2,397200,376700,773900,original,original
2022,3,401200,381200,782400,original,original
2022,4,408400,389400,797800,original,original
2022,5,413400,393600,807000,original,original
2022,6,415600,397400,813000,original,original
2022,7,405000,384500,789500,original,original
2022,8,401900,382700,784600,original,original
2022,9,388700,369400,758100,original,original
2022,10,389800,369100,758900,original,original
2022,11,383500,364200,747700,original,original
2022,12,392900,373500,766400,original,original
2022,13,388300,367100,755400,original,original
2022,14,396800,376800,773600,original,original
2022,15,395900,373000,768900,original,original
2022,16,391800,366700,758500,original,original
2022,17,397700,371900,769600,original,original
2022,18,406500,379400,785900,original,original
2022,19,401200,380500,781700,original,original
2022,20,416400,392500,808900,original,original
2022,21,435000,406500,841500,original,original
2022,22,465700,430600,896300,original,original
2022,23,481200,435300,916500,original,original
2022,24,493900,450000,943900,original,original
2022,25,508900,465700,974600,original,original
2022,26,500300,460500,960800,original,original
2022,27,491300,453800,945100,original,original
2022,28,496500,460500,957000,original,original
2022,29,510900,477900,988800,original,original
2022,30,519700,489300,1009000,original,original
2022,31,534000,505200,1039200,original,original
2022,32,581100,551100,1132200,original,original
2022,33,573900,547200,1121100,original,original
2022,34,587900,560400,1148300,original,original
2022,35,575900,551300,1127200,original,original
2022,36,563700,546500,1110200,original,original
2022,37,547100,530700,1077800,original,original
2022,38,542100,529300,1071400,original,original
2022,39,541200,531200,1072400,original,original
2022,40,549100,540300,1089400,original,original
2022,41,540200,538000,1078200,original,original
2022,42,541200,539000,1080200,original,original
2022,43,514100,512700,1026800,original,original
2022,44,506000,503500,1009500,original,original
2022,45,500000,496400,996400,original,original
2022,46,487400,487100,974500,original,original
2022,47,473700,472700,946400,original,original
2022,48,477800,478400,956200,original,original
2022,49,479200,479900,959100,original,original
2022,50,518900,518900,1037800,original,original
2022,51,572100,570900,1143000,original,original
2022,52,590600,589000,1179600,original,original
2022,53,633400,626900,1260300,original,original
2022,54,659400,652000,1311400,original,original
2022,55,671400,665300,1336700,original,original
2022,56,685200,679700,1364900,original,original
2022,57,682600,677000,1359600,original,original
2022,58,688400,689000,1377400,original,original
2022,59,676500,681100,1357600,original,original
2022,60,652100,661900,1314000,original,original
2022,61,638400,653600,1292000,original,original
2022,62,607500,630500,1238000,original,original
2022,63,584100,610800,1194900,original,original
2022,64,545300,573700,1119000,original,original
2022,65,529500,558800,1088300,original,original
2022,66,511500,542700,1054200,original,original
2022,67,485300,524800,1010100,original,original
2022,68,465800,514900,980700,original,original
2022,69,441300,496300,937600,original,original
2022,70,433400,492000,925400,original,original
2022,71,418000,478300,896300,original,original
2022,72,409000,473300,882300,original,original
2022,73,388600,450500,839100,original,original
2022,74,347900,404200,752100,original,original
2022,75,317400,376200,693600,original,original
2022,76,266800,323300,590100,original,original
2022,77,225100,281200,506300,original,original
2022,78,292900,367800,660700,original,original
2022,79,286900,365700,652600,original,original
2022,80,266100,347700,613800,original,original
2022,81,305500,414500,720000,original,original
2022,82,299000,423200,722200,original,original
2022,83,275000,401000,676000,original,original
2022,84,234900,354600,589500,original,original
2022,85,198400,310500,508900,original,original
2022,86,169400,277800,447200,original,original
2022,87,141200,243800,385000,original,original
2022,88,111600,203400,315000,original,original
2022,89,74200,143500,217700,original,original
2022,90,59900,124400,184300,original,original
2022,91,48500,107900,156400,original,original
2022,92,39300,94800,134100,original,original
2022,93,28700,73400,102100,original,original
2022,94,21100,57500,78600,original,original
2022,95,13800,42000,55800,original,original
2022,96,9000,31100,40100,original,original
2022,97,5600,22400,28000,original,original
2022,98,3200,14900,18100,original,original
2022,99,1900,9700,11600,original,original
2023,0,353600,336200,689800,original,original
2023,1,379300,360100,739400,original,original
2023,2,406600,386500,793100,original,original
2023,3,400300,379700,780000,original,original
2023,4,404600,384500,789100,original,original
2023,5,411600,392400,804000,original,original
2023,6,415900,396100,812000,original,original
2023,7,418900,400500,819400,original,original
2023,8,409000,387800,796800,original,original
2023,9,405800,386100,791900,original,original
2023,10,392600,372800,765400,original,original
2023,11,393800,372400,766200,original,original
2023,12,387400,367300,754700,original,original
2023,13,396900,376500,773400,original,original
2023,14,392600,370000,762600,original,original
2023,15,403100,379500,782600,original,original
2023,16,405200,376000,781200,original,original
2023,17,403200,369400,772600,original,original
2023,18,414800,378200,793000,original,original
2023,19,425200,391100,816300,original,original
2023,20,419700,393300,813000,original,original
2023,21,434000,403200,837200,original,original
2023,22,453100,417100,870200,original,original
2023,23,486100,442800,928900,original,original
2023,24,500100,446700,946800,original,original
2023,25,511800,461500,973300,original,original
2023,26,525700,476900,1002600,original,original
2023,27,515300,470400,985700,original,original
2023,28,504800,462600,967400,original,original
2023,29,508000,468800,976800,original,original
2023,30,521000,484800,1005800,original,original
2023,31,529200,495900,1025100,original,original
2023,32,542700,510900,1053600,original,original
2023,33,589000,556100,1145100,original,original
2023,34,581200,552100,1133300,original,original
2023,35,594700,565000,1159700,original,original
2023,36,582400,555500,1137900,original,original
2023,37,569600,550500,1120100,original,original
2023,38,553000,534400,1087400,original,original
2023,39,547300,532700,1080000,original,original
2023,40,545700,534200,1079900,original,original
2023,41,553100,543100,1096200,original,original
2023,42,543800,540700,1084500,original,original
2023,43,544400,541400,1085800,original,original
2023,44,516900,515000,1031900,original,original
2023,45,508300,505500,1013800,original,original
2023,46,501400,498000,999400,original,original
2023,47,488700,488600,977300,original,original
2023,48,474600,473900,948500,original,original
2023,49,478300,479600,957900,original,original
2023,50,479000,480600,959600,original,original
2023,51,518400,519500,1037900,original,original
2023,52,570900,571000,1141900,original,original
2023,53,588800,588900,1177700,original,original
2023,54,630700,626200,1256900,original,original
2023,55,656500,651000,1307500,original,original
2023,56,667600,663900,1331500,original,original
2023,57,681000,677800,1358800,original,original
2023,58,677600,674900,1352500,original,original
2023,59,683000,686400,1369400,original,original
2023,60,671100,678300,1349400,original,original
2023,61,646100,658800,1304900,original,original
2023,62,631400,650100,1281500,original,original
2023,63,600000,626800,1226800,original,original
2023,64,576000,606800,1182800,original,original
2023,65,536700,569500,1106200,original,original
2023,66,520200,553800,1074000,original,original
2023,67,502100,537600,1039700,original,original
2023,68,475800,519600,995400,original,original
2023,69,456100,509200,965300,original,original
2023,70,431300,490200,921500,original,original
2023,71,423000,485300,908300,original,original
2023,72,406900,471200,878100,original,original
2023,73,397100,465600,862700,original,original
2023,74,375900,442500,818400,original,original
2023,75,335900,396100,732000,original,original
2023,76,305500,367700,673200,original,original
2023,77,255500,314900,570400,original,original
2023,78,214700,273000,487700,original,original
2023,79,278400,356100,634500,original,original
2023,80,270900,352600,623500,original,original
2023,81,249800,333900,583700,original,original
2023,82,285100,396100,681200,original,original
2023,83,276400,401900,678300,original,original
2023,84,251900,378300,630200,original,original
2023,85,212600,331000,543600,original,original
2023,86,177400,286900,464300,original,original
2023,87,148800,252700,401500,original,original
2023,88,121600,218500,340100,original,original
2023,89,93900,179200,273100,original,original
2023,90,61100,123600,184700,original,original
2023,91,47900,104800,152700,original,original
2023,92,37800,88800,126600,original,original
2023,93,29600,75900,105500,original,original
2023,94,21000,57100,78100,original,original
2023,95,14900,43300,58200,original,original
2023,96,9600,30700,40300,original,original
2023,97,6000,22000,28000,original,original
2023,98,3500,15200,18700,original,original
2023,99,2000,9800,11800,original,original
2024,0,345700,327700,673400,original,original
2024,1,359300,341600,700900,original,original
2024,2,381700,362400,744100,original,original
2024,3,408600,388400,797000,original,original
2024,4,401900,381700,783600,original,original
2024,5,406300,386200,792500,original,original
2024,6,412800,393600,806400,original,original
2024,7,418000,398100,816100,original,original
2024,8,421500,402900,824400,original,original
2024,9,411900,390200,802100,original,original
2024,10,408700,388700,797400,original,original
2024,11,395700,375300,771000,original,original
2024,12,396700,375000,771700,original,original
2024,13,390600,369500,760100,original,original
2024,14,400400,378600,779000,original,original
2024,15,397000,372500,769500,original,original
2024,16,410100,382300,792400,original,original
2024,17,414800,378600,793400,original,original
2024,18,417400,375500,792900,original,original
2024,19,428500,389500,818000,original,original
2024,20,439000,404300,843300,original,original
2024,21,431600,403300,834900,original,original
2024,22,445700,412100,857800,original,original
2024,23,466400,427100,893500,original,original
2024,24,499200,453400,952600,original,original
2024,25,512100,456400,968500,original,original
2024,26,522900,471400,994300,original,original
2024,27,534900,485400,1020300,original,original
2024,28,523000,478000,1001000,original,original
2024,29,511700,469200,980900,original,original
2024,30,513600,474700,988300,original,original
2024,31,525500,489700,1015200,original,original
2024,32,533300,500100,1033400,original,original
2024,33,545900,514600,1060500,original,original
2024,34,591900,559900,1151800,original,original
2024,35,584000,555300,1139300,original,original
2024,36,597400,568100,1165500,original,original
2024,37,584700,558300,1143000,original,original
2024,38,571600,553300,1124900,original,original
2024,39,554800,537200,1092000,original,original
2024,40,548700,534800,1083500,original,original
2024,41,547200,536200,1083400,original,original
2024,42,554200,545100,1099300,original,original
2024,43,544500,542200,1086700,original,original
2024,44,545100,542900,1088000,original,original
2024,45,516800,516000,1032800,original,original
2024,46,507500,506500,1014000,original,original
2024,47,500800,498700,999500,original,original
2024,48,487600,489100,976700,original,original
2024,49,473300,474200,947500,original,original
2024,50,476700,479600,956300,original,original
2024,51,477100,480300,957400,original,original
2024,52,516200,519200,1035400,original,original
2024,53,568000,570000,1138000,original,original
2024,54,585700,587900,1173600,original,original
2024,55,627100,624700,1251800,original,original
2024,56,652200,649200,1301400,original,original
2024,57,663000,661800,1324800,original,original
2024,58,676000,675500,1351500,original,original
2024,59,671900,672200,1344100,original,original
2024,60,677400,683400,1360800,original,original
2024,61,664700,675000,1339700,original,original
2024,62,639000,655400,1294400,original,original
2024,63,623700,646100,1269800,original,original
2024,64,591700,622600,1214300,original,original
2024,65,566800,602400,1169200,original,original
2024,66,527300,564600,1091900,original,original
2024,67,510600,548800,1059400,original,original
2024,68,492400,532200,1024600,original,original
2024,69,465800,514000,979800,original,original
2024,70,445900,503300,949200,original,original
2024,71,420700,483800,904500,original,original
2024,72,411800,478300,890100,original,original
2024,73,395500,463600,859100,original,original
2024,74,385300,457400,842700,original,original
2024,75,363400,434000,797400,original,original
2024,76,323700,387300,711000,original,original
2024,77,293400,358600,652000,original,original
2024,78,244300,306100,550400,original,original
2024,79,204400,264400,468800,original,original
2024,80,263500,343700,607200,original,original
2024,81,255000,338800,593800,original,original
2024,82,233600,319400,553000,original,original
2024,83,264900,376700,641600,original,original
2024,84,254000,379500,633500,original,original
2024,85,229100,353800,582900,original,original
2024,86,191000,306300,497300,original,original
2024,87,157100,262400,419500,original,original
2024,88,129100,227500,356600,original,original
2024,89,103300,193200,296500,original,original
2024,90,77700,155600,233300,original,original
2024,91,49400,104700,154100,original,original
2024,92,37700,86900,124600,original,original
2024,93,28800,71700,100500,original,original
2024,94,22000,59700,81700,original,original
2024,95,15100,43300,58400,original,original
2024,96,10300,32100,42400,original,original
2024,97,6500,22000,28500,original,original
2024,98,3900,15100,19000,original,original
2024,99,2300,10200,12500,original,original
2025,0,332900,316200,649100,projection,G2L2W1
2025,1,346200,328400,674600,projection,G2L2W1
2025,2,359900,342400,702300,projection,G2L2W1
2025,3,382300,363200,745500,projection,G2L2W1
2025,4,409100,389200,798300,projection,G2L2W1
2025,5,402400,382400,784800,projection,G2L2W1
2025,6,406800,386900,793700,projection,G2L2W1
2025,7,413400,394400,807800,projection,G2L2W1
2025,8,418600,398800,817400,projection,G2L2W1
2025,9,422100,403700,825800,projection,G2L2W1
2025,10,412600,391000,803600,projection,G2L2W1
2025,11,409300,389400,798700,projection,G2L2W1
2025,12,396300,376000,772300,projection,G2L2W1
2025,13,397400,375600,773000,projection,G2L2W1
2025,14,391300,370100,761400,projection,G2L2W1
2025,15,401400,379300,780700,projection,G2L2W1
2025,16,398300,373200,771500,projection,G2L2W1
2025,17,411700,383000,794700,projection,G2L2W1
2025,18,417200,380600,797800,projection,G2L2W1
2025,19,420100,378500,798600,projection,G2L2W1
2025,20,431300,392600,823900,projection,G2L2W1
2025,21,441700,407100,848800,projection,G2L2W1
2025,22,434600,406300,840900,projection,G2L2W1
2025,23,448900,415200,864100,projection,G2L2W1
2025,24,469400,430200,899600,projection,G2L2W1
2025,25,502000,456300,958300,projection,G2L2W1
2025,26,514800,459100,973900,projection,G2L2W1
2025,27,525300,473800,999100,projection,G2L2W1
2025,28,537100,487600,1024700,projection,G2L2W1
2025,29,524900,480000,1004900,projection,G2L2W1
2025,30,513500,471000,984500,projection,G2L2W1
2025,31,515100,476300,991400,projection,G2L2W1
2025,32,526900,491200,1018100,projection,G2L2W1
2025,33,534600,501500,1036100,projection,G2L2W1
2025,34,547100,515800,1062900,projection,G2L2W1
2025,35,593000,561100,1154100,projection,G2L2W1
2025,36,584900,556400,1141300,projection,G2L2W1
2025,37,598200,569000,1167200,projection,G2L2W1
2025,38,585400,559100,1144500,projection,G2L2W1
2025,39,572200,554100,1126300,projection,G2L2W1
2025,40,555300,537900,1093200,projection,G2L2W1
2025,41,549100,535400,1084500,projection,G2L2W1
2025,42,547500,536700,1084200,projection,G2L2W1
2025,43,554300,545500,1099800,projection,G2L2W1
2025,44,544500,542500,1087000,projection,G2L2W1
2025,45,544900,543200,1088100,projection,G2L2W1
2025,46,516500,516200,1032700,projection,G2L2W1
2025,47,507100,506600,1013700,projection,G2L2W1
2025,48,500100,498700,998800,projection,G2L2W1
2025,49,486800,489000,975800,projection,G2L2W1
2025,50,472400,474000,946400,projection,G2L2W1
2025,51,475600,479300,954900,projection,G2L2W1
2025,52,475800,479800,955600,projection,G2L2W1
2025,53,514400,518400,1032800,projection,G2L2W1
2025,54,565800,569000,1134800,projection,G2L2W1
2025,55,583100,586700,1169800,projection,G2L2W1
2025,56,624000,623100,1247100,projection,G2L2W1
2025,57,648400,647300,1295700,projection,G2L2W1
2025,58,658800,659700,1318500,projection,G2L2W1
2025,59,671100,673000,1344100,projection,G2L2W1
2025,60,666500,669400,1335900,projection,G2L2W1
2025,61,671100,680100,1351200,projection,G2L2W1
2025,62,657900,671400,1329300,projection,G2L2W1
2025,63,631600,651400,1283000,projection,G2L2W1
2025,64,615700,641800,1257500,projection,G2L2W1
2025,65,583300,618000,1201300,projection,G2L2W1
2025,66,558000,597400,1155400,projection,G2L2W1
2025,67,518400,559400,1077800,projection,G2L2W1
2025,68,501200,543300,1044500,projection,G2L2W1
2025,69,482600,526400,1009000,projection,G2L2W1
2025,70,455800,507900,963700,projection,G2L2W1
2025,71,435400,496700,932100,projection,G2L2W1
2025,72,410000,476900,886900,projection,G2L2W1
2025,73,400400,470600,871000,projection,G2L2W1
2025,74,383600,455400,839000,projection,G2L2W1
2025,75,372600,448400,821000,projection,G2L2W1
2025,76,350400,424400,774800,projection,G2L2W1
2025,77,311000,377800,688800,projection,G2L2W1
2025,78,280800,348800,629600,projection,G2L2W1
2025,79,232700,296800,529500,projection,G2L2W1
2025,80,193700,255400,449100,projection,G2L2W1
2025,81,248200,330500,578700,projection,G2L2W1
2025,82,238500,324200,562700,projection,G2L2W1
2025,83,216800,303700,520500,projection,G2L2W1
2025,84,243500,355500,599000,projection,G2L2W1
2025,85,230800,354900,585700,projection,G2L2W1
2025,86,205400,327300,532700,projection,G2L2W1
2025,87,168700,279700,448400,projection,G2L2W1
2025,88,136300,236000,372300,projection,G2L2W1
2025,89,109800,201100,310900,projection,G2L2W1
2025,90,85800,167400,253200,projection,G2L2W1
2025,91,62900,132000,194900,projection,G2L2W1
2025,92,38800,86700,125500,projection,G2L2W1
2025,93,28800,70000,98800,projection,G2L2W1
2025,94,21200,56200,77400,projection,G2L2W1
2025,95,15700,45400,61100,projection,G2L2W1
2025,96,10400,31900,42300,projection,G2L2W1
2025,97,6900,22900,29800,projection,G2L2W1
2025,98,4200,15100,19300,projection,G2L2W1
2025,99,2500,10100,12600,projection,G2L2W1
2026,0,326700,310300,637000,projection,G2L2W1
2026,1,333500,316900,650400,projection,G2L2W1
2026,2,346800,329100,675900,projection,G2L2W1
2026,3,360400,343100,703500,projection,G2L2W1
2026,4,382800,363900,746700,projection,G2L2W1
2026,5,409600,389900,799500,projection,G2L2W1
2026,6,402900,383000,785900,projection,G2L2W1
2026,7,407400,387600,795000,projection,G2L2W1
2026,8,414000,395100,809100,projection,G2L2W1
2026,9,419200,399500,818700,projection,G2L2W1
2026,10,422700,404400,827100,projection,G2L2W1
2026,11,413200,391700,804900,projection,G2L2W1
2026,12,409900,390100,800000,projection,G2L2W1
2026,13,396900,376700,773600,projection,G2L2W1
2026,14,398100,376300,774400,projection,G2L2W1
2026,15,392200,370800,763000,projection,G2L2W1
2026,16,402700,380000,782700,projection,G2L2W1
2026,17,400000,373900,773900,projection,G2L2W1
2026,18,414100,385000,799100,projection,G2L2W1
2026,19,419900,383500,803400,projection,G2L2W1
2026,20,422800,381600,804400,projection,G2L2W1
2026,21,434000,395300,829300,projection,G2L2W1
2026,22,444700,410100,854800,projection,G2L2W1
2026,23,437800,409400,847200,projection,G2L2W1
2026,24,452000,418200,870200,projection,G2L2W1
2026,25,472300,433100,905400,projection,G2L2W1
2026,26,504700,459000,963700,projection,G2L2W1
2026,27,517100,461500,978600,projection,G2L2W1
2026,28,527400,476000,1003400,projection,G2L2W1
2026,29,539000,489500,1028500,projection,G2L2W1
2026,30,526700,481800,1008500,projection,G2L2W1
2026,31,515100,472600,987700,projection,G2L2W1
2026,32,516600,477800,994400,projection,G2L2W1
2026,33,528200,492600,1020800,projection,G2L2W1
2026,34,535800,502700,1038500,projection,G2L2W1
2026,35,548100,517000,1065100,projection,G2L2W1
2026,36,593900,562100,1156000,projection,G2L2W1
2026,37,585700,557300,1143000,projection,G2L2W1
2026,38,598900,569900,1168800,projection,G2L2W1
2026,39,586000,559900,1145900,projection,G2L2W1
2026,40,572600,554800,1127400,projection,G2L2W1
2026,41,555700,538500,1094200,projection,G2L2W1
2026,42,549300,536000,1085300,projection,G2L2W1
2026,43,547600,537200,1084800,projection,G2L2W1
2026,44,554300,545800,1100100,projection,G2L2W1
2026,45,544300,542800,1087100,projection,G2L2W1
2026,46,544500,543300,1087800,projection,G2L2W1
2026,47,516000,516300,1032300,projection,G2L2W1
2026,48,506500,506500,1013000,projection,G2L2W1
2026,49,499400,498600,998000,projection,G2L2W1
2026,50,485900,488800,974700,projection,G2L2W1
2026,51,471300,473600,944900,projection,G2L2W1
2026,52,474300,478800,953100,projection,G2L2W1
2026,53,474300,479200,953500,projection,G2L2W1
2026,54,512500,517600,1030100,projection,G2L2W1
2026,55,563400,567800,1131200,projection,G2L2W1
2026,56,580200,585200,1165400,projection,G2L2W1
2026,57,620400,621300,1241700,projection,G2L2W1
2026,58,644300,645200,1289500,projection,G2L2W1
2026,59,654000,657200,1311200,projection,G2L2W1
2026,60,665700,670100,1335800,projection,G2L2W1
2026,61,660400,666200,1326600,projection,G2L2W1
2026,62,664300,676500,1340800,projection,G2L2W1
2026,63,650400,667400,1317800,projection,G2L2W1
2026,64,623600,647100,1270700,projection,G2L2W1
2026,65,607100,637000,1244100,projection,G2L2W1
2026,66,574300,612800,1187100,projection,G2L2W1
2026,67,548700,592000,1140700,projection,G2L2W1
2026,68,509000,553900,1062900,projection,G2L2W1
2026,69,491300,537500,1028800,projection,G2L2W1
2026,70,472200,520200,992400,projection,G2L2W1
2026,71,445100,501300,946400,projection,G2L2W1
2026,72,424400,489600,914000,projection,G2L2W1
2026,73,398700,469300,868000,projection,G2L2W1
2026,74,388300,462300,850600,projection,G2L2W1
2026,75,371000,446500,817500,projection,G2L2W1
2026,76,359300,438600,797900,projection,G2L2W1
2026,77,336700,414100,750800,projection,G2L2W1
2026,78,297700,367600,665300,projection,G2L2W1
2026,79,267600,338200,605800,projection,G2L2W1
2026,80,220600,286700,507300,projection,G2L2W1
2026,81,182600,245700,428300,projection,G2L2W1
2026,82,232300,316300,548600,projection,G2L2W1
2026,83,221500,308300,529800,projection,G2L2W1
2026,84,199300,286700,486000,projection,G2L2W1
2026,85,221300,332500,553800,projection,G2L2W1
2026,86,207100,328400,535500,projection,G2L2W1
2026,87,181500,299000,480500,projection,G2L2W1
2026,88,146400,251700,398100,projection,G2L2W1
2026,89,116000,208800,324800,projection,G2L2W1
2026,90,91300,174400,265700,projection,G2L2W1
2026,91,69500,142100,211600,projection,G2L2W1
2026,92,49500,109300,158800,projection,G2L2W1
2026,93,29700,69900,99600,projection,G2L2W1
2026,94,21300,54900,76200,projection,G2L2W1
2026,95,15200,42700,57900,projection,G2L2W1
2026,96,10900,33500,44400,projection,G2L2W1
2026,97,7000,22800,29800,projection,G2L2W1
2026,98,4500,15800,20300,projection,G2L2W1
2026,99,2700,10100,12800,projection,G2L2W1
2027,0,323900,307700,631600,projection,G2L2W1
2027,1,327300,311000,638300,projection,G2L2W1
2027,2,334000,317700,651700,projection,G2L2W1
2027,3,347300,329900,677200,projection,G2L2W1
2027,4,360900,343800,704700,projection,G2L2W1
2027,5,383300,364600,747900,projection,G2L2W1
2027,6,410100,390500,800600,projection,G2L2W1
2027,7,403500,383800,787300,projection,G2L2W1
2027,8,408000,388400,796400,projection,G2L2W1
2027,9,414600,395900,810500,projection,G2L2W1
2027,10,419800,400300,820100,projection,G2L2W1
2027,11,423300,405200,828500,projection,G2L2W1
2027,12,413800,392400,806200,projection,G2L2W1
2027,13,410600,390700,801300,projection,G2L2W1
2027,14,397600,377300,774900,projection,G2L2W1
2027,15,399000,376900,775900,projection,G2L2W1
2027,16,393600,371500,765100,projection,G2L2W1
2027,17,404400,380700,785100,projection,G2L2W1
2027,18,402400,375900,778300,projection,G2L2W1
2027,19,416800,388000,804800,projection,G2L2W1
2027,20,422600,386600,809200,projection,G2L2W1
2027,21,425500,384400,809900,projection,G2L2W1
2027,22,437000,398400,835400,projection,G2L2W1
2027,23,447900,413100,861000,projection,G2L2W1
2027,24,440800,412400,853200,projection,G2L2W1
2027,25,454800,421100,875900,projection,G2L2W1
2027,26,475000,435800,910800,projection,G2L2W1
2027,27,507000,461400,968400,projection,G2L2W1
2027,28,519300,463700,983000,projection,G2L2W1
2027,29,529400,478000,1007400,projection,G2L2W1
2027,30,540800,491300,1032100,projection,G2L2W1
2027,31,528300,483400,1011700,projection,G2L2W1
2027,32,516500,474100,990600,projection,G2L2W1
2027,33,517900,479200,997100,projection,G2L2W1
2027,34,529400,493800,1023200,projection,G2L2W1
2027,35,536800,503800,1040600,projection,G2L2W1
2027,36,549100,518000,1067100,projection,G2L2W1
2027,37,594700,563000,1157700,projection,G2L2W1
2027,38,586400,558200,1144600,projection,G2L2W1
2027,39,599400,570600,1170000,projection,G2L2W1
2027,40,586400,560600,1147000,projection,G2L2W1
2027,41,573000,555400,1128400,projection,G2L2W1
2027,42,555900,539100,1095000,projection,G2L2W1
2027,43,549500,536400,1085900,projection,G2L2W1
2027,44,547600,537500,1085100,projection,G2L2W1
2027,45,554100,546100,1100200,projection,G2L2W1
2027,46,544000,542900,1086900,projection,G2L2W1
2027,47,544000,543400,1087400,projection,G2L2W1
2027,48,515400,516200,1031600,projection,G2L2W1
2027,49,505700,506400,1012100,projection,G2L2W1
2027,50,498400,498300,996700,projection,G2L2W1
2027,51,484800,488400,973200,projection,G2L2W1
2027,52,470100,473200,943300,projection,G2L2W1
2027,53,472800,478200,951000,projection,G2L2W1
2027,54,472500,478400,950900,projection,G2L2W1
2027,55,510300,516500,1026800,projection,G2L2W1
2027,56,560600,566400,1127000,projection,G2L2W1
2027,57,577000,583600,1160600,projection,G2L2W1
2027,58,616500,619300,1235800,projection,G2L2W1
2027,59,639700,642800,1282500,projection,G2L2W1
2027,60,648900,654500,1303400,projection,G2L2W1
2027,61,659700,667000,1326700,projection,G2L2W1
2027,62,653800,662700,1316500,projection,G2L2W1
2027,63,656800,672400,1329200,projection,G2L2W1
2027,64,642200,662900,1305100,projection,G2L2W1
2027,65,615000,642300,1257300,projection,G2L2W1
2027,66,597800,631800,1229600,projection,G2L2W1
2027,67,564800,607300,1172100,projection,G2L2W1
2027,68,538800,586100,1124900,projection,G2L2W1
2027,69,499000,547900,1046900,projection,G2L2W1
2027,70,480900,531100,1012000,projection,G2L2W1
2027,71,461300,513400,974700,projection,G2L2W1
2027,72,433900,494100,928000,projection,G2L2W1
2027,73,412800,481900,894700,projection,G2L2W1
2027,74,386800,461100,847900,projection,G2L2W1
2027,75,375700,453300,829000,projection,G2L2W1
2027,76,357900,436800,794700,projection,G2L2W1
2027,77,345400,427900,773300,projection,G2L2W1
2027,78,322400,402900,725300,projection,G2L2W1
2027,79,283800,356400,640200,projection,G2L2W1
2027,80,253800,326700,580500,projection,G2L2W1
2027,81,208000,275800,483800,projection,G2L2W1
2027,82,170900,235100,406000,projection,G2L2W1
2027,83,215800,300900,516700,projection,G2L2W1
2027,84,203700,291200,494900,projection,G2L2W1
2027,85,181300,268300,449600,projection,G2L2W1
2027,86,198700,307900,506600,projection,G2L2W1
2027,87,183100,300200,483300,projection,G2L2W1
2027,88,157700,269200,426900,projection,G2L2W1
2027,89,124700,222700,347400,projection,G2L2W1
2027,90,96500,181200,277700,projection,G2L2W1
2027,91,74000,148100,222100,projection,G2L2W1
2027,92,54800,117800,172600,projection,G2L2W1
2027,93,37900,88300,126200,projection,G2L2W1
2027,94,22000,54900,76900,projection,G2L2W1
2027,95,15200,41900,57100,projection,G2L2W1
2027,96,10500,31600,42100,projection,G2L2W1
2027,97,7300,24000,31300,projection,G2L2W1
2027,98,4600,15700,20300,projection,G2L2W1
2027,99,2800,10600,13400,projection,G2L2W1
2028,0,322700,306500,629200,projection,G2L2W1
2028,1,324500,308400,632900,projection,G2L2W1
2028,2,327800,311800,639600,projection,G2L2W1
2028,3,334600,318400,653000,projection,G2L2W1
2028,4,347800,330600,678400,projection,G2L2W1
2028,5,361400,344500,705900,projection,G2L2W1
2028,6,383800,365300,749100,projection,G2L2W1
2028,7,410700,391300,802000,projection,G2L2W1
2028,8,404100,384500,788600,projection,G2L2W1
2028,9,408600,389100,797700,projection,G2L2W1
2028,10,415200,396600,811800,projection,G2L2W1
2028,11,420400,401000,821400,projection,G2L2W1
2028,12,423900,405900,829800,projection,G2L2W1
2028,13,414400,393100,807500,projection,G2L2W1
2028,14,411300,391400,802700,projection,G2L2W1
2028,15,398600,378000,776600,projection,G2L2W1
2028,16,400400,377700,778100,projection,G2L2W1
2028,17,395200,372200,767400,projection,G2L2W1
2028,18,406800,382700,789500,projection,G2L2W1
2028,19,405100,378900,784000,projection,G2L2W1
2028,20,419600,391000,810600,projection,G2L2W1
2028,21,425300,389400,814700,projection,G2L2W1
2028,22,428500,387400,815900,projection,G2L2W1
2028,23,440100,401400,841500,projection,G2L2W1
2028,24,450900,416200,867100,projection,G2L2W1
2028,25,443700,415300,859000,projection,G2L2W1
2028,26,457500,423800,881300,projection,G2L2W1
2028,27,477300,438200,915500,projection,G2L2W1
2028,28,509200,463600,972800,projection,G2L2W1
2028,29,521200,465600,986800,projection,G2L2W1
2028,30,531100,479800,1010900,projection,G2L2W1
2028,31,542300,493000,1035300,projection,G2L2W1
2028,32,529700,484900,1014600,projection,G2L2W1
2028,33,517900,475400,993300,projection,G2L2W1
2028,34,519100,480400,999500,projection,G2L2W1
2028,35,530500,494900,1025400,projection,G2L2W1
2028,36,537800,504900,1042700,projection,G2L2W1
2028,37,549900,519000,1068900,projection,G2L2W1
2028,38,595400,563900,1159300,projection,G2L2W1
2028,39,587000,558900,1145900,projection,G2L2W1
2028,40,599900,571300,1171200,projection,G2L2W1
2028,41,586800,561200,1148000,projection,G2L2W1
2028,42,573200,555900,1129100,projection,G2L2W1
2028,43,556100,539500,1095600,projection,G2L2W1
2028,44,549400,536800,1086200,projection,G2L2W1
2028,45,547400,537800,1085200,projection,G2L2W1
2028,46,553800,546200,1100000,projection,G2L2W1
2028,47,543500,543000,1086500,projection,G2L2W1
2028,48,543400,543300,1086700,projection,G2L2W1
2028,49,514600,516100,1030700,projection,G2L2W1
2028,50,504800,506100,1010900,projection,G2L2W1
2028,51,497300,498000,995300,projection,G2L2W1
2028,52,483500,487900,971400,projection,G2L2W1
2028,53,468600,472600,941200,projection,G2L2W1
2028,54,471100,477400,948500,projection,G2L2W1
2028,55,470600,477500,948100,projection,G2L2W1
2028,56,507900,515300,1023200,projection,G2L2W1
2028,57,557500,564900,1122400,projection,G2L2W1
2028,58,573400,581800,1155200,projection,G2L2W1
2028,59,612200,617100,1229300,projection,G2L2W1
2028,60,634800,640200,1275000,projection,G2L2W1
2028,61,643100,651400,1294500,projection,G2L2W1
2028,62,653100,663500,1316600,projection,G2L2W1
2028,63,646500,658800,1305300,projection,G2L2W1
2028,64,648600,668000,1316600,projection,G2L2W1
2028,65,633400,658100,1291500,projection,G2L2W1
2028,66,605700,637000,1242700,projection,G2L2W1
2028,67,588000,626100,1214100,projection,G2L2W1
2028,68,554700,601400,1156100,projection,G2L2W1
2028,69,528300,579900,1108200,projection,G2L2W1
2028,70,488400,541500,1029900,projection,G2L2W1
2028,71,469800,524300,994100,projection,G2L2W1
2028,72,449800,506200,956000,projection,G2L2W1
2028,73,422100,486400,908500,projection,G2L2W1
2028,74,400600,473500,874100,projection,G2L2W1
2028,75,374300,452100,826400,projection,G2L2W1
2028,76,362500,443500,806000,projection,G2L2W1
2028,77,344100,426200,770300,projection,G2L2W1
2028,78,330800,416400,747200,projection,G2L2W1
2028,79,307400,390700,698100,projection,G2L2W1
2028,80,269200,344400,613600,projection,G2L2W1
2028,81,239300,314400,553700,projection,G2L2W1
2028,82,194800,264100,458900,projection,G2L2W1
2028,83,158800,223800,382600,projection,G2L2W1
2028,84,198600,284300,482900,projection,G2L2W1
2028,85,185400,272500,457900,projection,G2L2W1
2028,86,162900,248400,411300,projection,G2L2W1
2028,87,175800,281500,457300,projection,G2L2W1
2028,88,159200,270400,429600,projection,G2L2W1
2028,89,134400,238400,372800,projection,G2L2W1
2028,90,103900,193500,297400,projection,G2L2W1
2028,91,78400,154000,232400,projection,G2L2W1
2028,92,58500,122900,181400,projection,G2L2W1
2028,93,42000,95200,137200,projection,G2L2W1
2028,94,28100,69400,97500,projection,G2L2W1
2028,95,15800,41900,57700,projection,G2L2W1
2028,96,10600,31000,41600,projection,G2L2W1
2028,97,7100,22600,29700,projection,G2L2W1
2028,98,4800,16600,21400,projection,G2L2W1
2028,99,2900,10600,13500,projection,G2L2W1
2029,0,323700,307400,631100,projection,G2L2W1
2029,1,323300,307200,630500,projection,G2L2W1
2029,2,325000,309100,634100,projection,G2L2W1
2029,3,328400,312500,640900,projection,G2L2W1
2029,4,335100,319100,654200,projection,G2L2W1
2029,5,348400,331300,679700,projection,G2L2W1
2029,6,361900,345200,707100,projection,G2L2W1
2029,7,384400,366000,750400,projection,G2L2W1
2029,8,411300,392000,803300,projection,G2L2W1
2029,9,404700,385300,790000,projection,G2L2W1
2029,10,409200,389900,799100,projection,G2L2W1
2029,11,415800,397400,813200,projection,G2L2W1
2029,12,421000,401700,822700,projection,G2L2W1
2029,13,424600,406500,831100,projection,G2L2W1
2029,14,415100,393700,808800,projection,G2L2W1
2029,15,412200,392100,804300,projection,G2L2W1
2029,16,399900,378700,778600,projection,G2L2W1
2029,17,402100,378400,780500,projection,G2L2W1
2029,18,397700,374200,771900,projection,G2L2W1
2029,19,409500,385600,795100,projection,G2L2W1
2029,20,407900,381900,789800,projection,G2L2W1
2029,21,422300,393800,816100,projection,G2L2W1
2029,22,428300,392400,820700,projection,G2L2W1
2029,23,431700,390400,822100,projection,G2L2W1
2029,24,443200,404500,847700,projection,G2L2W1
2029,25,453800,419100,872900,projection,G2L2W1
2029,26,446400,418000,864400,projection,G2L2W1
2029,27,459900,426200,886100,projection,G2L2W1
2029,28,479600,440400,920000,projection,G2L2W1
2029,29,511200,465600,976800,projection,G2L2W1
2029,30,523000,467400,990400,projection,G2L2W1
2029,31,532700,481400,1014100,projection,G2L2W1
2029,32,543800,494500,1038300,projection,G2L2W1
2029,33,531000,486300,1017300,projection,G2L2W1
2029,34,519100,476700,995800,projection,G2L2W1
2029,35,520200,481600,1001800,projection,G2L2W1
2029,36,531500,496000,1027500,projection,G2L2W1
2029,37,538700,505900,1044600,projection,G2L2W1
2029,38,550700,519900,1070600,projection,G2L2W1
2029,39,596000,564600,1160600,projection,G2L2W1
2029,40,587400,559600,1147000,projection,G2L2W1
2029,41,600200,571900,1172100,projection,G2L2W1
2029,42,587000,561700,1148700,projection,G2L2W1
2029,43,573400,556300,1129700,projection,G2L2W1
2029,44,556100,539900,1096000,projection,G2L2W1
2029,45,549300,537000,1086300,projection,G2L2W1
2029,46,547100,538000,1085100,projection,G2L2W1
2029,47,553300,546300,1099600,projection,G2L2W1
2029,48,542800,542900,1085700,projection,G2L2W1
2029,49,542500,543100,1085600,projection,G2L2W1
2029,50,513700,515800,1029500,projection,G2L2W1
2029,51,503600,505800,1009400,projection,G2L2W1
2029,52,496000,497500,993500,projection,G2L2W1
2029,53,482000,487300,969300,projection,G2L2W1
2029,54,466900,471800,938700,projection,G2L2W1
2029,55,469200,476500,945700,projection,G2L2W1
2029,56,468300,476400,944700,projection,G2L2W1
2029,57,505100,513900,1019000,projection,G2L2W1
2029,58,554100,563100,1117200,projection,G2L2W1
2029,59,569400,579700,1149100,projection,G2L2W1
2029,60,607500,614600,1222100,projection,G2L2W1
2029,61,629100,637200,1266300,projection,G2L2W1
2029,62,636700,648100,1284800,projection,G2L2W1
2029,63,645900,659600,1305500,projection,G2L2W1
2029,64,638500,654500,1293000,projection,G2L2W1
2029,65,639800,663100,1302900,projection,G2L2W1
2029,66,623900,652700,1276600,projection,G2L2W1
2029,67,595800,631400,1227200,projection,G2L2W1
2029,68,577600,620000,1197600,projection,G2L2W1
2029,69,544000,595000,1139000,projection,G2L2W1
2029,70,517200,573100,1090300,projection,G2L2W1
2029,71,477300,534600,1011900,projection,G2L2W1
2029,72,458200,516900,975100,projection,G2L2W1
2029,73,437600,498300,935900,projection,G2L2W1
2029,74,409700,477900,887600,projection,G2L2W1
2029,75,387700,464300,852000,projection,G2L2W1
2029,76,361200,442400,803600,projection,G2L2W1
2029,77,348600,432800,781400,projection,G2L2W1
2029,78,329600,414800,744400,projection,G2L2W1
2029,79,315500,403900,719400,projection,G2L2W1
2029,80,291800,377700,669500,projection,G2L2W1
2029,81,254000,331500,585500,projection,G2L2W1
2029,82,224300,301100,525400,projection,G2L2W1
2029,83,181100,251400,432500,projection,G2L2W1
2029,84,146200,211400,357600,projection,G2L2W1
2029,85,180800,266200,447000,projection,G2L2W1
2029,86,166600,252500,419100,projection,G2L2W1
2029,87,144200,227300,371500,projection,G2L2W1
2029,88,153000,253700,406700,projection,G2L2W1
2029,89,135800,239600,375400,projection,G2L2W1
2029,90,112100,207200,319300,projection,G2L2W1
2029,91,84400,164600,249000,projection,G2L2W1
2029,92,62000,127900,189900,projection,G2L2W1
2029,93,44800,99500,144300,projection,G2L2W1
2029,94,31200,75000,106200,projection,G2L2W1
2029,95,20200,53000,73200,projection,G2L2W1
2029,96,11000,31100,42100,projection,G2L2W1
2029,97,7100,22200,29300,projection,G2L2W1
2029,98,4600,15700,20300,projection,G2L2W1
2029,99,3000,11200,14200,projection,G2L2W1
2030,0,324400,308100,632500,projection,G2L2W1
2030,1,324200,308100,632300,projection,G2L2W1
2030,2,323800,308000,631800,projection,G2L2W1
2030,3,325600,309900,635500,projection,G2L2W1
2030,4,328900,313300,642200,projection,G2L2W1
2030,5,335600,319800,655400,projection,G2L2W1
2030,6,348800,332000,680800,projection,G2L2W1
2030,7,362500,346000,708500,projection,G2L2W1
2030,8,385000,366800,751800,projection,G2L2W1
2030,9,411900,392800,804700,projection,G2L2W1
2030,10,405400,386100,791500,projection,G2L2W1
2030,11,409900,390600,800500,projection,G2L2W1
2030,12,416500,398100,814600,projection,G2L2W1
2030,13,421700,402400,824100,projection,G2L2W1
2030,14,425300,407200,832500,projection,G2L2W1
2030,15,416100,394400,810500,projection,G2L2W1
2030,16,413600,392800,806400,projection,G2L2W1
2030,17,401600,379400,781000,projection,G2L2W1
2030,18,404500,380400,784900,projection,G2L2W1
2030,19,400400,377200,777600,projection,G2L2W1
2030,20,412300,388700,801000,projection,G2L2W1
2030,21,410600,384700,795300,projection,G2L2W1
2030,22,425300,396800,822100,projection,G2L2W1
2030,23,431500,395500,827000,projection,G2L2W1
2030,24,434800,393500,828300,projection,G2L2W1
2030,25,446100,407400,853500,projection,G2L2W1
2030,26,456500,421800,878300,projection,G2L2W1
2030,27,448800,420400,869200,projection,G2L2W1
2030,28,462100,428400,890500,projection,G2L2W1
2030,29,481500,442400,923900,projection,G2L2W1
2030,30,513000,467400,980400,projection,G2L2W1
2030,31,524600,469100,993700,projection,G2L2W1
2030,32,534200,482900,1017100,projection,G2L2W1
2030,33,545100,495800,1040900,projection,G2L2W1
2030,34,532200,487500,1019700,projection,G2L2W1
2030,35,520200,477800,998000,projection,G2L2W1
2030,36,521200,482600,1003800,projection,G2L2W1
2030,37,532400,497000,1029400,projection,G2L2W1
2030,38,539400,506700,1046100,projection,G2L2W1
2030,39,551300,520700,1072000,projection,G2L2W1
2030,40,596400,565300,1161700,projection,G2L2W1
2030,41,587800,560200,1148000,projection,G2L2W1
2030,42,600400,572400,1172800,projection,G2L2W1
2030,43,587100,562100,1149200,projection,G2L2W1
2030,44,573300,556700,1130000,projection,G2L2W1
2030,45,555900,540100,1096000,projection,G2L2W1
2030,46,549000,537200,1086200,projection,G2L2W1
2030,47,546600,538000,1084600,projection,G2L2W1
2030,48,552600,546200,1098800,projection,G2L2W1
2030,49,542000,542800,1084800,projection,G2L2W1
2030,50,541500,542800,1084300,projection,G2L2W1
2030,51,512500,515500,1028000,projection,G2L2W1
2030,52,502300,505300,1007600,projection,G2L2W1
2030,53,494500,496800,991300,projection,G2L2W1
2030,54,480300,486500,966800,projection,G2L2W1
2030,55,465000,470900,935900,projection,G2L2W1
2030,56,467000,475400,942400,projection,G2L2W1
2030,57,465800,475100,940900,projection,G2L2W1
2030,58,502100,512300,1014400,projection,G2L2W1
2030,59,550300,561200,1111500,projection,G2L2W1
2030,60,565100,577400,1142500,projection,G2L2W1
2030,61,602200,611800,1214000,projection,G2L2W1
2030,62,623000,633900,1256900,projection,G2L2W1
2030,63,629700,644300,1274000,projection,G2L2W1
2030,64,638000,655300,1293300,projection,G2L2W1
2030,65,629900,649700,1279600,projection,G2L2W1
2030,66,630300,657800,1288100,projection,G2L2W1
2030,67,613800,646900,1260700,projection,G2L2W1
2030,68,585400,625200,1210600,projection,G2L2W1
2030,69,566600,613400,1180000,projection,G2L2W1
2030,70,532700,588100,1120800,projection,G2L2W1
2030,71,505600,565800,1071400,projection,G2L2W1
2030,72,465600,527100,992700,projection,G2L2W1
2030,73,445900,508900,954800,projection,G2L2W1
2030,74,424900,489700,914600,projection,G2L2W1
2030,75,396700,468700,865400,projection,G2L2W1
2030,76,374300,454400,828700,projection,G2L2W1
2030,77,347500,431800,779300,projection,G2L2W1
2030,78,334100,421300,755400,projection,G2L2W1
2030,79,314500,402400,716900,projection,G2L2W1
2030,80,299500,390400,689900,projection,G2L2W1
2030,81,275400,363600,639000,projection,G2L2W1
2030,82,238100,317500,555600,projection,G2L2W1
2030,83,208500,286700,495200,projection,G2L2W1
2030,84,166800,237600,404400,projection,G2L2W1
2030,85,133200,198100,331300,projection,G2L2W1
2030,86,162600,246700,409300,projection,G2L2W1
2030,87,147600,231100,378700,projection,G2L2W1
2030,88,125600,205000,330600,projection,G2L2W1
2030,89,130600,225000,355600,projection,G2L2W1
2030,90,113400,208400,321800,projection,G2L2W1
2030,91,91200,176400,267600,projection,G2L2W1
2030,92,66800,136800,203600,projection,G2L2W1
2030,93,47600,103700,151300,projection,G2L2W1
2030,94,33400,78400,111800,projection,G2L2W1
2030,95,22500,57400,79900,projection,G2L2W1
2030,96,14100,39400,53500,projection,G2L2W1
2030,97,7400,22300,29700,projection,G2L2W1
2030,98,4700,15400,20100,projection,G2L2W1
2030,99,2900,10600,13500,projection,G2L2W1
2031,0,324600,308300,632900,projection,G2L2W1
2031,1,325000,308800,633800,projection,G2L2W1
2031,2,324800,308900,633700,projection,G2L2W1
2031,3,324400,308700,633100,projection,G2L2W1
2031,4,326100,310600,636700,projection,G2L2W1
2031,5,329400,314000,643400,projection,G2L2W1
2031,6,336100,320500,656600,projection,G2L2W1
2031,7,349400,332800,682200,projection,G2L2W1
2031,8,363100,346700,709800,projection,G2L2W1
2031,9,385600,367500,753100,projection,G2L2W1
2031,10,412500,393500,806000,projection,G2L2W1
2031,11,406000,386800,792800,projection,G2L2W1
2031,12,410500,391300,801800,projection,G2L2W1
2031,13,417100,398700,815800,projection,G2L2W1
2031,14,422400,403000,825400,projection,G2L2W1
2031,15,426200,407800,834000,projection,G2L2W1
2031,16,417400,395100,812500,projection,G2L2W1
2031,17,415200,393500,808700,projection,G2L2W1
2031,18,404000,381400,785400,projection,G2L2W1
2031,19,407200,383300,790500,projection,G2L2W1
2031,20,403200,380300,783500,projection,G2L2W1
2031,21,415000,391500,806500,projection,G2L2W1
2031,22,413600,387800,801400,projection,G2L2W1
2031,23,428500,399900,828400,projection,G2L2W1
2031,24,434600,398500,833100,projection,G2L2W1
2031,25,437700,396400,834100,projection,G2L2W1
2031,26,448800,410100,858900,projection,G2L2W1
2031,27,458900,424200,883100,projection,G2L2W1
2031,28,451000,422600,873600,projection,G2L2W1
2031,29,464100,430400,894500,projection,G2L2W1
2031,30,483300,444200,927500,projection,G2L2W1
2031,31,514500,469000,983500,projection,G2L2W1
2031,32,526100,470600,996700,projection,G2L2W1
2031,33,535500,484300,1019800,projection,G2L2W1
2031,34,546300,497100,1043400,projection,G2L2W1
2031,35,533300,488700,1022000,projection,G2L2W1
2031,36,521200,478900,1000100,projection,G2L2W1
2031,37,522100,483600,1005700,projection,G2L2W1
2031,38,533100,497900,1031000,projection,G2L2W1
2031,39,540100,507600,1047700,projection,G2L2W1
2031,40,551800,521400,1073200,projection,G2L2W1
2031,41,596800,565900,1162700,projection,G2L2W1
2031,42,588100,560800,1148900,projection,G2L2W1
2031,43,600600,572800,1173400,projection,G2L2W1
2031,44,587100,562500,1149600,projection,G2L2W1
2031,45,573200,556900,1130100,projection,G2L2W1
2031,46,555600,540300,1095900,projection,G2L2W1
2031,47,548500,537300,1085800,projection,G2L2W1
2031,48,546000,538000,1084000,projection,G2L2W1
2031,49,551800,546100,1097900,projection,G2L2W1
2031,50,541000,542500,1083500,projection,G2L2W1
2031,51,540300,542400,1082700,projection,G2L2W1
2031,52,511200,514900,1026100,projection,G2L2W1
2031,53,500800,504600,1005400,projection,G2L2W1
2031,54,492700,496000,988700,projection,G2L2W1
2031,55,478400,485600,964000,projection,G2L2W1
2031,56,462900,469900,932800,projection,G2L2W1
2031,57,464500,474200,938700,projection,G2L2W1
2031,58,463100,473700,936800,projection,G2L2W1
2031,59,498700,510600,1009300,projection,G2L2W1
2031,60,546200,558900,1105100,projection,G2L2W1
2031,61,560200,574800,1135000,projection,G2L2W1
2031,62,596300,608600,1204900,projection,G2L2W1
2031,63,616200,630300,1246500,projection,G2L2W1
2031,64,622100,640100,1262200,projection,G2L2W1
2031,65,629500,650600,1280100,projection,G2L2W1
2031,66,620600,644500,1265100,projection,G2L2W1
2031,67,620200,652000,1272200,projection,G2L2W1
2031,68,603200,640700,1243900,projection,G2L2W1
2031,69,574300,618700,1193000,projection,G2L2W1
2031,70,554900,606400,1161300,projection,G2L2W1
2031,71,520800,580600,1101400,projection,G2L2W1
2031,72,493200,557900,1051100,projection,G2L2W1
2031,73,453200,518900,972100,projection,G2L2W1
2031,74,433000,500100,933100,projection,G2L2W1
2031,75,411400,480300,891700,projection,G2L2W1
2031,76,383000,458700,841700,projection,G2L2W1
2031,77,360100,443500,803600,projection,G2L2W1
2031,78,333100,420300,753400,projection,G2L2W1
2031,79,318800,408800,727600,projection,G2L2W1
2031,80,298600,389100,687700,projection,G2L2W1
2031,81,282800,375900,658700,projection,G2L2W1
2031,82,258200,348300,606500,projection,G2L2W1
2031,83,221500,302400,523900,projection,G2L2W1
2031,84,192200,271000,463200,projection,G2L2W1
2031,85,152100,222600,374700,projection,G2L2W1
2031,86,119900,183600,303500,projection,G2L2W1
2031,87,144200,225900,370100,projection,G2L2W1
2031,88,128600,208500,337100,projection,G2L2W1
2031,89,107300,181800,289100,projection,G2L2W1
2031,90,109100,195800,304900,projection,G2L2W1
2031,91,92300,177600,269900,projection,G2L2W1
2031,92,72300,146800,219100,projection,G2L2W1
2031,93,51400,111000,162400,projection,G2L2W1
2031,94,35500,81800,117300,projection,G2L2W1
2031,95,24000,60100,84100,projection,G2L2W1
2031,96,15700,42700,58400,projection,G2L2W1
2031,97,9500,28400,37900,projection,G2L2W1
2031,98,4900,15500,20400,projection,G2L2W1
2031,99,3000,10400,13400,projection,G2L2W1
2032,0,324000,307600,631600,projection,G2L2W1
2032,1,325200,309000,634200,projection,G2L2W1
2032,2,325500,309600,635100,projection,G2L2W1
2032,3,325300,309600,634900,projection,G2L2W1
2032,4,324900,309400,634300,projection,G2L2W1
2032,5,326600,311300,637900,projection,G2L2W1
2032,6,329900,314700,644600,projection,G2L2W1
2032,7,336700,321300,658000,projection,G2L2W1
2032,8,350000,333500,683500,projection,G2L2W1
2032,9,363700,347500,711200,projection,G2L2W1
2032,10,386200,368300,754500,projection,G2L2W1
2032,11,413100,394300,807400,projection,G2L2W1
2032,12,406600,387500,794100,projection,G2L2W1
2032,13,411100,392000,803100,projection,G2L2W1
2032,14,417800,399400,817200,projection,G2L2W1
2032,15,423300,403700,827000,projection,G2L2W1
2032,16,427600,408500,836100,projection,G2L2W1
2032,17,419100,395800,814900,projection,G2L2W1
2032,18,417700,395500,813200,projection,G2L2W1
2032,19,406800,384400,791200,projection,G2L2W1
2032,20,410000,386400,796400,projection,G2L2W1
2032,21,405900,383100,789000,projection,G2L2W1
2032,22,418000,394500,812500,projection,G2L2W1
2032,23,416800,390800,807600,projection,G2L2W1
2032,24,431600,403000,834600,projection,G2L2W1
2032,25,437500,401400,838900,projection,G2L2W1
2032,26,440400,399100,839500,projection,G2L2W1
2032,27,451200,412500,863700,projection,G2L2W1
2032,28,461100,426400,887500,projection,G2L2W1
2032,29,453000,424600,877600,projection,G2L2W1
2032,30,465900,432200,898100,projection,G2L2W1
2032,31,484900,445800,930700,projection,G2L2W1
2032,32,516000,470500,986500,projection,G2L2W1
2032,33,527400,472000,999400,projection,G2L2W1
2032,34,536700,485500,1022200,projection,G2L2W1
2032,35,547400,498200,1045600,projection,G2L2W1
2032,36,534300,489700,1024000,projection,G2L2W1
2032,37,522100,479900,1002000,projection,G2L2W1
2032,38,522900,484500,1007400,projection,G2L2W1
2032,39,533800,498700,1032500,projection,G2L2W1
2032,40,540600,508300,1048900,projection,G2L2W1
2032,41,552300,522000,1074300,projection,G2L2W1
2032,42,597100,566500,1163600,projection,G2L2W1
2032,43,588200,561200,1149400,projection,G2L2W1
2032,44,600500,573200,1173700,projection,G2L2W1
2032,45,586900,562800,1149700,projection,G2L2W1
2032,46,572900,557100,1130000,projection,G2L2W1
2032,47,555100,540400,1095500,projection,G2L2W1
2032,48,547900,537300,1085200,projection,G2L2W1
2032,49,545200,537800,1083000,projection,G2L2W1
2032,50,550800,545800,1096600,projection,G2L2W1
2032,51,539800,542100,1081900,projection,G2L2W1
2032,52,538900,541800,1080700,projection,G2L2W1
2032,53,509700,514300,1024000,projection,G2L2W1
2032,54,499000,503800,1002800,projection,G2L2W1
2032,55,490700,495100,985800,projection,G2L2W1
2032,56,476200,484500,960700,projection,G2L2W1
2032,57,460500,468700,929200,projection,G2L2W1
2032,58,461800,472800,934600,projection,G2L2W1
2032,59,460000,472100,932100,projection,G2L2W1
2032,60,495000,508600,1003600,projection,G2L2W1
2032,61,541500,556400,1097900,projection,G2L2W1
2032,62,554900,571900,1126800,projection,G2L2W1
2032,63,589900,605200,1195100,projection,G2L2W1
2032,64,608800,626300,1235100,projection,G2L2W1
2032,65,613900,635600,1249500,projection,G2L2W1
2032,66,620300,645400,1265700,projection,G2L2W1
2032,67,610800,638900,1249700,projection,G2L2W1
2032,68,609500,645700,1255200,projection,G2L2W1
2032,69,591800,634000,1225800,projection,G2L2W1
2032,70,562500,611600,1174100,projection,G2L2W1
2032,71,542500,598700,1141200,projection,G2L2W1
2032,72,508200,572600,1080800,projection,G2L2W1
2032,73,480200,549300,1029500,projection,G2L2W1
2032,74,440200,510100,950300,projection,G2L2W1
2032,75,419400,490600,910000,projection,G2L2W1
2032,76,397300,470100,867400,projection,G2L2W1
2032,77,368600,447900,816500,projection,G2L2W1
2032,78,345300,431800,777100,projection,G2L2W1
2032,79,318000,407900,725900,projection,G2L2W1
2032,80,302800,395300,698100,projection,G2L2W1
2032,81,282000,374700,656700,projection,G2L2W1
2032,82,265300,360200,625500,projection,G2L2W1
2032,83,240300,331800,572100,projection,G2L2W1
2032,84,204200,286000,490200,projection,G2L2W1
2032,85,175300,254000,429300,projection,G2L2W1
2032,86,136900,206500,343400,projection,G2L2W1
2032,87,106300,168200,274500,projection,G2L2W1
2032,88,125700,203900,329600,projection,G2L2W1
2032,89,110000,185100,295100,projection,G2L2W1
2032,90,89700,158400,248100,projection,G2L2W1
2032,91,89000,167000,256000,projection,G2L2W1
2032,92,73200,147900,221100,projection,G2L2W1
2032,93,55600,119200,174800,projection,G2L2W1
2032,94,38300,87700,126000,projection,G2L2W1
2032,95,25600,62800,88400,projection,G2L2W1
2032,96,16800,44800,61600,projection,G2L2W1
2032,97,10600,30800,41400,projection,G2L2W1
2032,98,6300,19800,26100,projection,G2L2W1
2032,99,3100,10500,13600,projection,G2L2W1
2033,0,322100,305900,628000,projection,G2L2W1
2033,1,324500,308400,632900,projection,G2L2W1
2033,2,325700,309800,635500,projection,G2L2W1
2033,3,326100,310300,636400,projection,G2L2W1
2033,4,325900,310400,636300,projection,G2L2W1
2033,5,325400,310200,635600,projection,G2L2W1
2033,6,327100,312000,639100,projection,G2L2W1
2033,7,330500,315400,645900,projection,G2L2W1
2033,8,337300,322000,659300,projection,G2L2W1
2033,9,350700,334300,685000,projection,G2L2W1
2033,10,364400,348200,712600,projection,G2L2W1
2033,11,386900,369000,755900,projection,G2L2W1
2033,12,413800,395000,808800,projection,G2L2W1
2033,13,407200,388100,795300,projection,G2L2W1
2033,14,411800,392600,804400,projection,G2L2W1
2033,15,418700,400000,818700,projection,G2L2W1
2033,16,424700,404400,829100,projection,G2L2W1
2033,17,429300,409300,838600,projection,G2L2W1
2033,18,421500,397800,819300,projection,G2L2W1
2033,19,420400,398400,818800,projection,G2L2W1
2033,20,409600,387500,797100,projection,G2L2W1
2033,21,412700,389200,801900,projection,G2L2W1
2033,22,408900,386100,795000,projection,G2L2W1
2033,23,421200,397600,818800,projection,G2L2W1
2033,24,419900,393900,813800,projection,G2L2W1
2033,25,434500,405900,840400,projection,G2L2W1
2033,26,440200,404200,844400,projection,G2L2W1
2033,27,442800,401500,844300,projection,G2L2W1
2033,28,453400,414700,868100,projection,G2L2W1
2033,29,463100,428400,891500,projection,G2L2W1
2033,30,454800,426400,881200,projection,G2L2W1
2033,31,467500,433900,901400,projection,G2L2W1
2033,32,486400,447300,933700,projection,G2L2W1
2033,33,517400,471900,989300,projection,G2L2W1
2033,34,528600,473200,1001800,projection,G2L2W1
2033,35,537800,486700,1024500,projection,G2L2W1
2033,36,548400,499300,1047700,projection,G2L2W1
2033,37,535200,490700,1025900,projection,G2L2W1
2033,38,522900,480800,1003700,projection,G2L2W1
2033,39,523600,485400,1009000,projection,G2L2W1
2033,40,534400,499400,1033800,projection,G2L2W1
2033,41,541100,508900,1050000,projection,G2L2W1
2033,42,552600,522600,1075200,projection,G2L2W1
2033,43,597200,566900,1164100,projection,G2L2W1
2033,44,588200,561600,1149800,projection,G2L2W1
2033,45,600300,573500,1173800,projection,G2L2W1
2033,46,586600,562900,1149500,projection,G2L2W1
2033,47,572400,557200,1129600,projection,G2L2W1
2033,48,554500,540400,1094900,projection,G2L2W1
2033,49,547100,537100,1084200,projection,G2L2W1
2033,50,544200,537600,1081800,projection,G2L2W1
2033,51,549600,545400,1095000,projection,G2L2W1
2033,52,538400,541500,1079900,projection,G2L2W1
2033,53,537300,541100,1078400,projection,G2L2W1
2033,54,507900,513500,1021400,projection,G2L2W1
2033,55,497000,502900,999900,projection,G2L2W1
2033,56,488500,494000,982500,projection,G2L2W1
2033,57,473700,483300,957000,projection,G2L2W1
2033,58,457800,467300,925100,projection,G2L2W1
2033,59,458700,471200,929900,projection,G2L2W1
2033,60,456700,470300,927000,projection,G2L2W1
2033,61,490800,506400,997200,projection,G2L2W1
2033,62,536400,553600,1090000,projection,G2L2W1
2033,63,549000,568600,1117600,projection,G2L2W1
2033,64,582900,601300,1184200,projection,G2L2W1
2033,65,600800,621800,1222600,projection,G2L2W1
2033,66,605000,630500,1235500,projection,G2L2W1
2033,67,610600,639800,1250400,projection,G2L2W1
2033,68,600300,632800,1233100,projection,G2L2W1
2033,69,598200,639000,1237200,projection,G2L2W1
2033,70,579800,626800,1206600,projection,G2L2W1
2033,71,550100,603900,1154000,projection,G2L2W1
2033,72,529500,590400,1119900,projection,G2L2W1
2033,73,494900,563800,1058700,projection,G2L2W1
2033,74,466500,540000,1006500,projection,G2L2W1
2033,75,426400,500400,926800,projection,G2L2W1
2033,76,405100,480200,885300,projection,G2L2W1
2033,77,382500,459000,841500,projection,G2L2W1
2033,78,353500,436100,789600,projection,G2L2W1
2033,79,329700,419100,748800,projection,G2L2W1
2033,80,302100,394500,696600,projection,G2L2W1
2033,81,286100,380700,666800,projection,G2L2W1
2033,82,264700,359100,623800,projection,G2L2W1
2033,83,247000,343200,590200,projection,G2L2W1
2033,84,221700,313800,535500,projection,G2L2W1
2033,85,186300,268100,454400,projection,G2L2W1
2033,86,157900,235700,393600,projection,G2L2W1
2033,87,121500,189200,310700,projection,G2L2W1
2033,88,92800,151900,244700,projection,G2L2W1
2033,89,107600,181100,288700,projection,G2L2W1
2033,90,92000,161300,253300,projection,G2L2W1
2033,91,73200,135200,208400,projection,G2L2W1
2033,92,70700,139200,209900,projection,G2L2W1
2033,93,56500,120200,176700,projection,G2L2W1
2033,94,41600,94300,135900,projection,G2L2W1
2033,95,27700,67400,95100,projection,G2L2W1
2033,96,17900,46800,64700,projection,G2L2W1
2033,97,11400,32300,43700,projection,G2L2W1
2033,98,7000,21500,28500,projection,G2L2W1
2033,99,4000,13400,17400,projection,G2L2W1
2034,0,321400,305200,626600,projection,G2L2W1
2034,1,322700,306700,629400,projection,G2L2W1
2034,2,325100,309100,634200,projection,G2L2W1
2034,3,326300,310500,636800,projection,G2L2W1
2034,4,326600,311100,637700,projection,G2L2W1
2034,5,326400,311100,637500,projection,G2L2W1
2034,6,325900,310800,636700,projection,G2L2W1
2034,7,327700,312800,640500,projection,G2L2W1
2034,8,331100,316200,647300,projection,G2L2W1
2034,9,337900,322800,660700,projection,G2L2W1
2034,10,351300,335000,686300,projection,G2L2W1
2034,11,365000,349000,714000,projection,G2L2W1
2034,12,387500,369700,757200,projection,G2L2W1
2034,13,414400,395600,810000,projection,G2L2W1
2034,14,407900,388800,796700,projection,G2L2W1
2034,15,412800,393300,806100,projection,G2L2W1
2034,16,420100,400800,820900,projection,G2L2W1
2034,17,426400,405100,831500,projection,G2L2W1
2034,18,431700,411300,843000,projection,G2L2W1
2034,19,424200,400800,825000,projection,G2L2W1
2034,20,423200,401500,824700,projection,G2L2W1
2034,21,412300,390300,802600,projection,G2L2W1
2034,22,415700,392200,807900,projection,G2L2W1
2034,23,412100,389200,801300,projection,G2L2W1
2034,24,424300,400700,825000,projection,G2L2W1
2034,25,422800,396800,819600,projection,G2L2W1
2034,26,437200,408600,845800,projection,G2L2W1
2034,27,442600,406600,849200,projection,G2L2W1
2034,28,445000,403700,848700,projection,G2L2W1
2034,29,455400,416700,872100,projection,G2L2W1
2034,30,464900,430200,895100,projection,G2L2W1
2034,31,456500,428100,884600,projection,G2L2W1
2034,32,469100,435400,904500,projection,G2L2W1
2034,33,487800,448700,936500,projection,G2L2W1
2034,34,518600,473100,991700,projection,G2L2W1
2034,35,529800,474400,1004200,projection,G2L2W1
2034,36,538900,487800,1026700,projection,G2L2W1
2034,37,549300,500300,1049600,projection,G2L2W1
2034,38,536000,491600,1027600,projection,G2L2W1
2034,39,523600,481700,1005300,projection,G2L2W1
2034,40,524200,486100,1010300,projection,G2L2W1
2034,41,534900,500100,1035000,projection,G2L2W1
2034,42,541500,509500,1051000,projection,G2L2W1
2034,43,552800,523100,1075900,projection,G2L2W1
2034,44,597200,567300,1164500,projection,G2L2W1
2034,45,588100,561800,1149900,projection,G2L2W1
2034,46,600000,573600,1173600,projection,G2L2W1
2034,47,586100,563000,1149100,projection,G2L2W1
2034,48,571700,557100,1128800,projection,G2L2W1
2034,49,553700,540200,1093900,projection,G2L2W1
2034,50,546200,536900,1083100,projection,G2L2W1
2034,51,543100,537200,1080300,projection,G2L2W1
2034,52,548200,544800,1093000,projection,G2L2W1
2034,53,536800,540800,1077600,projection,G2L2W1
2034,54,535400,540300,1075700,projection,G2L2W1
2034,55,505900,512500,1018400,projection,G2L2W1
2034,56,494800,501800,996600,projection,G2L2W1
2034,57,486000,492800,978800,projection,G2L2W1
2034,58,471000,481900,952900,projection,G2L2W1
2034,59,454800,465800,920600,projection,G2L2W1
2034,60,455500,469400,924900,projection,G2L2W1
2034,61,452900,468300,921200,projection,G2L2W1
2034,62,486200,503900,990100,projection,G2L2W1
2034,63,530700,550500,1081200,projection,G2L2W1
2034,64,542500,565000,1107500,projection,G2L2W1
2034,65,575400,597100,1172500,projection,G2L2W1
2034,66,592200,616900,1209100,projection,G2L2W1
2034,67,595600,625100,1220700,projection,G2L2W1
2034,68,600200,633800,1234000,projection,G2L2W1
2034,69,589300,626300,1215600,projection,G2L2W1
2034,70,586100,631800,1217900,projection,G2L2W1
2034,71,567100,619000,1186100,projection,G2L2W1
2034,72,537000,595600,1132600,projection,G2L2W1
2034,73,515700,581500,1097200,projection,G2L2W1
2034,74,480800,554300,1035100,projection,G2L2W1
2034,75,452000,529800,981800,projection,G2L2W1
2034,76,412000,489900,901900,projection,G2L2W1
2034,77,390100,469000,859100,projection,G2L2W1
2034,78,366900,447000,813900,projection,G2L2W1
2034,79,337600,423300,760900,projection,G2L2W1
2034,80,313400,405400,718800,projection,G2L2W1
2034,81,285500,380100,665600,projection,G2L2W1
2034,82,268600,365000,633600,projection,G2L2W1
2034,83,246500,342300,588800,projection,G2L2W1
2034,84,227900,324800,552700,projection,G2L2W1
2034,85,202400,294400,496800,projection,G2L2W1
2034,86,168000,248900,416900,projection,G2L2W1
2034,87,140200,216100,356300,projection,G2L2W1
2034,88,106100,171000,277100,projection,G2L2W1
2034,89,79500,135000,214500,projection,G2L2W1
2034,90,90100,158000,248100,projection,G2L2W1
2034,91,75200,137800,213000,projection,G2L2W1
2034,92,58200,112800,171000,projection,G2L2W1
2034,93,54500,113300,167800,projection,G2L2W1
2034,94,42200,95200,137400,projection,G2L2W1
2034,95,30100,72600,102700,projection,G2L2W1
2034,96,19400,50300,69700,projection,G2L2W1
2034,97,12200,33900,46100,projection,G2L2W1
2034,98,7500,22600,30100,projection,G2L2W1
2034,99,4500,14600,19100,projection,G2L2W1
2035,0,320800,304600,625400,projection,G2L2W1
2035,1,321900,305900,627800,projection,G2L2W1
2035,2,323300,307400,630700,projection,G2L2W1
2035,3,325600,309900,635500,projection,G2L2W1
2035,4,326800,311300,638100,projection,G2L2W1
2035,5,327100,311800,638900,projection,G2L2W1
2035,6,326900,311700,638600,projection,G2L2W1
2035,7,326500,311600,638100,projection,G2L2W1
2035,8,328300,313500,641800,projection,G2L2W1
2035,9,331800,316900,648700,projection,G2L2W1
2035,10,338600,323600,662200,projection,G2L2W1
2035,11,351900,335800,687700,projection,G2L2W1
2035,12,365600,349700,715300,projection,G2L2W1
2035,13,388100,370400,758500,projection,G2L2W1
2035,14,415100,396300,811400,projection,G2L2W1
2035,15,408900,389500,798400,projection,G2L2W1
2035,16,414100,394000,808100,projection,G2L2W1
2035,17,421800,401500,823300,projection,G2L2W1
2035,18,428800,407100,835900,projection,G2L2W1
2035,19,434400,414200,848600,projection,G2L2W1
2035,20,427000,403900,830900,projection,G2L2W1
2035,21,425900,404300,830200,projection,G2L2W1
2035,22,415300,393300,808600,projection,G2L2W1
2035,23,418900,395300,814200,projection,G2L2W1
2035,24,415200,392200,807400,projection,G2L2W1
2035,25,427200,403600,830800,projection,G2L2W1
2035,26,425600,399500,825100,projection,G2L2W1
2035,27,439600,411000,850600,projection,G2L2W1
2035,28,444900,408800,853700,projection,G2L2W1
2035,29,447000,405700,852700,projection,G2L2W1
2035,30,457200,418500,875700,projection,G2L2W1
2035,31,466600,431900,898500,projection,G2L2W1
2035,32,458000,429600,887600,projection,G2L2W1
2035,33,470400,436800,907200,projection,G2L2W1
2035,34,489100,450000,939100,projection,G2L2W1
2035,35,519800,474300,994100,projection,G2L2W1
2035,36,530800,475500,1006300,projection,G2L2W1
2035,37,539800,488800,1028600,projection,G2L2W1
2035,38,550100,501200,1051300,projection,G2L2W1
2035,39,536700,492500,1029200,projection,G2L2W1
2035,40,524200,482400,1006600,projection,G2L2W1
2035,41,524700,486800,1011500,projection,G2L2W1
2035,42,535200,500700,1035900,projection,G2L2W1
2035,43,541700,510000,1051700,projection,G2L2W1
2035,44,552900,523500,1076400,projection,G2L2W1
2035,45,597000,567600,1164600,projection,G2L2W1
2035,46,587700,562000,1149700,projection,G2L2W1
2035,47,599500,573700,1173200,projection,G2L2W1
2035,48,585400,562900,1148300,projection,G2L2W1
2035,49,570900,557000,1127900,projection,G2L2W1
2035,50,552800,540000,1092800,projection,G2L2W1
2035,51,545000,536500,1081500,projection,G2L2W1
2035,52,541700,536700,1078400,projection,G2L2W1
2035,53,546600,544100,1090700,projection,G2L2W1
2035,54,535000,540000,1075000,projection,G2L2W1
2035,55,533300,539300,1072600,projection,G2L2W1
2035,56,503600,511400,1015000,projection,G2L2W1
2035,57,492300,500500,992800,projection,G2L2W1
2035,58,483200,491300,974500,projection,G2L2W1
2035,59,467900,480300,948200,projection,G2L2W1
2035,60,451600,464000,915600,projection,G2L2W1
2035,61,451700,467400,919100,projection,G2L2W1
2035,62,448600,466000,914600,projection,G2L2W1
2035,63,481200,501100,982300,projection,G2L2W1
2035,64,524500,547100,1071600,projection,G2L2W1
2035,65,535500,561100,1096600,projection,G2L2W1
2035,66,567200,592400,1159600,projection,G2L2W1
2035,67,583100,611700,1194800,projection,G2L2W1
2035,68,585600,619200,1204800,projection,G2L2W1
2035,69,589200,627200,1216400,projection,G2L2W1
2035,70,577500,619200,1196700,projection,G2L2W1
2035,71,573400,624000,1197400,projection,G2L2W1
2035,72,553700,610500,1164200,projection,G2L2W1
2035,73,523100,586600,1109700,projection,G2L2W1
2035,74,501200,571700,1072900,projection,G2L2W1
2035,75,466000,543900,1009900,projection,G2L2W1
2035,76,436800,518700,955500,projection,G2L2W1
2035,77,396800,478400,875200,projection,G2L2W1
2035,78,374300,456700,831000,projection,G2L2W1
2035,79,350500,434000,784500,projection,G2L2W1
2035,80,321000,409600,730600,projection,G2L2W1
2035,81,296200,390700,686900,projection,G2L2W1
2035,82,268100,364400,632500,projection,G2L2W1
2035,83,250300,347900,598200,projection,G2L2W1
2035,84,227600,323900,551500,projection,G2L2W1
2035,85,208200,304700,512900,projection,G2L2W1
2035,86,182500,273400,455900,projection,G2L2W1
2035,87,149300,228300,377600,projection,G2L2W1
2035,88,122600,195400,318000,projection,G2L2W1
2035,89,91000,152100,243100,projection,G2L2W1
2035,90,66600,117800,184400,projection,G2L2W1
2035,91,73700,135000,208700,projection,G2L2W1
2035,92,59900,115100,175000,projection,G2L2W1
2035,93,45000,91900,136900,projection,G2L2W1
2035,94,40900,89800,130700,projection,G2L2W1
2035,95,30600,73400,104000,projection,G2L2W1
2035,96,21100,54300,75400,projection,G2L2W1
2035,97,13200,36500,49700,projection,G2L2W1
2035,98,8100,23700,31800,projection,G2L2W1
2035,99,4800,15400,20200,projection,G2L2W1
2036,0,319000,303000,622000,projection,G2L2W1
2036,1,321300,305400,626700,projection,G2L2W1
2036,2,322500,306700,629200,projection,G2L2W1
2036,3,323800,308200,632000,projection,G2L2W1
2036,4,326100,310600,636700,projection,G2L2W1
2036,5,327300,312000,639300,projection,G2L2W1
2036,6,327600,312400,640000,projection,G2L2W1
2036,7,327500,312500,640000,projection,G2L2W1
2036,8,327100,312300,639400,projection,G2L2W1
2036,9,329000,314300,643300,projection,G2L2W1
2036,10,332400,317700,650100,projection,G2L2W1
2036,11,339200,324300,663500,projection,G2L2W1
2036,12,352600,336500,689100,projection,G2L2W1
2036,13,366300,350300,716600,projection,G2L2W1
2036,14,388800,371000,759800,projection,G2L2W1
2036,15,416000,396900,812900,projection,G2L2W1
2036,16,410300,390200,800500,projection,G2L2W1
2036,17,415800,394700,810500,projection,G2L2W1
2036,18,424200,403500,827700,projection,G2L2W1
2036,19,431500,410100,841600,projection,G2L2W1
2036,20,437200,417300,854500,projection,G2L2W1
2036,21,429700,406700,836400,projection,G2L2W1
2036,22,428900,407300,836200,projection,G2L2W1
2036,23,418500,396400,814900,projection,G2L2W1
2036,24,422000,398400,820400,projection,G2L2W1
2036,25,418100,395100,813200,projection,G2L2W1
2036,26,430000,406300,836300,projection,G2L2W1
2036,27,428000,401900,829900,projection,G2L2W1
2036,28,441900,413200,855100,projection,G2L2W1
2036,29,446900,410800,857700,projection,G2L2W1
2036,30,448900,407600,856500,projection,G2L2W1
2036,31,458900,420200,879100,projection,G2L2W1
2036,32,468100,433400,901500,projection,G2L2W1
2036,33,459400,431000,890400,projection,G2L2W1
2036,34,471700,438000,909700,projection,G2L2W1
2036,35,490200,451200,941400,projection,G2L2W1
2036,36,520800,475400,996200,projection,G2L2W1
2036,37,531700,476500,1008200,projection,G2L2W1
2036,38,540600,489700,1030300,projection,G2L2W1
2036,39,550800,502000,1052800,projection,G2L2W1
2036,40,537300,493200,1030500,projection,G2L2W1
2036,41,524700,483100,1007800,projection,G2L2W1
2036,42,525100,487400,1012500,projection,G2L2W1
2036,43,535500,501200,1036700,projection,G2L2W1
2036,44,541800,510400,1052200,projection,G2L2W1
2036,45,552800,523800,1076600,projection,G2L2W1
2036,46,596700,567700,1164400,projection,G2L2W1
2036,47,587300,562100,1149400,projection,G2L2W1
2036,48,598800,573600,1172400,projection,G2L2W1
2036,49,584600,562800,1147400,projection,G2L2W1
2036,50,569900,556700,1126600,projection,G2L2W1
2036,51,551600,539600,1091200,projection,G2L2W1
2036,52,543700,536000,1079700,projection,G2L2W1
2036,53,540200,536000,1076200,projection,G2L2W1
2036,54,544700,543300,1088000,projection,G2L2W1
2036,55,532900,539000,1071900,projection,G2L2W1
2036,56,531000,538100,1069100,projection,G2L2W1
2036,57,501100,510100,1011200,projection,G2L2W1
2036,58,489500,499100,988600,projection,G2L2W1
2036,59,480100,489700,969800,projection,G2L2W1
2036,60,464700,478500,943200,projection,G2L2W1
2036,61,447900,462000,909900,projection,G2L2W1
2036,62,447500,465100,912600,projection,G2L2W1
2036,63,444000,463400,907400,projection,G2L2W1
2036,64,475600,498000,973600,projection,G2L2W1
2036,65,517900,543300,1061200,projection,G2L2W1
2036,66,528000,556800,1084800,projection,G2L2W1
2036,67,558500,587400,1145900,projection,G2L2W1
2036,68,573400,606000,1179400,projection,G2L2W1
2036,69,575000,612900,1187900,projection,G2L2W1
2036,70,577600,620200,1197800,projection,G2L2W1
2036,71,565100,611600,1176700,projection,G2L2W1
2036,72,559900,615500,1175400,projection,G2L2W1
2036,73,539500,601300,1140800,projection,G2L2W1
2036,74,508500,576800,1085300,projection,G2L2W1
2036,75,485900,561000,1046900,projection,G2L2W1
2036,76,450400,532500,982900,projection,G2L2W1
2036,77,420800,506700,927500,projection,G2L2W1
2036,78,380800,466000,846800,projection,G2L2W1
2036,79,357700,443500,801200,projection,G2L2W1
2036,80,333400,419900,753300,projection,G2L2W1
2036,81,303600,394700,698300,projection,G2L2W1
2036,82,278300,374700,653000,projection,G2L2W1
2036,83,249900,347500,597400,projection,G2L2W1
2036,84,231200,329400,560600,projection,G2L2W1
2036,85,208000,304000,512000,projection,G2L2W1
2036,86,187900,283100,471000,projection,G2L2W1
2036,87,162300,250800,413100,projection,G2L2W1
2036,88,130500,206500,337000,projection,G2L2W1
2036,89,105100,173900,279000,projection,G2L2W1
2036,90,76300,132800,209100,projection,G2L2W1
2036,91,54500,100800,155300,projection,G2L2W1
2036,92,58700,112900,171600,projection,G2L2W1
2036,93,46300,93800,140100,projection,G2L2W1
2036,94,33700,72900,106600,projection,G2L2W1
2036,95,29700,69300,99000,projection,G2L2W1
2036,96,21500,55000,76500,projection,G2L2W1
2036,97,14400,39400,53800,projection,G2L2W1
2036,98,8800,25600,34400,projection,G2L2W1
2036,99,5200,16200,21400,projection,G2L2W1
2037,0,317600,301600,619200,projection,G2L2W1
2037,1,319600,303700,623300,projection,G2L2W1
2037,2,321900,306100,628000,projection,G2L2W1
2037,3,323000,307400,630400,projection,G2L2W1
2037,4,324300,308900,633200,projection,G2L2W1
2037,5,326700,311300,638000,projection,G2L2W1
2037,6,327800,312600,640400,projection,G2L2W1
2037,7,328200,313200,641400,projection,G2L2W1
2037,8,328100,313300,641400,projection,G2L2W1
2037,9,327700,313100,640800,projection,G2L2W1
2037,10,329600,315000,644600,projection,G2L2W1
2037,11,333000,318400,651400,projection,G2L2W1
2037,12,339800,325000,664800,projection,G2L2W1
2037,13,353200,337100,690300,projection,G2L2W1
2037,14,367000,351000,718000,projection,G2L2W1
2037,15,389800,371700,761500,projection,G2L2W1
2037,16,417400,397700,815100,projection,G2L2W1
2037,17,411900,390900,802800,projection,G2L2W1
2037,18,418300,396700,815000,projection,G2L2W1
2037,19,426900,406400,833300,projection,G2L2W1
2037,20,434300,413200,847500,projection,G2L2W1
2037,21,439900,420100,860000,projection,G2L2W1
2037,22,432800,409700,842500,projection,G2L2W1
2037,23,432100,410400,842500,projection,G2L2W1
2037,24,421600,399400,821000,projection,G2L2W1
2037,25,424900,401300,826200,projection,G2L2W1
2037,26,420900,397900,818800,projection,G2L2W1
2037,27,432400,408700,841100,projection,G2L2W1
2037,28,430200,404100,834300,projection,G2L2W1
2037,29,443900,415200,859100,projection,G2L2W1
2037,30,448700,412600,861300,projection,G2L2W1
2037,31,450500,409200,859700,projection,G2L2W1
2037,32,460400,421700,882100,projection,G2L2W1
2037,33,469500,434800,904300,projection,G2L2W1
2037,34,460700,432300,893000,projection,G2L2W1
2037,35,472900,439200,912100,projection,G2L2W1
2037,36,491300,452300,943600,projection,G2L2W1
2037,37,521700,476400,998100,projection,G2L2W1
2037,38,532500,477400,1009900,projection,G2L2W1
2037,39,541300,490500,1031800,projection,G2L2W1
2037,40,551400,502800,1054200,projection,G2L2W1
2037,41,537800,493900,1031700,projection,G2L2W1
2037,42,525100,483700,1008800,projection,G2L2W1
2037,43,525300,487900,1013200,projection,G2L2W1
2037,44,535600,501600,1037200,projection,G2L2W1
2037,45,541700,510800,1052500,projection,G2L2W1
2037,46,552600,524000,1076600,projection,G2L2W1
2037,47,596300,567800,1164100,projection,G2L2W1
2037,48,586600,562100,1148700,projection,G2L2W1
2037,49,598000,573500,1171500,projection,G2L2W1
2037,50,583600,562500,1146100,projection,G2L2W1
2037,51,568800,556300,1125100,projection,G2L2W1
2037,52,550300,539100,1089400,projection,G2L2W1
2037,53,542100,535300,1077400,projection,G2L2W1
2037,54,538400,535200,1073600,projection,G2L2W1
2037,55,542600,542300,1084900,projection,G2L2W1
2037,56,530600,537800,1068400,projection,G2L2W1
2037,57,528300,536700,1065000,projection,G2L2W1
2037,58,498300,508700,1007000,projection,G2L2W1
2037,59,486400,497500,983900,projection,G2L2W1
2037,60,476800,487900,964700,projection,G2L2W1
2037,61,460900,476500,937400,projection,G2L2W1
2037,62,443800,459800,903600,projection,G2L2W1
2037,63,443000,462600,905600,projection,G2L2W1
2037,64,439000,460600,899600,projection,G2L2W1
2037,65,469600,494600,964200,projection,G2L2W1
2037,66,510600,539200,1049800,projection,G2L2W1
2037,67,520000,552100,1072100,projection,G2L2W1
2037,68,549300,582000,1131300,projection,G2L2W1
2037,69,563100,599800,1162900,projection,G2L2W1
2037,70,563700,606100,1169800,projection,G2L2W1
2037,71,565200,612600,1177800,projection,G2L2W1
2037,72,551900,603300,1155200,projection,G2L2W1
2037,73,545700,606300,1152000,projection,G2L2W1
2037,74,524500,591300,1115800,projection,G2L2W1
2037,75,493100,566100,1059200,projection,G2L2W1
2037,76,469700,549400,1019100,projection,G2L2W1
2037,77,434000,520200,954200,projection,G2L2W1
2037,78,404000,493600,897600,projection,G2L2W1
2037,79,364100,452600,816700,projection,G2L2W1
2037,80,340300,429200,769500,projection,G2L2W1
2037,81,315400,404800,720200,projection,G2L2W1
2037,82,285300,378600,663900,projection,G2L2W1
2037,83,259500,357400,616900,projection,G2L2W1
2037,84,231000,329100,560100,projection,G2L2W1
2037,85,211400,309300,520700,projection,G2L2W1
2037,86,187800,282500,470300,projection,G2L2W1
2037,87,167200,259900,427100,projection,G2L2W1
2037,88,142100,227000,369100,projection,G2L2W1
2037,89,112100,183900,296000,projection,G2L2W1
2037,90,88300,151900,240200,projection,G2L2W1
2037,91,62500,113700,176200,projection,G2L2W1
2037,92,43500,84300,127800,projection,G2L2W1
2037,93,45500,92100,137600,projection,G2L2W1
2037,94,34800,74600,109400,projection,G2L2W1
2037,95,24600,56300,80900,projection,G2L2W1
2037,96,20900,52000,72900,projection,G2L2W1
2037,97,14700,40000,54700,projection,G2L2W1
2037,98,9600,27700,37300,projection,G2L2W1
2037,99,5600,17500,23100,projection,G2L2W1
2038,0,316600,300600,617200,projection,G2L2W1
2038,1,318200,302400,620600,projection,G2L2W1
2038,2,320200,304500,624700,projection,G2L2W1
2038,3,322500,306900,629400,projection,G2L2W1
2038,4,323600,308200,631800,projection,G2L2W1
2038,5,324900,309600,634500,projection,G2L2W1
2038,6,327200,312000,639200,projection,G2L2W1
2038,7,328400,313400,641800,projection,G2L2W1
2038,8,328800,314000,642800,projection,G2L2W1
2038,9,328700,314000,642700,projection,G2L2W1
2038,10,328400,313900,642300,projection,G2L2W1
2038,11,330200,315800,646000,projection,G2L2W1
2038,12,333600,319100,652700,projection,G2L2W1
2038,13,340500,325700,666200,projection,G2L2W1
2038,14,353900,337800,691700,projection,G2L2W1
2038,15,367900,351700,719600,projection,G2L2W1
2038,16,391100,372400,763500,projection,G2L2W1
2038,17,419100,398400,817500,projection,G2L2W1
2038,18,414400,392900,807300,projection,G2L2W1
2038,19,421000,399700,820700,projection,G2L2W1
2038,20,429700,409500,839200,projection,G2L2W1
2038,21,437000,416000,853000,projection,G2L2W1
2038,22,442900,423100,866000,projection,G2L2W1
2038,23,436000,412800,848800,projection,G2L2W1
2038,24,435200,413500,848700,projection,G2L2W1
2038,25,424500,402300,826800,projection,G2L2W1
2038,26,427700,404000,831700,projection,G2L2W1
2038,27,423300,400300,823600,projection,G2L2W1
2038,28,434600,410900,845500,projection,G2L2W1
2038,29,432200,406100,838300,projection,G2L2W1
2038,30,445700,417000,862700,projection,G2L2W1
2038,31,450300,414300,864600,projection,G2L2W1
2038,32,452000,410800,862800,projection,G2L2W1
2038,33,461800,423100,884900,projection,G2L2W1
2038,34,470800,436000,906800,projection,G2L2W1
2038,35,461900,433500,895400,projection,G2L2W1
2038,36,474000,440300,914300,projection,G2L2W1
2038,37,492200,453300,945500,projection,G2L2W1
2038,38,522600,477300,999900,projection,G2L2W1
2038,39,533200,478200,1011400,projection,G2L2W1
2038,40,541900,491300,1033200,projection,G2L2W1
2038,41,551900,503400,1055300,projection,G2L2W1
2038,42,538200,494500,1032700,projection,G2L2W1
2038,43,525400,484200,1009600,projection,G2L2W1
2038,44,525500,488400,1013900,projection,G2L2W1
2038,45,535600,502000,1037600,projection,G2L2W1
2038,46,541600,511000,1052600,projection,G2L2W1
2038,47,552200,524200,1076400,projection,G2L2W1
2038,48,595600,567800,1163400,projection,G2L2W1
2038,49,585900,561900,1147800,projection,G2L2W1
2038,50,597000,573200,1170200,projection,G2L2W1
2038,51,582400,562100,1144500,projection,G2L2W1
2038,52,567400,555800,1123200,projection,G2L2W1
2038,53,548700,538400,1087100,projection,G2L2W1
2038,54,540300,534500,1074800,projection,G2L2W1
2038,55,536300,534200,1070500,projection,G2L2W1
2038,56,540300,541100,1081400,projection,G2L2W1
2038,57,528000,536500,1064500,projection,G2L2W1
2038,58,525400,535200,1060600,projection,G2L2W1
2038,59,495200,507000,1002200,projection,G2L2W1
2038,60,483100,495600,978700,projection,G2L2W1
2038,61,473000,485800,958800,projection,G2L2W1
2038,62,456700,474200,930900,projection,G2L2W1
2038,63,439300,457400,896700,projection,G2L2W1
2038,64,438000,459800,897800,projection,G2L2W1
2038,65,433500,457500,891000,projection,G2L2W1
2038,66,463100,490800,953900,projection,G2L2W1
2038,67,503000,534700,1037700,projection,G2L2W1
2038,68,511500,547000,1058500,projection,G2L2W1
2038,69,539500,576100,1115600,projection,G2L2W1
2038,70,552100,593200,1145300,projection,G2L2W1
2038,71,551700,598700,1150400,projection,G2L2W1
2038,72,552100,604400,1156500,projection,G2L2W1
2038,73,537900,594300,1132200,projection,G2L2W1
2038,74,530600,596200,1126800,projection,G2L2W1
2038,75,508700,580400,1089100,projection,G2L2W1
2038,76,476800,554400,1031200,projection,G2L2W1
2038,77,452700,536700,989400,projection,G2L2W1
2038,78,416800,506900,923700,projection,G2L2W1
2038,79,386300,479400,865700,projection,G2L2W1
2038,80,346400,438100,784500,projection,G2L2W1
2038,81,322000,413800,735800,projection,G2L2W1
2038,82,296500,388400,684900,projection,G2L2W1
2038,83,266200,361200,627400,projection,G2L2W1
2038,84,239900,338500,578400,projection,G2L2W1
2038,85,211300,309100,520400,projection,G2L2W1
2038,86,190900,287500,478400,projection,G2L2W1
2038,87,167200,259500,426700,projection,G2L2W1
2038,88,146400,235300,381700,projection,G2L2W1
2038,89,122000,202200,324200,projection,G2L2W1
2038,90,94200,160800,255000,projection,G2L2W1
2038,91,72400,130200,202600,projection,G2L2W1
2038,92,50000,95200,145200,projection,G2L2W1
2038,93,33800,68900,102700,projection,G2L2W1
2038,94,34200,73300,107500,projection,G2L2W1
2038,95,25400,57700,83100,projection,G2L2W1
2038,96,17300,42300,59600,projection,G2L2W1
2038,97,14300,37900,52200,projection,G2L2W1
2038,98,9800,28100,37900,projection,G2L2W1
2038,99,6200,19000,25200,projection,G2L2W1
2039,0,315900,300000,615900,projection,G2L2W1
2039,1,317100,301400,618500,projection,G2L2W1
2039,2,318800,303100,621900,projection,G2L2W1
2039,3,320700,305200,625900,projection,G2L2W1
2039,4,323000,307600,630600,projection,G2L2W1
2039,5,324100,308900,633000,projection,G2L2W1
2039,6,325400,310300,635700,projection,G2L2W1
2039,7,327800,312800,640600,projection,G2L2W1
2039,8,329000,314200,643200,projection,G2L2W1
2039,9,329400,314700,644100,projection,G2L2W1
2039,10,329300,314800,644100,projection,G2L2W1
2039,11,329000,314600,643600,projection,G2L2W1
2039,12,330900,316500,647400,projection,G2L2W1
2039,13,334300,319800,654100,projection,G2L2W1
2039,14,341200,326300,667500,projection,G2L2W1
2039,15,354900,338400,693300,projection,G2L2W1
2039,16,369300,352400,721700,projection,G2L2W1
2039,17,392800,373200,766000,projection,G2L2W1
2039,18,421500,400400,821900,projection,G2L2W1
2039,19,417100,395900,813000,projection,G2L2W1
2039,20,423800,402800,826600,projection,G2L2W1
2039,21,432500,412300,844800,projection,G2L2W1
2039,22,440000,419000,859000,projection,G2L2W1
2039,23,446100,426200,872300,projection,G2L2W1
2039,24,439100,415800,854900,projection,G2L2W1
2039,25,438100,416400,854500,projection,G2L2W1
2039,26,427300,405000,832300,projection,G2L2W1
2039,27,430100,406400,836500,projection,G2L2W1
2039,28,425500,402500,828000,projection,G2L2W1
2039,29,436700,412900,849600,projection,G2L2W1
2039,30,434100,408000,842100,projection,G2L2W1
2039,31,447400,418700,866100,projection,G2L2W1
2039,32,451900,415800,867700,projection,G2L2W1
2039,33,453500,412100,865600,projection,G2L2W1
2039,34,463100,424400,887500,projection,G2L2W1
2039,35,471900,437200,909100,projection,G2L2W1
2039,36,463000,434600,897600,projection,G2L2W1
2039,37,475000,441400,916400,projection,G2L2W1
2039,38,493100,454200,947300,projection,G2L2W1
2039,39,523300,478200,1001500,projection,G2L2W1
2039,40,533900,479000,1012900,projection,G2L2W1
2039,41,542400,492000,1034400,projection,G2L2W1
2039,42,552200,504000,1056200,projection,G2L2W1
2039,43,538500,495000,1033500,projection,G2L2W1
2039,44,525500,484700,1010200,projection,G2L2W1
2039,45,525500,488700,1014200,projection,G2L2W1
2039,46,535400,502200,1037600,projection,G2L2W1
2039,47,541200,511200,1052400,projection,G2L2W1
2039,48,551700,524200,1075900,projection,G2L2W1
2039,49,594800,567600,1162400,projection,G2L2W1
2039,50,584900,561700,1146600,projection,G2L2W1
2039,51,595700,572800,1168500,projection,G2L2W1
2039,52,581000,561600,1142600,projection,G2L2W1
2039,53,565800,555100,1120900,projection,G2L2W1
2039,54,546900,537600,1084500,projection,G2L2W1
2039,55,538300,533500,1071800,projection,G2L2W1
2039,56,534000,533100,1067100,projection,G2L2W1
2039,57,537600,539800,1077400,projection,G2L2W1
2039,58,525100,534900,1060000,projection,G2L2W1
2039,59,522100,533500,1055600,projection,G2L2W1
2039,60,491800,505100,996900,projection,G2L2W1
2039,61,479200,493500,972700,projection,G2L2W1
2039,62,468700,483500,952200,projection,G2L2W1
2039,63,452200,471700,923900,projection,G2L2W1
2039,64,434400,454600,889000,projection,G2L2W1
2039,65,432600,456700,889300,projection,G2L2W1
2039,66,427500,454100,881600,projection,G2L2W1
2039,67,456200,486800,943000,projection,G2L2W1
2039,68,494800,529800,1024600,projection,G2L2W1
2039,69,502500,541500,1044000,projection,G2L2W1
2039,70,529100,569800,1098900,projection,G2L2W1
2039,71,540500,586000,1126500,projection,G2L2W1
2039,72,539100,590700,1129800,projection,G2L2W1
2039,73,538300,595400,1133700,projection,G2L2W1
2039,74,523200,584500,1107700,projection,G2L2W1
2039,75,514700,585300,1100000,projection,G2L2W1
2039,76,492000,568500,1060500,projection,G2L2W1
2039,77,459700,541700,1001400,projection,G2L2W1
2039,78,434900,523000,957900,projection,G2L2W1
2039,79,398600,492400,891000,projection,G2L2W1
2039,80,367700,464100,831800,projection,G2L2W1
2039,81,327900,422400,750300,projection,G2L2W1
2039,82,302800,397200,700000,projection,G2L2W1
2039,83,276700,370600,647300,projection,G2L2W1
2039,84,246200,342300,588500,projection,G2L2W1
2039,85,219600,318000,537600,projection,G2L2W1
2039,86,191000,287400,478400,projection,G2L2W1
2039,87,170100,264200,434300,projection,G2L2W1
2039,88,146600,235100,381700,projection,G2L2W1
2039,89,125900,209800,335700,projection,G2L2W1
2039,90,102700,177000,279700,projection,G2L2W1
2039,91,77400,137900,215300,projection,G2L2W1
2039,92,57900,109100,167000,projection,G2L2W1
2039,93,38800,77900,116700,projection,G2L2W1
2039,94,25400,54900,80300,projection,G2L2W1
2039,95,25000,56800,81800,projection,G2L2W1
2039,96,17900,43400,61300,projection,G2L2W1
2039,97,11900,30900,42800,projection,G2L2W1
2039,98,9500,26700,36200,projection,G2L2W1
2039,99,6300,19300,25600,projection,G2L2W1
2040,0,315000,299100,614100,projection,G2L2W1
2040,1,316400,300700,617100,projection,G2L2W1
2040,2,317700,302100,619800,projection,G2L2W1
2040,3,319300,303900,623200,projection,G2L2W1
2040,4,321300,306000,627300,projection,G2L2W1
2040,5,323500,308300,631800,projection,G2L2W1
2040,6,324600,309600,634200,projection,G2L2W1
2040,7,325900,311100,637000,projection,G2L2W1
2040,8,328400,313500,641900,projection,G2L2W1
2040,9,329700,314900,644600,projection,G2L2W1
2040,10,330100,315500,645600,projection,G2L2W1
2040,11,330000,315500,645500,projection,G2L2W1
2040,12,329600,315300,644900,projection,G2L2W1
2040,13,331500,317100,648600,projection,G2L2W1
2040,14,335000,320400,655400,projection,G2L2W1
2040,15,342100,327000,669100,projection,G2L2W1
2040,16,356200,339200,695400,projection,G2L2W1
2040,17,371000,353100,724100,projection,G2L2W1
2040,18,395300,375100,770400,projection,G2L2W1
2040,19,424300,403400,827700,projection,G2L2W1
2040,20,419900,399000,818900,projection,G2L2W1
2040,21,426500,405600,832100,projection,G2L2W1
2040,22,435500,415300,850800,projection,G2L2W1
2040,23,443300,422100,865400,projection,G2L2W1
2040,24,449200,429200,878400,projection,G2L2W1
2040,25,442000,418700,860700,projection,G2L2W1
2040,26,440900,419100,860000,projection,G2L2W1
2040,27,429700,407500,837200,projection,G2L2W1
2040,28,432400,408600,841000,projection,G2L2W1
2040,29,427600,404500,832100,projection,G2L2W1
2040,30,438500,414800,853300,projection,G2L2W1
2040,31,435700,409600,845300,projection,G2L2W1
2040,32,448900,420200,869100,projection,G2L2W1
2040,33,453300,417200,870500,projection,G2L2W1
2040,34,454800,413400,868200,projection,G2L2W1
2040,35,464300,425600,889900,projection,G2L2W1
2040,36,473000,438300,911300,projection,G2L2W1
2040,37,464000,435600,899600,projection,G2L2W1
2040,38,475800,442300,918100,projection,G2L2W1
2040,39,493900,455100,949000,projection,G2L2W1
2040,40,523900,479000,1002900,projection,G2L2W1
2040,41,534400,479700,1014100,projection,G2L2W1
2040,42,542800,492600,1035400,projection,G2L2W1
2040,43,552500,504600,1057100,projection,G2L2W1
2040,44,538600,495500,1034100,projection,G2L2W1
2040,45,525500,485100,1010600,projection,G2L2W1
2040,46,525400,489000,1014400,projection,G2L2W1
2040,47,535100,502400,1037500,projection,G2L2W1
2040,48,540700,511200,1051900,projection,G2L2W1
2040,49,551000,524100,1075100,projection,G2L2W1
2040,50,593800,567400,1161200,projection,G2L2W1
2040,51,583700,561300,1145000,projection,G2L2W1
2040,52,594300,572200,1166500,projection,G2L2W1
2040,53,579400,560900,1140300,projection,G2L2W1
2040,54,563900,554300,1118200,projection,G2L2W1
2040,55,544900,536700,1081600,projection,G2L2W1
2040,56,536000,532400,1068400,projection,G2L2W1
2040,57,531400,531800,1063200,projection,G2L2W1
2040,58,534700,538300,1073000,projection,G2L2W1
2040,59,521800,533200,1055000,projection,G2L2W1
2040,60,518500,531500,1050000,projection,G2L2W1
2040,61,487900,503000,990900,projection,G2L2W1
2040,62,475000,491200,966200,projection,G2L2W1
2040,63,464100,481000,945100,projection,G2L2W1
2040,64,447100,468800,915900,projection,G2L2W1
2040,65,429100,451600,880700,projection,G2L2W1
2040,66,426700,453300,880000,projection,G2L2W1
2040,67,421200,450300,871500,projection,G2L2W1
2040,68,448900,482400,931300,projection,G2L2W1
2040,69,486100,524500,1010600,projection,G2L2W1
2040,70,492800,535600,1028400,projection,G2L2W1
2040,71,518100,562900,1081000,projection,G2L2W1
2040,72,528200,578200,1106400,projection,G2L2W1
2040,73,525700,582000,1107700,projection,G2L2W1
2040,74,523700,585700,1109400,projection,G2L2W1
2040,75,507700,573900,1081600,projection,G2L2W1
2040,76,498000,573300,1071300,projection,G2L2W1
2040,77,474500,555500,1030000,projection,G2L2W1
2040,78,441600,527900,969500,projection,G2L2W1
2040,79,416000,508200,924200,projection,G2L2W1
2040,80,379600,476800,856400,projection,G2L2W1
2040,81,348200,447600,795800,projection,G2L2W1
2040,82,308500,405500,714000,projection,G2L2W1
2040,83,282800,379100,661900,projection,G2L2W1
2040,84,256100,351300,607400,projection,G2L2W1
2040,85,225400,321600,547000,projection,G2L2W1
2040,86,198600,295800,494400,projection,G2L2W1
2040,87,170300,264200,434500,projection,G2L2W1
2040,88,149200,239400,388600,projection,G2L2W1
2040,89,126100,209700,335800,projection,G2L2W1
2040,90,106000,183700,289700,projection,G2L2W1
2040,91,84400,151900,236300,projection,G2L2W1
2040,92,61900,115700,177600,projection,G2L2W1
2040,93,45000,89300,134300,projection,G2L2W1
2040,94,29300,62100,91400,projection,G2L2W1
2040,95,18600,42600,61200,projection,G2L2W1
2040,96,17700,42800,60500,projection,G2L2W1
2040,97,12300,31700,44000,projection,G2L2W1
2040,98,7900,21800,29700,projection,G2L2W1
2040,99,6200,18400,24600,projection,G2L2W1
2041,0,314000,298200,612200,projection,G2L2W1
2041,1,315600,299900,615500,projection,G2L2W1
2041,2,317000,301500,618500,projection,G2L2W1
2041,3,318300,302900,621200,projection,G2L2W1
2041,4,319900,304600,624500,projection,G2L2W1
2041,5,321800,306700,628500,projection,G2L2W1
2041,6,324000,309000,633000,projection,G2L2W1
2041,7,325200,310300,635500,projection,G2L2W1
2041,8,326600,311800,638400,projection,G2L2W1
2041,9,329000,314300,643300,projection,G2L2W1
2041,10,330300,315700,646000,projection,G2L2W1
2041,11,330700,316200,646900,projection,G2L2W1
2041,12,330600,316200,646800,projection,G2L2W1
2041,13,330300,316000,646300,projection,G2L2W1
2041,14,332200,317800,650000,projection,G2L2W1
2041,15,336000,321100,657100,projection,G2L2W1
2041,16,343500,327700,671200,projection,G2L2W1
2041,17,358000,339900,697900,projection,G2L2W1
2041,18,373500,355100,728600,projection,G2L2W1
2041,19,398000,378100,776100,projection,G2L2W1
2041,20,427100,406400,833500,projection,G2L2W1
2041,21,422600,401800,824400,projection,G2L2W1
2041,22,429500,408600,838100,projection,G2L2W1
2041,23,438700,418400,857100,projection,G2L2W1
2041,24,446400,425100,871500,projection,G2L2W1
2041,25,452100,432100,884200,projection,G2L2W1
2041,26,444700,421400,866100,projection,G2L2W1
2041,27,443300,421500,864800,projection,G2L2W1
2041,28,432000,409700,841700,projection,G2L2W1
2041,29,434400,410600,845000,projection,G2L2W1
2041,30,429400,406300,835700,projection,G2L2W1
2041,31,440200,416400,856600,projection,G2L2W1
2041,32,437300,411200,848500,projection,G2L2W1
2041,33,450300,421600,871900,projection,G2L2W1
2041,34,454600,418500,873100,projection,G2L2W1
2041,35,456000,414600,870600,projection,G2L2W1
2041,36,465400,426700,892100,projection,G2L2W1
2041,37,474000,439400,913400,projection,G2L2W1
2041,38,464800,436600,901400,projection,G2L2W1
2041,39,476600,443200,919800,projection,G2L2W1
2041,40,494600,455900,950500,projection,G2L2W1
2041,41,524500,479700,1004200,projection,G2L2W1
2041,42,534800,480300,1015100,projection,G2L2W1
2041,43,543100,493100,1036200,projection,G2L2W1
2041,44,552600,505000,1057600,projection,G2L2W1
2041,45,538600,495900,1034500,projection,G2L2W1
2041,46,525400,485400,1010800,projection,G2L2W1
2041,47,525100,489200,1014300,projection,G2L2W1
2041,48,534600,502500,1037100,projection,G2L2W1
2041,49,540100,511200,1051300,projection,G2L2W1
2041,50,550200,523900,1074100,projection,G2L2W1
2041,51,592700,567000,1159700,projection,G2L2W1
2041,52,582300,560800,1143100,projection,G2L2W1
2041,53,592600,571500,1164100,projection,G2L2W1
2041,54,577500,560100,1137600,projection,G2L2W1
2041,55,561900,553300,1115200,projection,G2L2W1
2041,56,542600,535600,1078200,projection,G2L2W1
2041,57,533400,531100,1064500,projection,G2L2W1
2041,58,528600,530300,1058900,projection,G2L2W1
2041,59,531400,536600,1068000,projection,G2L2W1
2041,60,518300,531300,1049600,projection,G2L2W1
2041,61,514500,529300,1043800,projection,G2L2W1
2041,62,483600,500700,984300,projection,G2L2W1
2041,63,470300,488600,958900,projection,G2L2W1
2041,64,459000,478100,937100,projection,G2L2W1
2041,65,441700,465700,907400,projection,G2L2W1
2041,66,423300,448200,871500,projection,G2L2W1
2041,67,420400,449600,870000,projection,G2L2W1
2041,68,414500,446300,860800,projection,G2L2W1
2041,69,441100,477600,918700,projection,G2L2W1
2041,70,476900,518800,995700,projection,G2L2W1
2041,71,482600,529200,1011800,projection,G2L2W1
2041,72,506300,555500,1061800,projection,G2L2W1
2041,73,515100,569700,1084800,projection,G2L2W1
2041,74,511500,572500,1084000,projection,G2L2W1
2041,75,508200,575000,1083200,projection,G2L2W1
2041,76,491200,562200,1053400,projection,G2L2W1
2041,77,480300,560300,1040600,projection,G2L2W1
2041,78,455900,541400,997300,projection,G2L2W1
2041,79,422600,513000,935600,projection,G2L2W1
2041,80,396200,492100,888300,projection,G2L2W1
2041,81,359500,459900,819400,projection,G2L2W1
2041,82,327700,429800,757500,projection,G2L2W1
2041,83,288200,387100,675300,projection,G2L2W1
2041,84,261800,359400,621200,projection,G2L2W1
2041,85,234600,330200,564800,projection,G2L2W1
2041,86,204000,299300,503300,projection,G2L2W1
2041,87,177200,272100,449300,projection,G2L2W1
2041,88,149400,239600,389000,projection,G2L2W1
2041,89,128500,213700,342200,projection,G2L2W1
2041,90,106300,183700,290000,projection,G2L2W1
2041,91,87200,157700,244900,projection,G2L2W1
2041,92,67600,127500,195100,projection,G2L2W1
2041,93,48200,94800,143000,projection,G2L2W1
2041,94,34000,71300,105300,projection,G2L2W1
2041,95,21400,48200,69600,projection,G2L2W1
2041,96,13200,32100,45300,projection,G2L2W1
2041,97,12200,31300,43500,projection,G2L2W1
2041,98,8200,22500,30700,projection,G2L2W1
2041,99,5100,15000,20100,projection,G2L2W1
2042,0,313400,297600,611000,projection,G2L2W1
2042,1,314600,298900,613500,projection,G2L2W1
2042,2,316100,300600,616700,projection,G2L2W1
2042,3,317600,302200,619800,projection,G2L2W1
2042,4,318800,303600,622400,projection,G2L2W1
2042,5,320400,305300,625700,projection,G2L2W1
2042,6,322300,307400,629700,projection,G2L2W1
2042,7,324600,309800,634400,projection,G2L2W1
2042,8,325800,311100,636900,projection,G2L2W1
2042,9,327200,312600,639800,projection,G2L2W1
2042,10,329600,315100,644700,projection,G2L2W1
2042,11,330900,316400,647300,projection,G2L2W1
2042,12,331300,316900,648200,projection,G2L2W1
2042,13,331200,316900,648100,projection,G2L2W1
2042,14,331000,316600,647600,projection,G2L2W1
2042,15,333200,318500,651700,projection,G2L2W1
2042,16,337300,321900,659200,projection,G2L2W1
2042,17,345200,328500,673700,projection,G2L2W1
2042,18,360400,341900,702300,projection,G2L2W1
2042,19,376200,358100,734300,projection,G2L2W1
2042,20,400800,381200,782000,projection,G2L2W1
2042,21,429800,409200,839000,projection,G2L2W1
2042,22,425700,404800,830500,projection,G2L2W1
2042,23,432800,411700,844500,projection,G2L2W1
2042,24,441800,421500,863300,projection,G2L2W1
2042,25,449300,428000,877300,projection,G2L2W1
2042,26,454900,434900,889800,projection,G2L2W1
2042,27,447200,423900,871100,projection,G2L2W1
2042,28,445600,423700,869300,projection,G2L2W1
2042,29,434000,411700,845700,projection,G2L2W1
2042,30,436200,412500,848700,projection,G2L2W1
2042,31,431100,408000,839100,projection,G2L2W1
2042,32,441700,418000,859700,projection,G2L2W1
2042,33,438700,412600,851300,projection,G2L2W1
2042,34,451600,422900,874500,projection,G2L2W1
2042,35,455800,419700,875500,projection,G2L2W1
2042,36,457100,415800,872900,projection,G2L2W1
2042,37,466400,427700,894100,projection,G2L2W1
2042,38,474900,440300,915200,projection,G2L2W1
2042,39,465700,437400,903100,projection,G2L2W1
2042,40,477300,444000,921300,projection,G2L2W1
2042,41,495100,456600,951700,projection,G2L2W1
2042,42,524900,480300,1005200,projection,G2L2W1
2042,43,535100,480900,1016000,projection,G2L2W1
2042,44,543200,493600,1036800,projection,G2L2W1
2042,45,552600,505400,1058000,projection,G2L2W1
2042,46,538500,496100,1034600,projection,G2L2W1
2042,47,525100,485500,1010600,projection,G2L2W1
2042,48,524600,489300,1013900,projection,G2L2W1
2042,49,534000,502400,1036400,projection,G2L2W1
2042,50,539300,511000,1050300,projection,G2L2W1
2042,51,549100,523600,1072700,projection,G2L2W1
2042,52,591300,566500,1157800,projection,G2L2W1
2042,53,580700,560100,1140800,projection,G2L2W1
2042,54,590800,570700,1161500,projection,G2L2W1
2042,55,575400,559100,1134500,projection,G2L2W1
2042,56,559500,552100,1111600,projection,G2L2W1
2042,57,540000,534300,1074300,projection,G2L2W1
2042,58,530600,529700,1060300,projection,G2L2W1
2042,59,525400,528600,1054000,projection,G2L2W1
2042,60,527900,534600,1062500,projection,G2L2W1
2042,61,514300,529100,1043400,projection,G2L2W1
2042,62,510000,526800,1036800,projection,G2L2W1
2042,63,478900,498100,977000,projection,G2L2W1
2042,64,465200,485700,950900,projection,G2L2W1
2042,65,453500,475000,928500,projection,G2L2W1
2042,66,435800,462300,898100,projection,G2L2W1
2042,67,417200,444600,861800,projection,G2L2W1
2042,68,413800,445600,859400,projection,G2L2W1
2042,69,407400,441900,849300,projection,G2L2W1
2042,70,432800,472500,905300,projection,G2L2W1
2042,71,467100,512700,979800,projection,G2L2W1
2042,72,471800,522300,994100,projection,G2L2W1
2042,73,493900,547400,1041300,projection,G2L2W1
2042,74,501300,560500,1061800,projection,G2L2W1
2042,75,496400,562200,1058600,projection,G2L2W1
2042,76,491800,563400,1055200,projection,G2L2W1
2042,77,473900,549500,1023400,projection,G2L2W1
2042,78,461700,546200,1007900,projection,G2L2W1
2042,79,436400,526200,962600,projection,G2L2W1
2042,80,402600,496900,899500,projection,G2L2W1
2042,81,375400,474800,850200,projection,G2L2W1
2042,82,338500,441600,780100,projection,G2L2W1
2042,83,306200,410400,716600,projection,G2L2W1
2042,84,266900,367100,634000,projection,G2L2W1
2042,85,239900,337900,577800,projection,G2L2W1
2042,86,212400,307400,519800,projection,G2L2W1
2042,87,182100,275400,457500,projection,G2L2W1
2042,88,155600,246800,402400,projection,G2L2W1
2042,89,128800,213900,342700,projection,G2L2W1
2042,90,108400,187400,295800,projection,G2L2W1
2042,91,87500,157900,245400,projection,G2L2W1
2042,92,70000,132600,202600,projection,G2L2W1
2042,93,52700,104600,157300,projection,G2L2W1
2042,94,36500,75800,112300,projection,G2L2W1
2042,95,24900,55500,80400,projection,G2L2W1
2042,96,15200,36400,51600,projection,G2L2W1
2042,97,9100,23500,32600,projection,G2L2W1
2042,98,8100,22200,30300,projection,G2L2W1
2042,99,5300,15500,20800,projection,G2L2W1
2043,0,313100,297300,610400,projection,G2L2W1
2043,1,314000,298400,612400,projection,G2L2W1
2043,2,315200,299700,614900,projection,G2L2W1
2043,3,316700,301400,618100,projection,G2L2W1
2043,4,318100,303000,621100,projection,G2L2W1
2043,5,319300,304300,623600,projection,G2L2W1
2043,6,320900,306000,626900,projection,G2L2W1
2043,7,322900,308100,631000,projection,G2L2W1
2043,8,325200,310500,635700,projection,G2L2W1
2043,9,326400,311900,638300,projection,G2L2W1
2043,10,327800,313300,641100,projection,G2L2W1
2043,11,330300,315800,646100,projection,G2L2W1
2043,12,331600,317100,648700,projection,G2L2W1
2043,13,332000,317600,649600,projection,G2L2W1
2043,14,332000,317500,649500,projection,G2L2W1
2043,15,332000,317300,649300,projection,G2L2W1
2043,16,334600,319200,653800,projection,G2L2W1
2043,17,339100,322600,661700,projection,G2L2W1
2043,18,347700,330500,678200,projection,G2L2W1
2043,19,363200,344900,708100,projection,G2L2W1
2043,20,379000,361200,740200,projection,G2L2W1
2043,21,403600,384000,787600,projection,G2L2W1
2043,22,432800,412300,845100,projection,G2L2W1
2043,23,428900,407900,836800,projection,G2L2W1
2043,24,435900,414700,850600,projection,G2L2W1
2043,25,444700,424400,869100,projection,G2L2W1
2043,26,452000,430700,882700,projection,G2L2W1
2043,27,457300,437300,894600,projection,G2L2W1
2043,28,449400,426100,875500,projection,G2L2W1
2043,29,447600,425700,873300,projection,G2L2W1
2043,30,435800,413500,849300,projection,G2L2W1
2043,31,437900,414100,852000,projection,G2L2W1
2043,32,432600,409500,842100,projection,G2L2W1
2043,33,443100,419400,862500,projection,G2L2W1
2043,34,440000,413900,853900,projection,G2L2W1
2043,35,452800,424100,876900,projection,G2L2W1
2043,36,456900,420800,877700,projection,G2L2W1
2043,37,458100,416800,874900,projection,G2L2W1
2043,38,467300,428700,896000,projection,G2L2W1
2043,39,475700,441200,916900,projection,G2L2W1
2043,40,466400,438200,904600,projection,G2L2W1
2043,41,477900,444700,922600,projection,G2L2W1
2043,42,495600,457200,952800,projection,G2L2W1
2043,43,525200,480800,1006000,projection,G2L2W1
2043,44,535300,481400,1016700,projection,G2L2W1
2043,45,543300,494000,1037300,projection,G2L2W1
2043,46,552500,505700,1058200,projection,G2L2W1
2043,47,538200,496300,1034500,projection,G2L2W1
2043,48,524700,485600,1010300,projection,G2L2W1
2043,49,524100,489300,1013400,projection,G2L2W1
2043,50,533200,502300,1035500,projection,G2L2W1
2043,51,538300,510700,1049000,projection,G2L2W1
2043,52,547900,523200,1071100,projection,G2L2W1
2043,53,589700,565800,1155500,projection,G2L2W1
2043,54,578900,559300,1138200,projection,G2L2W1
2043,55,588600,569700,1158300,projection,G2L2W1
2043,56,573000,557900,1130900,projection,G2L2W1
2043,57,556900,550800,1107700,projection,G2L2W1
2043,58,537200,532800,1070000,projection,G2L2W1
2043,59,527400,528000,1055400,projection,G2L2W1
2043,60,521900,526700,1048600,projection,G2L2W1
2043,61,523800,532400,1056200,projection,G2L2W1
2043,62,509900,526600,1036500,projection,G2L2W1
2043,63,505100,524100,1029200,projection,G2L2W1
2043,64,473800,495100,968900,projection,G2L2W1
2043,65,459700,482500,942200,projection,G2L2W1
2043,66,447500,471500,919000,projection,G2L2W1
2043,67,429600,458600,888200,projection,G2L2W1
2043,68,410700,440700,851400,projection,G2L2W1
2043,69,406700,441300,848000,projection,G2L2W1
2043,70,399800,437200,837000,projection,G2L2W1
2043,71,424000,466900,890900,projection,G2L2W1
2043,72,456700,506000,962700,projection,G2L2W1
2043,73,460300,514700,975000,projection,G2L2W1
2043,74,480800,538600,1019400,projection,G2L2W1
2043,75,486700,550400,1037100,projection,G2L2W1
2043,76,480600,550800,1031400,projection,G2L2W1
2043,77,474600,550700,1025300,projection,G2L2W1
2043,78,455600,535700,991300,projection,G2L2W1
2043,79,442000,530900,972900,projection,G2L2W1
2043,80,415900,509800,925700,projection,G2L2W1
2043,81,381600,479500,861100,projection,G2L2W1
2043,82,353600,456000,809600,projection,G2L2W1
2043,83,316400,421800,738200,projection,G2L2W1
2043,84,283700,389300,673000,projection,G2L2W1
2043,85,244700,345300,590000,projection,G2L2W1
2043,86,217300,314700,532000,projection,G2L2W1
2043,87,189700,282900,472600,projection,G2L2W1
2043,88,160000,250000,410000,projection,G2L2W1
2043,89,134200,220500,354700,projection,G2L2W1
2043,90,108700,187700,296400,projection,G2L2W1
2043,91,89300,161200,250500,projection,G2L2W1
2043,92,70300,132800,203100,projection,G2L2W1
2043,93,54600,108900,163500,projection,G2L2W1
2043,94,39900,83700,123600,projection,G2L2W1
2043,95,26800,59000,85800,projection,G2L2W1
2043,96,17700,42000,59700,projection,G2L2W1
2043,97,10500,26700,37200,projection,G2L2W1
2043,98,6100,16700,22800,projection,G2L2W1
2043,99,5300,15400,20700,projection,G2L2W1
2044,0,313000,297200,610200,projection,G2L2W1
2044,1,313700,298100,611800,projection,G2L2W1
2044,2,314600,299100,613700,projection,G2L2W1
2044,3,315700,300500,616200,projection,G2L2W1
2044,4,317200,302100,619300,projection,G2L2W1
2044,5,318600,303700,622300,projection,G2L2W1
2044,6,319800,305000,624800,projection,G2L2W1
2044,7,321500,306800,628300,projection,G2L2W1
2044,8,323500,308900,632400,projection,G2L2W1
2044,9,325900,311300,637200,projection,G2L2W1
2044,10,327100,312600,639700,projection,G2L2W1
2044,11,328500,314100,642600,projection,G2L2W1
2044,12,330900,316500,647400,projection,G2L2W1
2044,13,332200,317800,650000,projection,G2L2W1
2044,14,332700,318200,650900,projection,G2L2W1
2044,15,332900,318200,651100,projection,G2L2W1
2044,16,333300,318000,651300,projection,G2L2W1
2044,17,336300,320000,656300,projection,G2L2W1
2044,18,341500,324600,666100,projection,G2L2W1
2044,19,350500,333500,684000,projection,G2L2W1
2044,20,366000,348000,714000,projection,G2L2W1
2044,21,381800,364000,745800,projection,G2L2W1
2044,22,406600,387100,793700,projection,G2L2W1
2044,23,436100,415400,851500,projection,G2L2W1
2044,24,432000,410900,842900,projection,G2L2W1
2044,25,438800,417600,856400,projection,G2L2W1
2044,26,447500,427100,874600,projection,G2L2W1
2044,27,454400,433200,887600,projection,G2L2W1
2044,28,459600,439500,899100,projection,G2L2W1
2044,29,451400,428100,879500,projection,G2L2W1
2044,30,449400,427600,877000,projection,G2L2W1
2044,31,437500,415200,852700,projection,G2L2W1
2044,32,439500,415700,855200,projection,G2L2W1
2044,33,434100,410900,845000,projection,G2L2W1
2044,34,444500,420600,865100,projection,G2L2W1
2044,35,441300,415100,856400,projection,G2L2W1
2044,36,454000,425200,879200,projection,G2L2W1
2044,37,457900,421800,879700,projection,G2L2W1
2044,38,459000,417800,876800,projection,G2L2W1
2044,39,468100,429600,897700,projection,G2L2W1
2044,40,476400,442000,918400,projection,G2L2W1
2044,41,467000,439000,906000,projection,G2L2W1
2044,42,478400,445400,923800,projection,G2L2W1
2044,43,496000,457800,953800,projection,G2L2W1
2044,44,525400,481300,1006700,projection,G2L2W1
2044,45,535400,481700,1017100,projection,G2L2W1
2044,46,543200,494300,1037500,projection,G2L2W1
2044,47,552200,505800,1058000,projection,G2L2W1
2044,48,537800,496400,1034200,projection,G2L2W1
2044,49,524100,485600,1009700,projection,G2L2W1
2044,50,523300,489200,1012500,projection,G2L2W1
2044,51,532300,502000,1034300,projection,G2L2W1
2044,52,537100,510300,1047400,projection,G2L2W1
2044,53,546400,522600,1069000,projection,G2L2W1
2044,54,587900,565000,1152900,projection,G2L2W1
2044,55,576800,558300,1135100,projection,G2L2W1
2044,56,586200,568500,1154700,projection,G2L2W1
2044,57,570300,556600,1126900,projection,G2L2W1
2044,58,553900,549300,1103200,projection,G2L2W1
2044,59,534000,531200,1065200,projection,G2L2W1
2044,60,524000,526100,1050100,projection,G2L2W1
2044,61,517900,524600,1042500,projection,G2L2W1
2044,62,519300,530000,1049300,projection,G2L2W1
2044,63,505000,523900,1028900,projection,G2L2W1
2044,64,499700,521000,1020700,projection,G2L2W1
2044,65,468200,491900,960100,projection,G2L2W1
2044,66,453600,479000,932600,projection,G2L2W1
2044,67,441100,467700,908800,projection,G2L2W1
2044,68,422900,454500,877400,projection,G2L2W1
2044,69,403700,436400,840100,projection,G2L2W1
2044,70,399200,436600,835800,projection,G2L2W1
2044,71,391700,432100,823800,projection,G2L2W1
2044,72,414600,460800,875400,projection,G2L2W1
2044,73,445700,498700,944400,projection,G2L2W1
2044,74,448100,506500,954600,projection,G2L2W1
2044,75,466900,528900,995800,projection,G2L2W1
2044,76,471300,539400,1010700,projection,G2L2W1
2044,77,463800,538500,1002300,projection,G2L2W1
2044,78,456400,537000,993400,projection,G2L2W1
2044,79,436400,520800,957200,projection,G2L2W1
2044,80,421400,514400,935800,projection,G2L2W1
2044,81,394300,492000,886300,projection,G2L2W1
2044,82,359500,460600,820100,projection,G2L2W1
2044,83,330700,435700,766400,projection,G2L2W1
2044,84,293300,400200,693500,projection,G2L2W1
2044,85,260300,366300,626600,projection,G2L2W1
2044,86,221800,321700,543500,projection,G2L2W1
2044,87,194200,289800,484000,projection,G2L2W1
2044,88,166800,256900,423700,projection,G2L2W1
2044,89,138100,223500,361600,projection,G2L2W1
2044,90,113400,193600,307000,projection,G2L2W1
2044,91,89700,161600,251300,projection,G2L2W1
2044,92,71800,135700,207500,projection,G2L2W1
2044,93,54900,109200,164100,projection,G2L2W1
2044,94,41400,87200,128600,projection,G2L2W1
2044,95,29300,65300,94600,projection,G2L2W1
2044,96,19000,44700,63700,projection,G2L2W1
2044,97,12200,30800,43000,projection,G2L2W1
2044,98,7100,19000,26100,projection,G2L2W1
2044,99,4000,11600,15600,projection,G2L2W1
2045,0,312900,297100,610000,projection,G2L2W1
2045,1,313500,297900,611400,projection,G2L2W1
2045,2,314200,298800,613000,projection,G2L2W1
2045,3,315100,299900,615000,projection,G2L2W1
2045,4,316300,301200,617500,projection,G2L2W1
2045,5,317700,302800,620500,projection,G2L2W1
2045,6,319100,304300,623400,projection,G2L2W1
2045,7,320400,305800,626200,projection,G2L2W1
2045,8,322100,307500,629600,projection,G2L2W1
2045,9,324100,309600,633700,projection,G2L2W1
2045,10,326500,312100,638600,projection,G2L2W1
2045,11,327700,313400,641100,projection,G2L2W1
2045,12,329100,314800,643900,projection,G2L2W1
2045,13,331600,317200,648800,projection,G2L2W1
2045,14,332900,318400,651300,projection,G2L2W1
2045,15,333700,318900,652600,projection,G2L2W1
2045,16,334300,319000,653300,projection,G2L2W1
2045,17,335100,318800,653900,projection,G2L2W1
2045,18,338700,322000,660700,projection,G2L2W1
2045,19,344300,327600,671900,projection,G2L2W1
2045,20,353300,336600,689900,projection,G2L2W1
2045,21,368700,350800,719500,projection,G2L2W1
2045,22,384800,367000,751800,projection,G2L2W1
2045,23,409900,390100,800000,projection,G2L2W1
2045,24,439200,418400,857600,projection,G2L2W1
2045,25,435000,413800,848800,projection,G2L2W1
2045,26,441600,420400,862000,projection,G2L2W1
2045,27,449900,429500,879400,projection,G2L2W1
2045,28,456700,435400,892100,projection,G2L2W1
2045,29,461600,441500,903100,projection,G2L2W1
2045,30,453300,429900,883200,projection,G2L2W1
2045,31,451100,429200,880300,projection,G2L2W1
2045,32,439100,416700,855800,projection,G2L2W1
2045,33,440900,417100,858000,projection,G2L2W1
2045,34,435400,412200,847600,projection,G2L2W1
2045,35,445700,421800,867500,projection,G2L2W1
2045,36,442400,416200,858600,projection,G2L2W1
2045,37,455000,426300,881300,projection,G2L2W1
2045,38,458900,422800,881700,projection,G2L2W1
2045,39,459800,418700,878500,projection,G2L2W1
2045,40,468800,430400,899200,projection,G2L2W1
2045,41,477100,442800,919900,projection,G2L2W1
2045,42,467500,439600,907100,projection,G2L2W1
2045,43,478800,446000,924800,projection,G2L2W1
2045,44,496200,458300,954500,projection,G2L2W1
2045,45,525500,481700,1007200,projection,G2L2W1
2045,46,535300,482100,1017400,projection,G2L2W1
2045,47,542900,494400,1037300,projection,G2L2W1
2045,48,551800,505900,1057700,projection,G2L2W1
2045,49,537200,496400,1033600,projection,G2L2W1
2045,50,523400,485500,1008900,projection,G2L2W1
2045,51,522400,488900,1011300,projection,G2L2W1
2045,52,531100,501600,1032700,projection,G2L2W1
2045,53,535700,509800,1045500,projection,G2L2W1
2045,54,544800,521900,1066700,projection,G2L2W1
2045,55,585800,564000,1149800,projection,G2L2W1
2045,56,574500,557200,1131700,projection,G2L2W1
2045,57,583500,567200,1150700,projection,G2L2W1
2045,58,567400,555100,1122500,projection,G2L2W1
2045,59,550700,547600,1098300,projection,G2L2W1
2045,60,530500,529300,1059800,projection,G2L2W1
2045,61,520000,524000,1044000,projection,G2L2W1
2045,62,513600,522200,1035800,projection,G2L2W1
2045,63,514400,527200,1041600,projection,G2L2W1
2045,64,499700,520900,1020600,projection,G2L2W1
2045,65,493900,517600,1011500,projection,G2L2W1
2045,66,462100,488300,950400,projection,G2L2W1
2045,67,447200,475200,922400,projection,G2L2W1
2045,68,434300,463600,897900,projection,G2L2W1
2045,69,415800,450200,866000,projection,G2L2W1
2045,70,396300,431800,828100,projection,G2L2W1
2045,71,391200,431500,822700,projection,G2L2W1
2045,72,383100,426500,809600,projection,G2L2W1
2045,73,404700,454200,858900,projection,G2L2W1
2045,74,434000,490700,924700,projection,G2L2W1
2045,75,435300,497400,932700,projection,G2L2W1
2045,76,452100,518400,970500,projection,G2L2W1
2045,77,454900,527400,982300,projection,G2L2W1
2045,78,446200,525200,971400,projection,G2L2W1
2045,79,437200,522100,959300,projection,G2L2W1
2045,80,416100,504700,920800,projection,G2L2W1
2045,81,399600,496500,896100,projection,G2L2W1
2045,82,371600,472700,844300,projection,G2L2W1
2045,83,336300,440100,776400,projection,G2L2W1
2045,84,306600,413500,720100,projection,G2L2W1
2045,85,269200,376700,645900,projection,G2L2W1
2045,86,236000,341400,577400,projection,G2L2W1
2045,87,198300,296300,494600,projection,G2L2W1
2045,88,170900,263300,434200,projection,G2L2W1
2045,89,144100,229800,373900,projection,G2L2W1
2045,90,116800,196300,313100,projection,G2L2W1
2045,91,93600,166800,260400,projection,G2L2W1
2045,92,72200,136200,208400,projection,G2L2W1
2045,93,56200,111600,167800,projection,G2L2W1
2045,94,41700,87600,129300,projection,G2L2W1
2045,95,30500,68100,98600,projection,G2L2W1
2045,96,20900,49500,70400,projection,G2L2W1
2045,97,13200,32900,46100,projection,G2L2W1
2045,98,8200,22000,30200,projection,G2L2W1
2045,99,4600,13200,17800,projection,G2L2W1
2046,0,312800,297000,609800,projection,G2L2W1
2046,1,313500,297900,611400,projection,G2L2W1
2046,2,314100,298700,612800,projection,G2L2W1
2046,3,314800,299600,614400,projection,G2L2W1
2046,4,315700,300600,616300,projection,G2L2W1
2046,5,316800,301900,618700,projection,G2L2W1
2046,6,318200,303500,621700,projection,G2L2W1
2046,7,319700,305100,624800,projection,G2L2W1
2046,8,321000,306500,627500,projection,G2L2W1
2046,9,322700,308300,631000,projection,G2L2W1
2046,10,324800,310400,635200,projection,G2L2W1
2046,11,327100,312800,639900,projection,G2L2W1
2046,12,328300,314100,642400,projection,G2L2W1
2046,13,329800,315500,645300,projection,G2L2W1
2046,14,332300,317800,650100,projection,G2L2W1
2046,15,333900,319100,653000,projection,G2L2W1
2046,16,335100,319700,654800,projection,G2L2W1
2046,17,336000,319700,655700,projection,G2L2W1
2046,18,337500,320800,658300,projection,G2L2W1
2046,19,341500,324900,666400,projection,G2L2W1
2046,20,347100,330700,677800,projection,G2L2W1
2046,21,356000,339400,695400,projection,G2L2W1
2046,22,371800,353800,725600,projection,G2L2W1
2046,23,388100,370100,758200,projection,G2L2W1
2046,24,413000,393200,806200,projection,G2L2W1
2046,25,442100,421300,863400,projection,G2L2W1
2046,26,437700,416600,854300,projection,G2L2W1
2046,27,444000,422800,866800,projection,G2L2W1
2046,28,452200,431700,883900,projection,G2L2W1
2046,29,458700,437400,896100,projection,G2L2W1
2046,30,463400,443300,906700,projection,G2L2W1
2046,31,455000,431600,886600,projection,G2L2W1
2046,32,452700,430800,883500,projection,G2L2W1
2046,33,440500,418100,858600,projection,G2L2W1
2046,34,442200,418400,860600,projection,G2L2W1
2046,35,436600,413400,850000,projection,G2L2W1
2046,36,446800,423000,869800,projection,G2L2W1
2046,37,443400,417200,860600,projection,G2L2W1
2046,38,455900,427200,883100,projection,G2L2W1
2046,39,459700,423700,883400,projection,G2L2W1
2046,40,460600,419500,880100,projection,G2L2W1
2046,41,469500,431100,900600,projection,G2L2W1
2046,42,477600,443400,921000,projection,G2L2W1
2046,43,467900,440200,908100,projection,G2L2W1
2046,44,479100,446500,925600,projection,G2L2W1
2046,45,496400,458700,955100,projection,G2L2W1
2046,46,525500,482000,1007500,projection,G2L2W1
2046,47,535000,482300,1017300,projection,G2L2W1
2046,48,542500,494500,1037000,projection,G2L2W1
2046,49,551200,505900,1057100,projection,G2L2W1
2046,50,536500,496300,1032800,projection,G2L2W1
2046,51,522500,485300,1007800,projection,G2L2W1
2046,52,521300,488600,1009900,projection,G2L2W1
2046,53,529800,501100,1030900,projection,G2L2W1
2046,54,534100,509100,1043200,projection,G2L2W1
2046,55,542900,521000,1063900,projection,G2L2W1
2046,56,583400,562900,1146300,projection,G2L2W1
2046,57,571900,555900,1127800,projection,G2L2W1
2046,58,580500,565600,1146100,projection,G2L2W1
2046,59,564100,553400,1117500,projection,G2L2W1
2046,60,547200,545700,1092900,projection,G2L2W1
2046,61,526600,527200,1053800,projection,G2L2W1
2046,62,515700,521700,1037400,projection,G2L2W1
2046,63,508800,519500,1028300,projection,G2L2W1
2046,64,509000,524200,1033200,projection,G2L2W1
2046,65,493900,517500,1011400,projection,G2L2W1
2046,66,487500,513900,1001400,projection,G2L2W1
2046,67,455600,484500,940100,projection,G2L2W1
2046,68,440400,471100,911500,projection,G2L2W1
2046,69,427100,459200,886300,projection,G2L2W1
2046,70,408200,445400,853600,projection,G2L2W1
2046,71,388400,426800,815200,projection,G2L2W1
2046,72,382700,426000,808700,projection,G2L2W1
2046,73,374000,420400,794400,projection,G2L2W1
2046,74,394100,447000,841100,projection,G2L2W1
2046,75,421600,482000,903600,projection,G2L2W1
2046,76,421600,487600,909200,projection,G2L2W1
2046,77,436600,506900,943500,projection,G2L2W1
2046,78,437700,514400,952100,projection,G2L2W1
2046,79,427500,510700,938200,projection,G2L2W1
2046,80,417000,506000,923000,projection,G2L2W1
2046,81,394700,487300,882000,projection,G2L2W1
2046,82,376700,477200,853900,projection,G2L2W1
2046,83,347800,451800,799600,projection,G2L2W1
2046,84,312000,417800,729800,projection,G2L2W1
2046,85,281600,389300,670900,projection,G2L2W1
2046,86,244200,351200,595400,projection,G2L2W1
2046,87,211200,314600,525800,projection,G2L2W1
2046,88,174600,269400,444000,projection,G2L2W1
2046,89,147700,235600,383300,projection,G2L2W1
2046,90,121900,202100,324000,projection,G2L2W1
2046,91,96600,169300,265900,projection,G2L2W1
2046,92,75400,140700,216100,projection,G2L2W1
2046,93,56500,112100,168600,projection,G2L2W1
2046,94,42700,89600,132300,projection,G2L2W1
2046,95,30700,68400,99100,projection,G2L2W1
2046,96,21800,51700,73500,projection,G2L2W1
2046,97,14500,36500,51000,projection,G2L2W1
2046,98,8900,23500,32400,projection,G2L2W1
2046,99,5400,15300,20700,projection,G2L2W1
2047,0,312500,296700,609200,projection,G2L2W1
2047,1,313300,297800,611100,projection,G2L2W1
2047,2,314000,298600,612600,projection,G2L2W1
2047,3,314700,299500,614200,projection,G2L2W1
2047,4,315300,300300,615600,projection,G2L2W1
2047,5,316200,301400,617600,projection,G2L2W1
2047,6,317300,302600,619900,projection,G2L2W1
2047,7,318800,304300,623100,projection,G2L2W1
2047,8,320300,305900,626200,projection,G2L2W1
2047,9,321700,307300,629000,projection,G2L2W1
2047,10,323400,309100,632500,projection,G2L2W1
2047,11,325400,311200,636600,projection,G2L2W1
2047,12,327800,313500,641300,projection,G2L2W1
2047,13,329000,314700,643700,projection,G2L2W1
2047,14,330500,316100,646600,projection,G2L2W1
2047,15,333200,318500,651700,projection,G2L2W1
2047,16,335300,319900,655200,projection,G2L2W1
2047,17,336800,320400,657200,projection,G2L2W1
2047,18,338500,321700,660200,projection,G2L2W1
2047,19,340300,323800,664100,projection,G2L2W1
2047,20,344400,328100,672500,projection,G2L2W1
2047,21,349900,333500,683400,projection,G2L2W1
2047,22,359100,342400,701500,projection,G2L2W1
2047,23,375100,356900,732000,projection,G2L2W1
2047,24,391200,373200,764400,projection,G2L2W1
2047,25,415900,396100,812000,projection,G2L2W1
2047,26,444900,424000,868900,projection,G2L2W1
2047,27,440100,419000,859100,projection,G2L2W1
2047,28,446300,425000,871300,projection,G2L2W1
2047,29,454200,433800,888000,projection,G2L2W1
2047,30,460600,439200,899800,projection,G2L2W1
2047,31,465100,445000,910100,projection,G2L2W1
2047,32,456500,433100,889600,projection,G2L2W1
2047,33,454100,432200,886300,projection,G2L2W1
2047,34,441800,419400,861200,projection,G2L2W1
2047,35,443500,419600,863100,projection,G2L2W1
2047,36,437800,414600,852400,projection,G2L2W1
2047,37,447900,424000,871900,projection,G2L2W1
2047,38,444400,418200,862600,projection,G2L2W1
2047,39,456800,428100,884900,projection,G2L2W1
2047,40,460400,424500,884900,projection,G2L2W1
2047,41,461200,420200,881400,projection,G2L2W1
2047,42,470000,431800,901800,projection,G2L2W1
2047,43,478000,444000,922000,projection,G2L2W1
2047,44,468200,440800,909000,projection,G2L2W1
2047,45,479300,446900,926200,projection,G2L2W1
2047,46,496300,459100,955400,projection,G2L2W1
2047,47,525200,482300,1007500,projection,G2L2W1
2047,48,534600,482400,1017000,projection,G2L2W1
2047,49,541900,494500,1036400,projection,G2L2W1
2047,50,550400,505800,1056200,projection,G2L2W1
2047,51,535500,496000,1031500,projection,G2L2W1
2047,52,521400,485000,1006400,projection,G2L2W1
2047,53,520000,488100,1008100,projection,G2L2W1
2047,54,528200,500500,1028700,projection,G2L2W1
2047,55,532300,508300,1040600,projection,G2L2W1
2047,56,540800,520000,1060800,projection,G2L2W1
2047,57,580800,561600,1142400,projection,G2L2W1
2047,58,569000,554400,1123400,projection,G2L2W1
2047,59,577100,563900,1141000,projection,G2L2W1
2047,60,560500,551500,1112000,projection,G2L2W1
2047,61,543100,543500,1086600,projection,G2L2W1
2047,62,522200,524800,1047000,projection,G2L2W1
2047,63,510900,519000,1029900,projection,G2L2W1
2047,64,503500,516600,1020100,projection,G2L2W1
2047,65,503200,520900,1024100,projection,G2L2W1
2047,66,487600,513800,1001400,projection,G2L2W1
2047,67,480800,509800,990600,projection,G2L2W1
2047,68,448800,480300,929100,projection,G2L2W1
2047,69,433200,466600,899800,projection,G2L2W1
2047,70,419400,454400,873800,projection,G2L2W1
2047,71,400200,440300,840500,projection,G2L2W1
2047,72,380000,421400,801400,projection,G2L2W1
2047,73,373600,420000,793600,projection,G2L2W1
2047,74,364300,413800,778100,projection,G2L2W1
2047,75,382900,439200,822100,projection,G2L2W1
2047,76,408500,472500,881000,projection,G2L2W1
2047,77,407200,476900,884100,projection,G2L2W1
2047,78,420200,494500,914700,projection,G2L2W1
2047,79,419500,500300,919800,projection,G2L2W1
2047,80,407900,495000,902900,projection,G2L2W1
2047,81,395700,488600,884300,projection,G2L2W1
2047,82,372300,468400,840700,projection,G2L2W1
2047,83,352700,456200,808900,projection,G2L2W1
2047,84,322800,429000,751800,projection,G2L2W1
2047,85,286600,393500,680100,projection,G2L2W1
2047,86,255600,363100,618700,projection,G2L2W1
2047,87,218700,323800,542500,projection,G2L2W1
2047,88,186100,286100,472200,projection,G2L2W1
2047,89,151100,241200,392300,projection,G2L2W1
2047,90,125100,207300,332400,projection,G2L2W1
2047,91,100900,174300,275200,projection,G2L2W1
2047,92,77900,142900,220800,projection,G2L2W1
2047,93,59200,116000,175200,projection,G2L2W1
2047,94,43000,90100,133100,projection,G2L2W1
2047,95,31500,70100,101600,projection,G2L2W1
2047,96,22000,52100,74100,projection,G2L2W1
2047,97,15100,38200,53300,projection,G2L2W1
2047,98,9800,26100,35900,projection,G2L2W1
2047,99,5800,16400,22200,projection,G2L2W1
2048,0,311800,296100,607900,projection,G2L2W1
2048,1,313000,297500,610500,projection,G2L2W1
2048,2,313900,298500,612400,projection,G2L2W1
2048,3,314600,299400,614000,projection,G2L2W1
2048,4,315200,300200,615400,projection,G2L2W1
2048,5,315900,301000,616900,projection,G2L2W1
2048,6,316700,302000,618700,projection,G2L2W1
2048,7,317900,303400,621300,projection,G2L2W1
2048,8,319500,305000,624500,projection,G2L2W1
2048,9,321000,306600,627600,projection,G2L2W1
2048,10,322300,308100,630400,projection,G2L2W1
2048,11,324000,309800,633800,projection,G2L2W1
2048,12,326000,311900,637900,projection,G2L2W1
2048,13,328400,314200,642600,projection,G2L2W1
2048,14,329700,315400,645100,projection,G2L2W1
2048,15,331400,316800,648200,projection,G2L2W1
2048,16,334600,319200,653800,projection,G2L2W1
2048,17,337000,320600,657600,projection,G2L2W1
2048,18,339200,322400,661600,projection,G2L2W1
2048,19,341300,324700,666000,projection,G2L2W1
2048,20,343100,326900,670000,projection,G2L2W1
2048,21,347100,330900,678000,projection,G2L2W1
2048,22,353000,336600,689600,projection,G2L2W1
2048,23,362400,345500,707900,projection,G2L2W1
2048,24,378200,360000,738200,projection,G2L2W1
2048,25,394200,376100,770300,projection,G2L2W1
2048,26,418700,398800,817500,projection,G2L2W1
2048,27,447300,426500,873800,projection,G2L2W1
2048,28,442400,421200,863600,projection,G2L2W1
2048,29,448300,427000,875300,projection,G2L2W1
2048,30,456100,435600,891700,projection,G2L2W1
2048,31,462300,440900,903200,projection,G2L2W1
2048,32,466700,446500,913200,projection,G2L2W1
2048,33,458000,434500,892500,projection,G2L2W1
2048,34,455400,433500,888900,projection,G2L2W1
2048,35,443100,420600,863700,projection,G2L2W1
2048,36,444600,420700,865300,projection,G2L2W1
2048,37,438800,415600,854400,projection,G2L2W1
2048,38,448800,425000,873800,projection,G2L2W1
2048,39,445200,419100,864300,projection,G2L2W1
2048,40,457500,429000,886500,projection,G2L2W1
2048,41,461100,425300,886400,projection,G2L2W1
2048,42,461800,420900,882700,projection,G2L2W1
2048,43,470500,432400,902900,projection,G2L2W1
2048,44,478300,444500,922800,projection,G2L2W1
2048,45,468400,441200,909600,projection,G2L2W1
2048,46,479300,447300,926600,projection,G2L2W1
2048,47,496200,459300,955500,projection,G2L2W1
2048,48,524900,482400,1007300,projection,G2L2W1
2048,49,534100,482400,1016500,projection,G2L2W1
2048,50,541200,494400,1035600,projection,G2L2W1
2048,51,549400,505500,1054900,projection,G2L2W1
2048,52,534400,495700,1030100,projection,G2L2W1
2048,53,520100,484500,1004600,projection,G2L2W1
2048,54,518500,487500,1006000,projection,G2L2W1
2048,55,526400,499700,1026100,projection,G2L2W1
2048,56,530200,507300,1037500,projection,G2L2W1
2048,57,538300,518800,1057100,projection,G2L2W1
2048,58,577800,560100,1137900,projection,G2L2W1
2048,59,565700,552800,1118500,projection,G2L2W1
2048,60,573500,562000,1135500,projection,G2L2W1
2048,61,556400,549300,1105700,projection,G2L2W1
2048,62,538700,541100,1079800,projection,G2L2W1
2048,63,517400,522200,1039600,projection,G2L2W1
2048,64,505700,516100,1021800,projection,G2L2W1
2048,65,497800,513300,1011100,projection,G2L2W1
2048,66,496900,517100,1014000,projection,G2L2W1
2048,67,480900,509800,990700,projection,G2L2W1
2048,68,473600,505500,979100,projection,G2L2W1
2048,69,441400,475800,917200,projection,G2L2W1
2048,70,425400,461800,887200,projection,G2L2W1
2048,71,411200,449200,860400,projection,G2L2W1
2048,72,391600,434700,826300,projection,G2L2W1
2048,73,371100,415400,786500,projection,G2L2W1
2048,74,364000,413400,777400,projection,G2L2W1
2048,75,354000,406600,760600,projection,G2L2W1
2048,76,371100,430500,801600,projection,G2L2W1
2048,77,394600,462200,856800,projection,G2L2W1
2048,78,392000,465200,857200,projection,G2L2W1
2048,79,402800,481000,883800,projection,G2L2W1
2048,80,400400,485000,885400,projection,G2L2W1
2048,81,387200,478100,865300,projection,G2L2W1
2048,82,373400,469800,843200,projection,G2L2W1
2048,83,348600,447900,796500,projection,G2L2W1
2048,84,327500,433300,760800,projection,G2L2W1
2048,85,296700,404200,700900,projection,G2L2W1
2048,86,260300,367100,627400,projection,G2L2W1
2048,87,229000,334800,563800,projection,G2L2W1
2048,88,192800,294600,487400,projection,G2L2W1
2048,89,161100,256300,417400,projection,G2L2W1
2048,90,128100,212300,340400,projection,G2L2W1
2048,91,103700,179000,282700,projection,G2L2W1
2048,92,81500,147300,228800,projection,G2L2W1
2048,93,61100,117900,179000,projection,G2L2W1
2048,94,45100,93300,138400,projection,G2L2W1
2048,95,31800,70600,102400,projection,G2L2W1
2048,96,22600,53400,76000,projection,G2L2W1
2048,97,15300,38500,53800,projection,G2L2W1
2048,98,10200,27400,37600,projection,G2L2W1
2048,99,6400,18200,24600,projection,G2L2W1
2049,0,310700,295000,605700,projection,G2L2W1
2049,1,312400,296800,609200,projection,G2L2W1
2049,2,313600,298200,611800,projection,G2L2W1
2049,3,314500,299300,613800,projection,G2L2W1
2049,4,315100,300100,615200,projection,G2L2W1
2049,5,315700,300900,616600,projection,G2L2W1
2049,6,316400,301700,618100,projection,G2L2W1
2049,7,317300,302800,620100,projection,G2L2W1
2049,8,318500,304100,622600,projection,G2L2W1
2049,9,320100,305800,625900,projection,G2L2W1
2049,10,321600,307400,629000,projection,G2L2W1
2049,11,322900,308800,631700,projection,G2L2W1
2049,12,324600,310500,635100,projection,G2L2W1
2049,13,326700,312500,639200,projection,G2L2W1
2049,14,329100,314800,643900,projection,G2L2W1
2049,15,330700,316100,646800,projection,G2L2W1
2049,16,332800,317500,650300,projection,G2L2W1
2049,17,336300,320000,656300,projection,G2L2W1
2049,18,339500,322600,662100,projection,G2L2W1
2049,19,342000,325400,667400,projection,G2L2W1
2049,20,344100,327800,671900,projection,G2L2W1
2049,21,345900,329700,675600,projection,G2L2W1
2049,22,350200,333900,684100,projection,G2L2W1
2049,23,356200,339700,695900,projection,G2L2W1
2049,24,365500,348600,714100,projection,G2L2W1
2049,25,381200,362900,744100,projection,G2L2W1
2049,26,396900,378800,775700,projection,G2L2W1
2049,27,421100,401300,822400,projection,G2L2W1
2049,28,449600,428700,878300,projection,G2L2W1
2049,29,444500,423200,867700,projection,G2L2W1
2049,30,450200,428900,879100,projection,G2L2W1
2049,31,457800,437300,895100,projection,G2L2W1
2049,32,463800,442400,906200,projection,G2L2W1
2049,33,468100,447900,916000,projection,G2L2W1
2049,34,459300,435800,895100,projection,G2L2W1
2049,35,456700,434700,891400,projection,G2L2W1
2049,36,444200,421800,866000,projection,G2L2W1
2049,37,445600,421800,867400,projection,G2L2W1
2049,38,439800,416600,856400,projection,G2L2W1
2049,39,449700,425900,875600,projection,G2L2W1
2049,40,446000,419900,865900,projection,G2L2W1
2049,41,458200,429700,887900,projection,G2L2W1
2049,42,461700,426000,887700,projection,G2L2W1
2049,43,462200,421500,883700,projection,G2L2W1
2049,44,470800,432900,903700,projection,G2L2W1
2049,45,478500,445000,923500,projection,G2L2W1
2049,46,468500,441600,910100,projection,G2L2W1
2049,47,479200,447500,926700,projection,G2L2W1
2049,48,495900,459500,955400,projection,G2L2W1
2049,49,524400,482400,1006800,projection,G2L2W1
2049,50,533400,482300,1015700,projection,G2L2W1
2049,51,540300,494200,1034500,projection,G2L2W1
2049,52,548300,505200,1053500,projection,G2L2W1
2049,53,533100,495200,1028300,projection,G2L2W1
2049,54,518600,483900,1002500,projection,G2L2W1
2049,55,516800,486700,1003500,projection,G2L2W1
2049,56,524400,498700,1023100,projection,G2L2W1
2049,57,527900,506200,1034100,projection,G2L2W1
2049,58,535700,517500,1053200,projection,G2L2W1
2049,59,574600,558400,1133000,projection,G2L2W1
2049,60,562200,550900,1113100,projection,G2L2W1
2049,61,569300,559800,1129100,projection,G2L2W1
2049,62,551900,546900,1098800,projection,G2L2W1
2049,63,533800,538400,1072200,projection,G2L2W1
2049,64,512200,519200,1031400,projection,G2L2W1
2049,65,500000,512800,1012800,projection,G2L2W1
2049,66,491500,509700,1001200,projection,G2L2W1
2049,67,490100,513100,1003200,projection,G2L2W1
2049,68,473800,505400,979200,projection,G2L2W1
2049,69,465900,500700,966600,projection,G2L2W1
2049,70,433600,470800,904400,projection,G2L2W1
2049,71,417100,456500,873600,projection,G2L2W1
2049,72,402400,443500,845900,projection,G2L2W1
2049,73,382500,428600,811100,projection,G2L2W1
2049,74,361600,409000,770600,projection,G2L2W1
2049,75,353800,406200,760000,projection,G2L2W1
2049,76,343200,398600,741800,projection,G2L2W1
2049,77,358600,421200,779800,projection,G2L2W1
2049,78,379900,450900,830800,projection,G2L2W1
2049,79,375900,452600,828500,projection,G2L2W1
2049,80,384500,466400,850900,projection,G2L2W1
2049,81,380200,468500,848700,projection,G2L2W1
2049,82,365400,459800,825200,projection,G2L2W1
2049,83,349800,449400,799200,projection,G2L2W1
2049,84,323900,425500,749400,projection,G2L2W1
2049,85,301100,408300,709400,projection,G2L2W1
2049,86,269600,377200,646800,projection,G2L2W1
2049,87,233400,338700,572100,projection,G2L2W1
2049,88,202000,304800,506800,projection,G2L2W1
2049,89,167000,264100,431100,projection,G2L2W1
2049,90,136700,225800,362500,projection,G2L2W1
2049,91,106200,183500,289700,projection,G2L2W1
2049,92,83800,151300,235100,projection,G2L2W1
2049,93,64000,121600,185600,projection,G2L2W1
2049,94,46600,95000,141600,projection,G2L2W1
2049,95,33400,73200,106600,projection,G2L2W1
2049,96,22800,53900,76700,projection,G2L2W1
2049,97,15700,39600,55300,projection,G2L2W1
2049,98,10400,27600,38000,projection,G2L2W1
2049,99,6700,19100,25800,projection,G2L2W1
2050,0,309000,293400,602400,projection,G2L2W1
2050,1,311300,295800,607100,projection,G2L2W1
2050,2,313000,297600,610600,projection,G2L2W1
2050,3,314200,299000,613200,projection,G2L2W1
2050,4,315000,300000,615000,projection,G2L2W1
2050,5,315700,300800,616500,projection,G2L2W1
2050,6,316200,301600,617800,projection,G2L2W1
2050,7,317000,302500,619500,projection,G2L2W1
2050,8,317900,303600,621500,projection,G2L2W1
2050,9,319100,304900,624000,projection,G2L2W1
2050,10,320700,306600,627300,projection,G2L2W1
2050,11,322200,308200,630400,projection,G2L2W1
2050,12,323600,309500,633100,projection,G2L2W1
2050,13,325300,311200,636500,projection,G2L2W1
2050,14,327400,313200,640600,projection,G2L2W1
2050,15,330100,315500,645600,projection,G2L2W1
2050,16,332100,316800,648900,projection,G2L2W1
2050,17,334500,318300,652800,projection,G2L2W1
2050,18,338800,322000,660800,projection,G2L2W1
2050,19,342200,325600,667800,projection,G2L2W1
2050,20,344900,328500,673400,projection,G2L2W1
2050,21,346900,330600,677500,projection,G2L2W1
2050,22,349000,332800,681800,projection,G2L2W1
2050,23,353500,337000,690500,projection,G2L2W1
2050,24,359400,342700,702100,projection,G2L2W1
2050,25,368500,351500,720000,projection,G2L2W1
2050,26,383900,365700,749600,projection,G2L2W1
2050,27,399400,381300,780700,projection,G2L2W1
2050,28,423400,403500,826900,projection,G2L2W1
2050,29,451600,430700,882300,projection,G2L2W1
2050,30,446300,425100,871400,projection,G2L2W1
2050,31,451800,430500,882300,projection,G2L2W1
2050,32,459300,438800,898100,projection,G2L2W1
2050,33,465300,443800,909100,projection,G2L2W1
2050,34,469400,449200,918600,projection,G2L2W1
2050,35,460500,437000,897500,projection,G2L2W1
2050,36,457800,435800,893600,projection,G2L2W1
2050,37,445300,422800,868100,projection,G2L2W1
2050,38,446600,422700,869300,projection,G2L2W1
2050,39,440700,417500,858200,projection,G2L2W1
2050,40,450400,426700,877100,projection,G2L2W1
2050,41,446700,420700,867400,projection,G2L2W1
2050,42,458800,430400,889200,projection,G2L2W1
2050,43,462100,426600,888700,projection,G2L2W1
2050,44,462500,422100,884600,projection,G2L2W1
2050,45,471000,433400,904400,projection,G2L2W1
2050,46,478500,445300,923800,projection,G2L2W1
2050,47,468400,441800,910200,projection,G2L2W1
2050,48,478900,447700,926600,projection,G2L2W1
2050,49,495500,459500,955000,projection,G2L2W1
2050,50,523700,482300,1006000,projection,G2L2W1
2050,51,532500,482100,1014600,projection,G2L2W1
2050,52,539200,493900,1033100,projection,G2L2W1
2050,53,547000,504700,1051700,projection,G2L2W1
2050,54,531600,494600,1026200,projection,G2L2W1
2050,55,516900,483200,1000100,projection,G2L2W1
2050,56,514800,485800,1000600,projection,G2L2W1
2050,57,522100,497700,1019800,projection,G2L2W1
2050,58,525300,504900,1030200,projection,G2L2W1
2050,59,532700,516000,1048700,projection,G2L2W1
2050,60,571000,556500,1127500,projection,G2L2W1
2050,61,558200,548700,1106900,projection,G2L2W1
2050,62,564700,557300,1122000,projection,G2L2W1
2050,63,546900,544100,1091000,projection,G2L2W1
2050,64,528400,535400,1063800,projection,G2L2W1
2050,65,506500,516000,1022500,projection,G2L2W1
2050,66,493800,509200,1003000,projection,G2L2W1
2050,67,484900,505700,990600,projection,G2L2W1
2050,68,482900,508800,991700,projection,G2L2W1
2050,69,466200,500700,966900,projection,G2L2W1
2050,70,457700,495600,953300,projection,G2L2W1
2050,71,425200,465500,890700,projection,G2L2W1
2050,72,408300,450800,859100,projection,G2L2W1
2050,73,393100,437300,830400,projection,G2L2W1
2050,74,372800,422000,794800,projection,G2L2W1
2050,75,351600,401900,753500,projection,G2L2W1
2050,76,343000,398300,741300,projection,G2L2W1
2050,77,331600,390000,721600,projection,G2L2W1
2050,78,345300,411000,756300,projection,G2L2W1
2050,79,364400,438700,803100,projection,G2L2W1
2050,80,358900,438900,797800,projection,G2L2W1
2050,81,365200,450600,815800,projection,G2L2W1
2050,82,358900,450600,809500,projection,G2L2W1
2050,83,342500,439800,782300,projection,G2L2W1
2050,84,325100,427000,752100,projection,G2L2W1
2050,85,297900,401100,699000,projection,G2L2W1
2050,86,273800,381200,655000,projection,G2L2W1
2050,87,241800,348200,590000,projection,G2L2W1
2050,88,206000,308500,514500,projection,G2L2W1
2050,89,175100,273400,448500,projection,G2L2W1
2050,90,141800,232800,374600,projection,G2L2W1
2050,91,113400,195200,308600,projection,G2L2W1
2050,92,85900,155300,241200,projection,G2L2W1
2050,93,65900,125100,191000,projection,G2L2W1
2050,94,48900,98100,147000,projection,G2L2W1
2050,95,34600,74600,109200,projection,G2L2W1
2050,96,24000,55900,79900,projection,G2L2W1
2050,97,15900,40000,55900,projection,G2L2W1
2050,98,10700,28500,39200,projection,G2L2W1
2050,99,6800,19400,26200,projection,G2L2W1
2051,0,306800,291300,598100,projection,G2L2W1
2051,1,309600,294200,603800,projection,G2L2W1
2051,2,311800,296600,608400,projection,G2L2W1
2051,3,313500,298400,611900,projection,G2L2W1
2051,4,314700,299700,614400,projection,G2L2W1
2051,5,315600,300700,616300,projection,G2L2W1
2051,6,316200,301500,617700,projection,G2L2W1
2051,7,316800,302400,619200,projection,G2L2W1
2051,8,317600,303300,620900,projection,G2L2W1
2051,9,318500,304300,622800,projection,G2L2W1
2051,10,319800,305700,625500,projection,G2L2W1
2051,11,321400,307300,628700,projection,G2L2W1
2051,12,322900,308900,631800,projection,G2L2W1
2051,13,324200,310200,634400,projection,G2L2W1
2051,14,326000,311800,637800,projection,G2L2W1
2051,15,328400,313900,642300,projection,G2L2W1
2051,16,331500,316300,647800,projection,G2L2W1
2051,17,333800,317500,651300,projection,G2L2W1
2051,18,337000,320300,657300,projection,G2L2W1
2051,19,341600,325000,666600,projection,G2L2W1
2051,20,345100,328700,673800,projection,G2L2W1
2051,21,347600,331300,678900,projection,G2L2W1
2051,22,350000,333700,683700,projection,G2L2W1
2051,23,352300,335900,688200,projection,G2L2W1
2051,24,356600,340100,696700,projection,G2L2W1
2051,25,362300,345600,707900,projection,G2L2W1
2051,26,371300,354200,725500,projection,G2L2W1
2051,27,386400,368100,754500,projection,G2L2W1
2051,28,401700,383500,785200,projection,G2L2W1
2051,29,425500,405500,831000,projection,G2L2W1
2051,30,453500,432500,886000,projection,G2L2W1
2051,31,448000,426700,874700,projection,G2L2W1
2051,32,453400,432100,885500,projection,G2L2W1
2051,33,460800,440200,901000,projection,G2L2W1
2051,34,466600,445100,911700,projection,G2L2W1
2051,35,470700,450400,921100,projection,G2L2W1
2051,36,461700,438100,899800,projection,G2L2W1
2051,37,458900,436800,895700,projection,G2L2W1
2051,38,446200,423800,870000,projection,G2L2W1
2051,39,447500,423700,871200,projection,G2L2W1
2051,40,441400,418300,859700,projection,G2L2W1
2051,41,451100,427500,878600,projection,G2L2W1
2051,42,447300,421400,868700,projection,G2L2W1
2051,43,459200,431000,890200,projection,G2L2W1
2051,44,462400,427100,889500,projection,G2L2W1
2051,45,462800,422600,885400,projection,G2L2W1
2051,46,471000,433800,904800,projection,G2L2W1
2051,47,478400,445600,924000,projection,G2L2W1
2051,48,468100,442000,910100,projection,G2L2W1
2051,49,478500,447800,926300,projection,G2L2W1
2051,50,494900,459500,954400,projection,G2L2W1
2051,51,522900,482100,1005000,projection,G2L2W1
2051,52,531500,481800,1013300,projection,G2L2W1
2051,53,537900,493400,1031300,projection,G2L2W1
2051,54,545400,504100,1049500,projection,G2L2W1
2051,55,529900,493800,1023700,projection,G2L2W1
2051,56,515000,482300,997300,projection,G2L2W1
2051,57,512600,484800,997400,projection,G2L2W1
2051,58,519600,496400,1016000,projection,G2L2W1
2051,59,522400,503400,1025800,projection,G2L2W1
2051,60,529500,514300,1043800,projection,G2L2W1
2051,61,567000,554400,1121400,projection,G2L2W1
2051,62,553700,546300,1100000,projection,G2L2W1
2051,63,559700,554500,1114200,projection,G2L2W1
2051,64,541400,541100,1082500,projection,G2L2W1
2051,65,522600,532000,1054600,projection,G2L2W1
2051,66,500200,512400,1012600,projection,G2L2W1
2051,67,487200,505300,992500,projection,G2L2W1
2051,68,477800,501500,979300,projection,G2L2W1
2051,69,475200,504000,979200,projection,G2L2W1
2051,70,458000,495600,953600,projection,G2L2W1
2051,71,448900,490000,938900,projection,G2L2W1
2051,72,416300,459700,876000,projection,G2L2W1
2051,73,399000,444500,843500,projection,G2L2W1
2051,74,383200,430600,813800,projection,G2L2W1
2051,75,362500,414700,777200,projection,G2L2W1
2051,76,340900,394100,735000,projection,G2L2W1
2051,77,331600,389700,721300,projection,G2L2W1
2051,78,319500,380600,700100,projection,G2L2W1
2051,79,331300,399900,731200,projection,G2L2W1
2051,80,348000,425500,773500,projection,G2L2W1
2051,81,341000,424100,765100,projection,G2L2W1
2051,82,344900,433500,778400,projection,G2L2W1
2051,83,336500,431200,767700,projection,G2L2W1
2051,84,318400,418100,736500,projection,G2L2W1
2051,85,299200,402700,701900,projection,G2L2W1
2051,86,271000,374600,645600,projection,G2L2W1
2051,87,245700,352000,597700,projection,G2L2W1
2051,88,213600,317300,530900,projection,G2L2W1
2051,89,178700,276900,455600,projection,G2L2W1
2051,90,148900,241100,390000,projection,G2L2W1
2051,91,117800,201400,319200,projection,G2L2W1
2051,92,91900,165300,257200,projection,G2L2W1
2051,93,67700,128500,196200,projection,G2L2W1
2051,94,50400,101000,151400,projection,G2L2W1
2051,95,36300,77100,113400,projection,G2L2W1
2051,96,24900,57000,81900,projection,G2L2W1
2051,97,16800,41500,58300,projection,G2L2W1
2051,98,10800,28800,39600,projection,G2L2W1
2051,99,7000,20000,27000,projection,G2L2W1
2052,0,304000,288700,592700,projection,G2L2W1
2052,1,307400,292100,599500,projection,G2L2W1
2052,2,310200,295000,605200,projection,G2L2W1
2052,3,312400,297300,609700,projection,G2L2W1
2052,4,314100,299100,613200,projection,G2L2W1
2052,5,315300,300400,615700,projection,G2L2W1
2052,6,316100,301400,617500,projection,G2L2W1
2052,7,316800,302300,619100,projection,G2L2W1
2052,8,317500,303100,620600,projection,G2L2W1
2052,9,318200,304000,622200,projection,G2L2W1
2052,10,319200,305100,624300,projection,G2L2W1
2052,11,320400,306400,626800,projection,G2L2W1
2052,12,322000,308000,630000,projection,G2L2W1
2052,13,323500,309500,633000,projection,G2L2W1
2052,14,324900,310800,635700,projection,G2L2W1
2052,15,327000,312500,639500,projection,G2L2W1
2052,16,329800,314600,644400,projection,G2L2W1
2052,17,333200,317000,650200,projection,G2L2W1
2052,18,336300,319600,655900,projection,G2L2W1
2052,19,339800,323300,663100,projection,G2L2W1
2052,20,344400,328100,672500,projection,G2L2W1
2052,21,347900,331500,679400,projection,G2L2W1
2052,22,350700,334400,685100,projection,G2L2W1
2052,23,353200,336800,690000,projection,G2L2W1
2052,24,355400,338900,694300,projection,G2L2W1
2052,25,359600,343000,702600,projection,G2L2W1
2052,26,365100,348400,713500,projection,G2L2W1
2052,27,373700,356700,730400,projection,G2L2W1
2052,28,388700,370300,759000,projection,G2L2W1
2052,29,403800,385500,789300,projection,G2L2W1
2052,30,427400,407400,834800,projection,G2L2W1
2052,31,455200,434200,889400,projection,G2L2W1
2052,32,449600,428300,877900,projection,G2L2W1
2052,33,454900,433500,888400,projection,G2L2W1
2052,34,462100,441500,903600,projection,G2L2W1
2052,35,467900,446300,914200,projection,G2L2W1
2052,36,471800,451600,923400,projection,G2L2W1
2052,37,462700,439200,901900,projection,G2L2W1
2052,38,459800,437800,897600,projection,G2L2W1
2052,39,447100,424700,871800,projection,G2L2W1
2052,40,448300,424500,872800,projection,G2L2W1
2052,41,442100,419100,861200,projection,G2L2W1
2052,42,451700,428200,879900,projection,G2L2W1
2052,43,447800,422000,869800,projection,G2L2W1
2052,44,459600,431600,891200,projection,G2L2W1
2052,45,462700,427600,890300,projection,G2L2W1
2052,46,462800,422900,885700,projection,G2L2W1
2052,47,470900,434100,905000,projection,G2L2W1
2052,48,478200,445800,924000,projection,G2L2W1
2052,49,467800,442100,909900,projection,G2L2W1
2052,50,478000,447700,925700,projection,G2L2W1
2052,51,494100,459300,953400,projection,G2L2W1
2052,52,521900,481800,1003700,projection,G2L2W1
2052,53,530200,481400,1011600,projection,G2L2W1
2052,54,536400,492800,1029200,projection,G2L2W1
2052,55,543700,503300,1047000,projection,G2L2W1
2052,56,527900,492900,1020800,projection,G2L2W1
2052,57,512800,481200,994000,projection,G2L2W1
2052,58,510100,483600,993700,projection,G2L2W1
2052,59,516700,495000,1011700,projection,G2L2W1
2052,60,519300,501800,1021100,projection,G2L2W1
2052,61,525700,512300,1038000,projection,G2L2W1
2052,62,562500,552000,1114500,projection,G2L2W1
2052,63,548800,543600,1092400,projection,G2L2W1
2052,64,554200,551500,1105700,projection,G2L2W1
2052,65,535500,537700,1073200,projection,G2L2W1
2052,66,516200,528300,1044500,projection,G2L2W1
2052,67,493600,508500,1002100,projection,G2L2W1
2052,68,480100,501100,981200,projection,G2L2W1
2052,69,470300,496800,967100,projection,G2L2W1
2052,70,466900,498900,965800,projection,G2L2W1
2052,71,449300,490000,939300,projection,G2L2W1
2052,72,439600,483900,923500,projection,G2L2W1
2052,73,406800,453400,860200,projection,G2L2W1
2052,74,389000,437700,826700,projection,G2L2W1
2052,75,372700,423200,795900,projection,G2L2W1
2052,76,351600,406700,758300,projection,G2L2W1
2052,77,329600,385700,715300,projection,G2L2W1
2052,78,319500,380300,699800,projection,G2L2W1
2052,79,306600,370400,677000,projection,G2L2W1
2052,80,316500,387900,704400,projection,G2L2W1
2052,81,330800,411300,742100,projection,G2L2W1
2052,82,322100,408100,730200,projection,G2L2W1
2052,83,323500,414900,738400,projection,G2L2W1
2052,84,313000,410000,723000,projection,G2L2W1
2052,85,293200,394400,687600,projection,G2L2W1
2052,86,272300,376200,648500,projection,G2L2W1
2052,87,243300,346000,589300,projection,G2L2W1
2052,88,217200,320900,538100,projection,G2L2W1
2052,89,185500,284900,470400,projection,G2L2W1
2052,90,152000,244400,396400,projection,G2L2W1
2052,91,123800,208800,332600,projection,G2L2W1
2052,92,95500,170700,266200,projection,G2L2W1
2052,93,72400,137000,209400,projection,G2L2W1
2052,94,51800,103800,155600,projection,G2L2W1
2052,95,37500,79500,117000,projection,G2L2W1
2052,96,26200,59100,85300,projection,G2L2W1
2052,97,17400,42400,59800,projection,G2L2W1
2052,98,11400,30000,41400,projection,G2L2W1
2052,99,7100,20200,27300,projection,G2L2W1
2053,0,300700,285500,586200,projection,G2L2W1
2053,1,304600,289400,594000,projection,G2L2W1
2053,2,307900,292900,600800,projection,G2L2W1
2053,3,310800,295700,606500,projection,G2L2W1
2053,4,313000,298100,611100,projection,G2L2W1
2053,5,314600,299800,614400,projection,G2L2W1
2053,6,315700,301100,616800,projection,G2L2W1
2053,7,316700,302200,618900,projection,G2L2W1
2053,8,317400,303100,620500,projection,G2L2W1
2053,9,318100,303900,622000,projection,G2L2W1
2053,10,318900,304800,623700,projection,G2L2W1
2053,11,319800,305800,625600,projection,G2L2W1
2053,12,321000,307100,628100,projection,G2L2W1
2053,13,322700,308700,631400,projection,G2L2W1
2053,14,324200,310200,634400,projection,G2L2W1
2053,15,325900,311500,637400,projection,G2L2W1
2053,16,328400,313300,641700,projection,G2L2W1
2053,17,331500,315400,646900,projection,G2L2W1
2053,18,335700,319000,654700,projection,G2L2W1
2053,19,339000,322500,661500,projection,G2L2W1
2053,20,342700,326400,669100,projection,G2L2W1
2053,21,347200,330900,678100,projection,G2L2W1
2053,22,350900,334600,685500,projection,G2L2W1
2053,23,354000,337500,691500,projection,G2L2W1
2053,24,356400,339800,696200,projection,G2L2W1
2053,25,358400,341800,700200,projection,G2L2W1
2053,26,362400,345700,708100,projection,G2L2W1
2053,27,367600,350800,718400,projection,G2L2W1
2053,28,376000,358900,734900,projection,G2L2W1
2053,29,390800,372400,763200,projection,G2L2W1
2053,30,405700,387400,793100,projection,G2L2W1
2053,31,429100,409000,838100,projection,G2L2W1
2053,32,456800,435700,892500,projection,G2L2W1
2053,33,451100,429700,880800,projection,G2L2W1
2053,34,456200,434800,891000,projection,G2L2W1
2053,35,463400,442700,906100,projection,G2L2W1
2053,36,469000,447500,916500,projection,G2L2W1
2053,37,472900,452600,925500,projection,G2L2W1
2053,38,463700,440200,903900,projection,G2L2W1
2053,39,460700,438700,899400,projection,G2L2W1
2053,40,447900,425500,873400,projection,G2L2W1
2053,41,449000,425300,874300,projection,G2L2W1
2053,42,442800,419800,862600,projection,G2L2W1
2053,43,452200,428800,881000,projection,G2L2W1
2053,44,448100,422600,870700,projection,G2L2W1
2053,45,459800,432000,891800,projection,G2L2W1
2053,46,462800,428000,890800,projection,G2L2W1
2053,47,462800,423200,886000,projection,G2L2W1
2053,48,470700,434300,905000,projection,G2L2W1
2053,49,477800,445900,923700,projection,G2L2W1
2053,50,467300,442100,909400,projection,G2L2W1
2053,51,477300,447600,924900,projection,G2L2W1
2053,52,493200,459100,952300,projection,G2L2W1
2053,53,520700,481400,1002100,projection,G2L2W1
2053,54,528800,480800,1009600,projection,G2L2W1
2053,55,534700,492100,1026800,projection,G2L2W1
2053,56,541700,502400,1044100,projection,G2L2W1
2053,57,525700,491900,1017600,projection,G2L2W1
2053,58,510400,480100,990500,projection,G2L2W1
2053,59,507400,482200,989600,projection,G2L2W1
2053,60,513700,493400,1007100,projection,G2L2W1
2053,61,515600,499900,1015500,projection,G2L2W1
2053,62,521600,510100,1031700,projection,G2L2W1
2053,63,557600,549300,1106900,projection,G2L2W1
2053,64,543400,540700,1084100,projection,G2L2W1
2053,65,548200,548100,1096300,projection,G2L2W1
2053,66,529000,534000,1063000,projection,G2L2W1
2053,67,509400,524300,1033700,projection,G2L2W1
2053,68,486500,504200,990700,projection,G2L2W1
2053,69,472600,496500,969100,projection,G2L2W1
2053,70,462200,491800,954000,projection,G2L2W1
2053,71,458200,493400,951600,projection,G2L2W1
2053,72,440000,484000,924000,projection,G2L2W1
2053,73,429600,477300,906900,projection,G2L2W1
2053,74,396700,446400,843100,projection,G2L2W1
2053,75,378400,430200,808600,projection,G2L2W1
2053,76,361600,415100,776700,projection,G2L2W1
2053,77,340000,398100,738100,projection,G2L2W1
2053,78,317700,376500,694200,projection,G2L2W1
2053,79,306700,370200,676900,projection,G2L2W1
2053,80,293000,359400,652400,projection,G2L2W1
2053,81,300900,375000,675900,projection,G2L2W1
2053,82,312600,395800,708400,projection,G2L2W1
2053,83,302300,390700,693000,projection,G2L2W1
2053,84,301000,394500,695500,projection,G2L2W1
2053,85,288300,386800,675100,projection,G2L2W1
2053,86,267000,368600,635600,projection,G2L2W1
2053,87,244600,347600,592200,projection,G2L2W1
2053,88,215200,315600,530800,projection,G2L2W1
2053,89,188700,288300,477000,projection,G2L2W1
2053,90,157900,251600,409500,projection,G2L2W1
2053,91,126500,211700,338200,projection,G2L2W1
2053,92,100400,177100,277500,projection,G2L2W1
2053,93,75400,141600,217000,projection,G2L2W1
2053,94,55600,110800,166400,projection,G2L2W1
2053,95,38600,81800,120400,projection,G2L2W1
2053,96,27000,61000,88000,projection,G2L2W1
2053,97,18400,44000,62400,projection,G2L2W1
2053,98,11900,30700,42600,projection,G2L2W1
2053,99,7500,21100,28600,projection,G2L2W1
2054,0,297000,282000,579000,projection,G2L2W1
2054,1,301300,286300,587600,projection,G2L2W1
2054,2,305200,290200,595400,projection,G2L2W1
2054,3,308500,293600,602100,projection,G2L2W1
2054,4,311300,296500,607800,projection,G2L2W1
2054,5,313500,298800,612300,projection,G2L2W1
2054,6,315100,300500,615600,projection,G2L2W1
2054,7,316300,301900,618200,projection,G2L2W1
2054,8,317300,303000,620300,projection,G2L2W1
2054,9,318000,303800,621800,projection,G2L2W1
2054,10,318700,304700,623400,projection,G2L2W1
2054,11,319500,305500,625000,projection,G2L2W1
2054,12,320500,306600,627100,projection,G2L2W1
2054,13,321700,307800,629500,projection,G2L2W1
2054,14,323400,309300,632700,projection,G2L2W1
2054,15,325200,310900,636100,projection,G2L2W1
2054,16,327300,312300,639600,projection,G2L2W1
2054,17,330100,314000,644100,projection,G2L2W1
2054,18,334000,317400,651400,projection,G2L2W1
2054,19,338500,322000,660500,projection,G2L2W1
2054,20,341900,325700,667600,projection,G2L2W1
2054,21,345400,329200,674600,projection,G2L2W1
2054,22,350300,334000,684300,projection,G2L2W1
2054,23,354200,337700,691900,projection,G2L2W1
2054,24,357100,340500,697600,projection,G2L2W1
2054,25,359400,342800,702200,projection,G2L2W1
2054,26,361200,344600,705800,projection,G2L2W1
2054,27,364800,348200,713000,projection,G2L2W1
2054,28,369900,353100,723000,projection,G2L2W1
2054,29,378100,360900,739000,projection,G2L2W1
2054,30,392700,374200,766900,projection,G2L2W1
2054,31,407400,389100,796500,projection,G2L2W1
2054,32,430700,410600,841300,projection,G2L2W1
2054,33,458200,437200,895400,projection,G2L2W1
2054,34,452400,431000,883400,projection,G2L2W1
2054,35,457500,436000,893500,projection,G2L2W1
2054,36,464500,443800,908300,projection,G2L2W1
2054,37,470100,448500,918600,projection,G2L2W1
2054,38,473800,453600,927400,projection,G2L2W1
2054,39,464600,441100,905700,projection,G2L2W1
2054,40,461500,439600,901100,projection,G2L2W1
2054,41,448600,426300,874900,projection,G2L2W1
2054,42,449600,425900,875500,projection,G2L2W1
2054,43,443300,420400,863700,projection,G2L2W1
2054,44,452600,429400,882000,projection,G2L2W1
2054,45,448400,423000,871400,projection,G2L2W1
2054,46,459900,432400,892300,projection,G2L2W1
2054,47,462700,428300,891000,projection,G2L2W1
2054,48,462600,423500,886100,projection,G2L2W1
2054,49,470400,434400,904800,projection,G2L2W1
2054,50,477300,445900,923200,projection,G2L2W1
2054,51,466600,442000,908600,projection,G2L2W1
2054,52,476400,447400,923800,projection,G2L2W1
2054,53,492100,458700,950800,projection,G2L2W1
2054,54,519300,480900,1000200,projection,G2L2W1
2054,55,527100,480100,1007200,projection,G2L2W1
2054,56,532700,491200,1023900,projection,G2L2W1
2054,57,539400,501300,1040700,projection,G2L2W1
2054,58,523200,490700,1013900,projection,G2L2W1
2054,59,507600,478700,986300,projection,G2L2W1
2054,60,504400,480600,985000,projection,G2L2W1
2054,61,510100,491500,1001600,projection,G2L2W1
2054,62,511700,497800,1009500,projection,G2L2W1
2054,63,517100,507700,1024800,projection,G2L2W1
2054,64,552200,546300,1098500,projection,G2L2W1
2054,65,537600,537400,1075000,projection,G2L2W1
2054,66,541600,544300,1085900,projection,G2L2W1
2054,67,522200,530000,1052200,projection,G2L2W1
2054,68,502200,520000,1022200,projection,G2L2W1
2054,69,479000,499600,978600,projection,G2L2W1
2054,70,464500,491500,956000,projection,G2L2W1
2054,71,453600,486400,940000,projection,G2L2W1
2054,72,448800,487300,936100,projection,G2L2W1
2054,73,430200,477400,907600,projection,G2L2W1
2054,74,419100,470000,889100,projection,G2L2W1
2054,75,386000,438800,824800,projection,G2L2W1
2054,76,367100,422000,789100,projection,G2L2W1
2054,77,349700,406300,756000,projection,G2L2W1
2054,78,327700,388600,716300,projection,G2L2W1
2054,79,305000,366500,671500,projection,G2L2W1
2054,80,293100,359200,652300,projection,G2L2W1
2054,81,278600,347500,626100,projection,G2L2W1
2054,82,284400,361000,645400,projection,G2L2W1
2054,83,293400,379000,672400,projection,G2L2W1
2054,84,281300,371600,652900,projection,G2L2W1
2054,85,277400,372400,649800,projection,G2L2W1
2054,86,262700,361600,624300,projection,G2L2W1
2054,87,240000,340700,580700,projection,G2L2W1
2054,88,216500,317200,533700,projection,G2L2W1
2054,89,187200,283700,470900,projection,G2L2W1
2054,90,160800,254800,415600,projection,G2L2W1
2054,91,131500,218100,349600,projection,G2L2W1
2054,92,102800,179800,282600,projection,G2L2W1
2054,93,79400,147000,226400,projection,G2L2W1
2054,94,57900,114600,172500,projection,G2L2W1
2054,95,41400,87400,128800,projection,G2L2W1
2054,96,27900,62800,90700,projection,G2L2W1
2054,97,19000,45500,64500,projection,G2L2W1
2054,98,12500,31800,44300,projection,G2L2W1
2054,99,7900,21600,29500,projection,G2L2W1
2055,0,293100,278300,571400,projection,G2L2W1
2055,1,297600,282800,580400,projection,G2L2W1
2055,2,301900,287100,589000,projection,G2L2W1
2055,3,305700,291000,596700,projection,G2L2W1
2055,4,309100,294400,603500,projection,G2L2W1
2055,5,311800,297200,609000,projection,G2L2W1
2055,6,314000,299400,613400,projection,G2L2W1
2055,7,315700,301300,617000,projection,G2L2W1
2055,8,317000,302700,619700,projection,G2L2W1
2055,9,317900,303700,621600,projection,G2L2W1
2055,10,318700,304600,623300,projection,G2L2W1
2055,11,319400,305400,624800,projection,G2L2W1
2055,12,320100,306300,626400,projection,G2L2W1
2055,13,321100,307200,628300,projection,G2L2W1
2055,14,322400,308400,630800,projection,G2L2W1
2055,15,324400,310000,634400,projection,G2L2W1
2055,16,326600,311600,638200,projection,G2L2W1
2055,17,329000,313000,642000,projection,G2L2W1
2055,18,332600,316000,648600,projection,G2L2W1
2055,19,336700,320400,657100,projection,G2L2W1
2055,20,341300,325100,666400,projection,G2L2W1
2055,21,344700,328500,673200,projection,G2L2W1
2055,22,348500,332300,680800,projection,G2L2W1
2055,23,353600,337100,690700,projection,G2L2W1
2055,24,357400,340700,698100,projection,G2L2W1
2055,25,360100,343500,703600,projection,G2L2W1
2055,26,362100,345500,707600,projection,G2L2W1
2055,27,363600,347000,710600,projection,G2L2W1
2055,28,367200,350400,717600,projection,G2L2W1
2055,29,372000,355100,727100,projection,G2L2W1
2055,30,380000,362800,742800,projection,G2L2W1
2055,31,394400,375900,770300,projection,G2L2W1
2055,32,409000,390600,799600,projection,G2L2W1
2055,33,432100,412000,844100,projection,G2L2W1
2055,34,459600,438500,898100,projection,G2L2W1
2055,35,453700,432200,885900,projection,G2L2W1
2055,36,458600,437100,895700,projection,G2L2W1
2055,37,465600,444900,910500,projection,G2L2W1
2055,38,471000,449500,920500,projection,G2L2W1
2055,39,474700,454500,929200,projection,G2L2W1
2055,40,465400,441900,907300,projection,G2L2W1
2055,41,462200,440300,902500,projection,G2L2W1
2055,42,449200,427000,876200,projection,G2L2W1
2055,43,450100,426600,876700,projection,G2L2W1
2055,44,443600,421000,864600,projection,G2L2W1
2055,45,452800,429800,882600,projection,G2L2W1
2055,46,448500,423400,871900,projection,G2L2W1
2055,47,459900,432700,892600,projection,G2L2W1
2055,48,462500,428500,891000,projection,G2L2W1
2055,49,462300,423600,885900,projection,G2L2W1
2055,50,469900,434400,904300,projection,G2L2W1
2055,51,476600,445800,922400,projection,G2L2W1
2055,52,465800,441800,907600,projection,G2L2W1
2055,53,475400,447000,922400,projection,G2L2W1
2055,54,490800,458200,949000,projection,G2L2W1
2055,55,517600,480200,997800,projection,G2L2W1
2055,56,525200,479300,1004500,projection,G2L2W1
2055,57,530500,490200,1020700,projection,G2L2W1
2055,58,536900,500100,1037000,projection,G2L2W1
2055,59,520400,489300,1009700,projection,G2L2W1
2055,60,504700,477200,981900,projection,G2L2W1
2055,61,501000,478900,979900,projection,G2L2W1
2055,62,506200,489500,995700,projection,G2L2W1
2055,63,507300,495400,1002700,projection,G2L2W1
2055,64,512100,504900,1017000,projection,G2L2W1
2055,65,546300,543000,1089300,projection,G2L2W1
2055,66,531200,533700,1064900,projection,G2L2W1
2055,67,534600,540200,1074800,projection,G2L2W1
2055,68,514800,525600,1040400,projection,G2L2W1
2055,69,494400,515300,1009700,projection,G2L2W1
2055,70,470900,494600,965500,projection,G2L2W1
2055,71,455900,486100,942000,projection,G2L2W1
2055,72,444300,480400,924700,projection,G2L2W1
2055,73,438800,480700,919500,projection,G2L2W1
2055,74,419600,470200,889800,projection,G2L2W1
2055,75,407800,462000,869800,projection,G2L2W1
2055,76,374600,430500,805100,projection,G2L2W1
2055,77,355200,413100,768300,projection,G2L2W1
2055,78,337200,396700,733900,projection,G2L2W1
2055,79,314700,378300,693000,projection,G2L2W1
2055,80,291600,355700,647300,projection,G2L2W1
2055,81,278800,347400,626200,projection,G2L2W1
2055,82,263400,334500,597900,projection,G2L2W1
2055,83,267100,345700,612800,projection,G2L2W1
2055,84,273200,360600,633800,projection,G2L2W1
2055,85,259400,350800,610200,projection,G2L2W1
2055,86,252800,348200,601000,projection,G2L2W1
2055,87,236200,334400,570600,projection,G2L2W1
2055,88,212500,311000,523500,projection,G2L2W1
2055,89,188400,285300,473700,projection,G2L2W1
2055,90,159600,250900,410500,projection,G2L2W1
2055,91,134100,221100,355200,projection,G2L2W1
2055,92,106900,185400,292300,projection,G2L2W1
2055,93,81300,149300,230600,projection,G2L2W1
2055,94,61000,119200,180200,projection,G2L2W1
2055,95,43200,90600,133800,projection,G2L2W1
2055,96,30000,67200,97200,projection,G2L2W1
2055,97,19600,47000,66600,projection,G2L2W1
2055,98,13000,33000,46000,projection,G2L2W1
2055,99,8300,22500,30800,projection,G2L2W1
2056,0,289100,274600,563700,projection,G2L2W1
2056,1,293700,279100,572800,projection,G2L2W1
2056,2,298200,283600,581800,projection,G2L2W1
2056,3,302400,287800,590200,projection,G2L2W1
2056,4,306300,291700,598000,projection,G2L2W1
2056,5,309600,295100,604700,projection,G2L2W1
2056,6,312300,297900,610200,projection,G2L2W1
2056,7,314600,300200,614800,projection,G2L2W1
2056,8,316300,302000,618300,projection,G2L2W1
2056,9,317600,303400,621000,projection,G2L2W1
2056,10,318600,304500,623100,projection,G2L2W1
2056,11,319300,305300,624600,projection,G2L2W1
2056,12,320000,306100,626100,projection,G2L2W1
2056,13,320800,306900,627700,projection,G2L2W1
2056,14,321800,307900,629700,projection,G2L2W1
2056,15,323400,309100,632500,projection,G2L2W1
2056,16,325700,310800,636500,projection,G2L2W1
2056,17,328300,312400,640700,projection,G2L2W1
2056,18,331500,315000,646500,projection,G2L2W1
2056,19,335400,319000,654400,projection,G2L2W1
2056,20,339600,323500,663100,projection,G2L2W1
2056,21,344100,328000,672100,projection,G2L2W1
2056,22,347800,331500,679300,projection,G2L2W1
2056,23,351800,335400,687200,projection,G2L2W1
2056,24,356700,340100,696800,projection,G2L2W1
2056,25,360300,343700,704000,projection,G2L2W1
2056,26,362900,346200,709100,projection,G2L2W1
2056,27,364600,348000,712600,projection,G2L2W1
2056,28,366000,349300,715300,projection,G2L2W1
2056,29,369200,352400,721600,projection,G2L2W1
2056,30,373900,356900,730800,projection,G2L2W1
2056,31,381700,364500,746200,projection,G2L2W1
2056,32,396000,377400,773400,projection,G2L2W1
2056,33,410400,392000,802400,projection,G2L2W1
2056,34,433500,413300,846800,projection,G2L2W1
2056,35,460800,439700,900500,projection,G2L2W1
2056,36,454800,433300,888100,projection,G2L2W1
2056,37,459700,438200,897900,projection,G2L2W1
2056,38,466600,445900,912500,projection,G2L2W1
2056,39,471900,450400,922300,projection,G2L2W1
2056,40,475500,455300,930800,projection,G2L2W1
2056,41,466100,442700,908800,projection,G2L2W1
2056,42,462800,441000,903800,projection,G2L2W1
2056,43,449700,427600,877300,projection,G2L2W1
2056,44,450500,427100,877600,projection,G2L2W1
2056,45,443900,421500,865400,projection,G2L2W1
2056,46,453000,430200,883200,projection,G2L2W1
2056,47,448500,423800,872300,projection,G2L2W1
2056,48,459700,432900,892600,projection,G2L2W1
2056,49,462200,428600,890800,projection,G2L2W1
2056,50,461800,423600,885400,projection,G2L2W1
2056,51,469300,434300,903600,projection,G2L2W1
2056,52,475800,445600,921400,projection,G2L2W1
2056,53,464800,441400,906200,projection,G2L2W1
2056,54,474200,446600,920800,projection,G2L2W1
2056,55,489300,457600,946900,projection,G2L2W1
2056,56,515800,479300,995100,projection,G2L2W1
2056,57,523100,478300,1001400,projection,G2L2W1
2056,58,528100,489000,1017100,projection,G2L2W1
2056,59,534000,498700,1032700,projection,G2L2W1
2056,60,517400,487800,1005200,projection,G2L2W1
2056,61,501300,475400,976700,projection,G2L2W1
2056,62,497200,476900,974100,projection,G2L2W1
2056,63,501900,487100,989000,projection,G2L2W1
2056,64,502400,492700,995100,projection,G2L2W1
2056,65,506700,501900,1008600,projection,G2L2W1
2056,66,539900,539300,1079200,projection,G2L2W1
2056,67,524500,529700,1054200,projection,G2L2W1
2056,68,527200,535800,1063000,projection,G2L2W1
2056,69,506900,520900,1027800,projection,G2L2W1
2056,70,486100,510100,996200,projection,G2L2W1
2056,71,462200,489200,951400,projection,G2L2W1
2056,72,446700,480200,926900,projection,G2L2W1
2056,73,434500,473900,908400,projection,G2L2W1
2056,74,428100,473500,901600,projection,G2L2W1
2056,75,408400,462200,870600,projection,G2L2W1
2056,76,395800,453300,849100,projection,G2L2W1
2056,77,362500,421500,784000,projection,G2L2W1
2056,78,342500,403400,745900,projection,G2L2W1
2056,79,323900,386300,710200,projection,G2L2W1
2056,80,301000,367200,668200,projection,G2L2W1
2056,81,277500,344000,621500,projection,G2L2W1
2056,82,263800,334500,598300,projection,G2L2W1
2056,83,247400,320500,567900,projection,G2L2W1
2056,84,248800,329000,577800,projection,G2L2W1
2056,85,252000,340600,592600,projection,G2L2W1
2056,86,236600,328200,564800,projection,G2L2W1
2056,87,227500,322200,549700,projection,G2L2W1
2056,88,209400,305400,514800,projection,G2L2W1
2056,89,185100,279900,465000,projection,G2L2W1
2056,90,160800,252400,413200,projection,G2L2W1
2056,91,133200,217800,351000,projection,G2L2W1
2056,92,109100,188000,297100,projection,G2L2W1
2056,93,84700,154100,238800,projection,G2L2W1
2056,94,62600,121200,183800,projection,G2L2W1
2056,95,45600,94300,139900,projection,G2L2W1
2056,96,31300,69700,101000,projection,G2L2W1
2056,97,21100,50300,71400,projection,G2L2W1
2056,98,13400,34100,47500,projection,G2L2W1
2056,99,8600,23300,31900,projection,G2L2W1
2057,0,285200,270800,556000,projection,G2L2W1
2057,1,289700,275300,565000,projection,G2L2W1
2057,2,294300,279900,574200,projection,G2L2W1
2057,3,298800,284400,583200,projection,G2L2W1
2057,4,303000,288600,591600,projection,G2L2W1
2057,5,306800,292400,599200,projection,G2L2W1
2057,6,310100,295800,605900,projection,G2L2W1
2057,7,312900,298700,611600,projection,G2L2W1
2057,8,315200,301000,616200,projection,G2L2W1
2057,9,317000,302800,619800,projection,G2L2W1
2057,10,318300,304200,622500,projection,G2L2W1
2057,11,319200,305200,624400,projection,G2L2W1
2057,12,319900,306100,626000,projection,G2L2W1
2057,13,320700,306800,627500,projection,G2L2W1
2057,14,321500,307600,629100,projection,G2L2W1
2057,15,322800,308600,631400,projection,G2L2W1
2057,16,324800,309900,634700,projection,G2L2W1
2057,17,327500,311500,639000,projection,G2L2W1
2057,18,330800,314400,645200,projection,G2L2W1
2057,19,334300,318000,652300,projection,G2L2W1
2057,20,338200,322100,660300,projection,G2L2W1
2057,21,342400,326300,668700,projection,G2L2W1
2057,22,347200,331000,678200,projection,G2L2W1
2057,23,351000,334600,685600,projection,G2L2W1
2057,24,355000,338400,693400,projection,G2L2W1
2057,25,359700,343100,702800,projection,G2L2W1
2057,26,363100,346400,709500,projection,G2L2W1
2057,27,365400,348700,714100,projection,G2L2W1
2057,28,366900,350200,717100,projection,G2L2W1
2057,29,368000,351300,719300,projection,G2L2W1
2057,30,371100,354300,725400,projection,G2L2W1
2057,31,375600,358600,734200,projection,G2L2W1
2057,32,383300,366000,749300,projection,G2L2W1
2057,33,397500,378900,776400,projection,G2L2W1
2057,34,411800,393300,805100,projection,G2L2W1
2057,35,434800,414500,849300,projection,G2L2W1
2057,36,462000,440800,902800,projection,G2L2W1
2057,37,455900,434400,890300,projection,G2L2W1
2057,38,460700,439200,899900,projection,G2L2W1
2057,39,467400,446800,914200,projection,G2L2W1
2057,40,472700,451200,923900,projection,G2L2W1
2057,41,476200,456100,932300,projection,G2L2W1
2057,42,466700,443400,910100,projection,G2L2W1
2057,43,463300,441700,905000,projection,G2L2W1
2057,44,450100,428200,878300,projection,G2L2W1
2057,45,450700,427600,878300,projection,G2L2W1
2057,46,444100,421900,866000,projection,G2L2W1
2057,47,452900,430500,883400,projection,G2L2W1
2057,48,448400,424000,872400,projection,G2L2W1
2057,49,459400,433100,892500,projection,G2L2W1
2057,50,461800,428700,890500,projection,G2L2W1
2057,51,461200,423500,884700,projection,G2L2W1
2057,52,468500,434100,902600,projection,G2L2W1
2057,53,474800,445200,920000,projection,G2L2W1
2057,54,463600,441000,904600,projection,G2L2W1
2057,55,472800,446000,918800,projection,G2L2W1
2057,56,487600,456800,944400,projection,G2L2W1
2057,57,513700,478400,992100,projection,G2L2W1
2057,58,520700,477200,997900,projection,G2L2W1
2057,59,525300,487700,1013000,projection,G2L2W1
2057,60,531000,497100,1028100,projection,G2L2W1
2057,61,514000,486000,1000000,projection,G2L2W1
2057,62,497500,473500,971000,projection,G2L2W1
2057,63,493000,474600,967600,projection,G2L2W1
2057,64,497200,484600,981800,projection,G2L2W1
2057,65,497200,489800,987000,projection,G2L2W1
2057,66,500800,498500,999300,projection,G2L2W1
2057,67,533100,535300,1068400,projection,G2L2W1
2057,68,517200,525400,1042600,projection,G2L2W1
2057,69,519200,531000,1050200,projection,G2L2W1
2057,70,498500,515800,1014300,projection,G2L2W1
2057,71,477300,504600,981900,projection,G2L2W1
2057,72,453000,483300,936300,projection,G2L2W1
2057,73,436900,473700,910600,projection,G2L2W1
2057,74,424000,466800,890800,projection,G2L2W1
2057,75,416800,465500,882300,projection,G2L2W1
2057,76,396500,453600,850100,projection,G2L2W1
2057,77,383100,443800,826900,projection,G2L2W1
2057,78,349600,411600,761200,projection,G2L2W1
2057,79,329100,392900,722000,projection,G2L2W1
2057,80,309900,375000,684900,projection,G2L2W1
2057,81,286500,355200,641700,projection,G2L2W1
2057,82,262500,331300,593800,projection,G2L2W1
2057,83,247800,320500,568300,projection,G2L2W1
2057,84,230600,305100,535700,projection,G2L2W1
2057,85,229600,310800,540400,projection,G2L2W1
2057,86,229900,318700,548600,projection,G2L2W1
2057,87,213000,303800,516800,projection,G2L2W1
2057,88,201800,294400,496200,projection,G2L2W1
2057,89,182400,275000,457400,projection,G2L2W1
2057,90,158100,247800,405900,projection,G2L2W1
2057,91,134300,219300,353600,projection,G2L2W1
2057,92,108500,185400,293900,projection,G2L2W1
2057,93,86500,156500,243000,projection,G2L2W1
2057,94,65300,125200,190500,projection,G2L2W1
2057,95,46800,96000,142800,projection,G2L2W1
2057,96,33100,72700,105800,projection,G2L2W1
2057,97,22100,52300,74400,projection,G2L2W1
2057,98,14500,36600,51100,projection,G2L2W1
2057,99,8900,24200,33100,projection,G2L2W1
2058,0,281500,267300,548800,projection,G2L2W1
2058,1,285800,271600,557400,projection,G2L2W1
2058,2,290300,276100,566400,projection,G2L2W1
2058,3,294900,280700,575600,projection,G2L2W1
2058,4,299300,285100,584400,projection,G2L2W1
2058,5,303500,289300,592800,projection,G2L2W1
2058,6,307300,293100,600400,projection,G2L2W1
2058,7,310700,296500,607200,projection,G2L2W1
2058,8,313500,299400,612900,projection,G2L2W1
2058,9,315800,301800,617600,projection,G2L2W1
2058,10,317600,303600,621200,projection,G2L2W1
2058,11,318900,304900,623800,projection,G2L2W1
2058,12,319800,306000,625800,projection,G2L2W1
2058,13,320600,306700,627300,projection,G2L2W1
2058,14,321400,307400,628800,projection,G2L2W1
2058,15,322500,308300,630800,projection,G2L2W1
2058,16,324200,309300,633500,projection,G2L2W1
2058,17,326500,310600,637100,projection,G2L2W1
2058,18,330000,313500,643500,projection,G2L2W1
2058,19,333600,317400,651000,projection,G2L2W1
2058,20,337200,321100,658300,projection,G2L2W1
2058,21,341000,325000,666000,projection,G2L2W1
2058,22,345500,329300,674800,projection,G2L2W1
2058,23,350500,334100,684600,projection,G2L2W1
2058,24,354200,337700,691900,projection,G2L2W1
2058,25,357900,341400,699300,projection,G2L2W1
2058,26,362500,345800,708300,projection,G2L2W1
2058,27,365600,348900,714500,projection,G2L2W1
2058,28,367700,350900,718600,projection,G2L2W1
2058,29,369000,352200,721200,projection,G2L2W1
2058,30,369900,353200,723100,projection,G2L2W1
2058,31,372900,356000,728900,projection,G2L2W1
2058,32,377200,360200,737400,projection,G2L2W1
2058,33,384800,367500,752300,projection,G2L2W1
2058,34,398900,380200,779100,projection,G2L2W1
2058,35,413100,394600,807700,projection,G2L2W1
2058,36,435900,415700,851600,projection,G2L2W1
2058,37,463100,441900,905000,projection,G2L2W1
2058,38,456900,435400,892300,projection,G2L2W1
2058,39,461600,440100,901700,projection,G2L2W1
2058,40,468200,447600,915800,projection,G2L2W1
2058,41,473400,452000,925400,projection,G2L2W1
2058,42,476800,456800,933600,projection,G2L2W1
2058,43,467200,444000,911200,projection,G2L2W1
2058,44,463700,442200,905900,projection,G2L2W1
2058,45,450400,428700,879100,projection,G2L2W1
2058,46,450900,428000,878900,projection,G2L2W1
2058,47,444100,422200,866300,projection,G2L2W1
2058,48,452800,430800,883600,projection,G2L2W1
2058,49,448100,424100,872200,projection,G2L2W1
2058,50,459000,433100,892100,projection,G2L2W1
2058,51,461200,428600,889800,projection,G2L2W1
2058,52,460400,423400,883800,projection,G2L2W1
2058,53,467500,433800,901300,projection,G2L2W1
2058,54,473600,444800,918400,projection,G2L2W1
2058,55,462300,440400,902700,projection,G2L2W1
2058,56,471100,445200,916300,projection,G2L2W1
2058,57,485700,455900,941600,projection,G2L2W1
2058,58,511400,477300,988700,projection,G2L2W1
2058,59,518000,475900,993900,projection,G2L2W1
2058,60,522400,486200,1008600,projection,G2L2W1
2058,61,527500,495300,1022800,projection,G2L2W1
2058,62,510200,484000,994200,projection,G2L2W1
2058,63,493400,471300,964700,projection,G2L2W1
2058,64,488400,472200,960600,projection,G2L2W1
2058,65,492100,481700,973800,projection,G2L2W1
2058,66,491500,486600,978100,projection,G2L2W1
2058,67,494600,494900,989500,projection,G2L2W1
2058,68,525700,531000,1056700,projection,G2L2W1
2058,69,509400,520700,1030100,projection,G2L2W1
2058,70,510600,525800,1036400,projection,G2L2W1
2058,71,489500,510200,999700,projection,G2L2W1
2058,72,467800,498500,966300,projection,G2L2W1
2058,73,443100,476900,920000,projection,G2L2W1
2058,74,426500,466700,893200,projection,G2L2W1
2058,75,412900,459100,872000,projection,G2L2W1
2058,76,404700,456800,861500,projection,G2L2W1
2058,77,383900,444100,828000,projection,G2L2W1
2058,78,369600,433500,803100,projection,G2L2W1
2058,79,336000,400900,736900,projection,G2L2W1
2058,80,314900,381400,696300,projection,G2L2W1
2058,81,295000,362800,657800,projection,G2L2W1
2058,82,271200,342200,613400,projection,G2L2W1
2058,83,246800,317500,564300,projection,G2L2W1
2058,84,231000,305200,536200,projection,G2L2W1
2058,85,212900,288300,501200,projection,G2L2W1
2058,86,209600,291000,500600,projection,G2L2W1
2058,87,207100,295100,502200,projection,G2L2W1
2058,88,189000,277700,466700,projection,G2L2W1
2058,89,175900,265200,441100,projection,G2L2W1
2058,90,155900,243600,399500,projection,G2L2W1
2058,91,132100,215500,347600,projection,G2L2W1
2058,92,109500,186800,296300,projection,G2L2W1
2058,93,86200,154400,240600,projection,G2L2W1
2058,94,66800,127200,194000,projection,G2L2W1
2058,95,48900,99300,148200,projection,G2L2W1
2058,96,34100,74100,108200,projection,G2L2W1
2058,97,23400,54600,78000,projection,G2L2W1
2058,98,15200,38100,53300,projection,G2L2W1
2058,99,9700,26000,35700,projection,G2L2W1
2059,0,278100,264100,542200,projection,G2L2W1
2059,1,282100,268100,550200,projection,G2L2W1
2059,2,286400,272400,558800,projection,G2L2W1
2059,3,290900,276900,567800,projection,G2L2W1
2059,4,295400,281400,576800,projection,G2L2W1
2059,5,299800,285800,585600,projection,G2L2W1
2059,6,304000,290000,594000,projection,G2L2W1
2059,7,307900,293900,601800,projection,G2L2W1
2059,8,311300,297300,608600,projection,G2L2W1
2059,9,314200,300200,614400,projection,G2L2W1
2059,10,316500,302500,619000,projection,G2L2W1
2059,11,318300,304300,622600,projection,G2L2W1
2059,12,319500,305700,625200,projection,G2L2W1
2059,13,320500,306600,627100,projection,G2L2W1
2059,14,321300,307400,628700,projection,G2L2W1
2059,15,322400,308100,630500,projection,G2L2W1
2059,16,323900,309000,632900,projection,G2L2W1
2059,17,325900,310100,636000,projection,G2L2W1
2059,18,329000,312600,641600,projection,G2L2W1
2059,19,332800,316500,649300,projection,G2L2W1
2059,20,336500,320500,657000,projection,G2L2W1
2059,21,339900,324000,663900,projection,G2L2W1
2059,22,344100,328000,672100,projection,G2L2W1
2059,23,348800,332400,681200,projection,G2L2W1
2059,24,353700,337200,690900,projection,G2L2W1
2059,25,357200,340600,697800,projection,G2L2W1
2059,26,360700,344100,704800,projection,G2L2W1
2059,27,365000,348300,713300,projection,G2L2W1
2059,28,367900,351100,719000,projection,G2L2W1
2059,29,369800,352900,722700,projection,G2L2W1
2059,30,370900,354100,725000,projection,G2L2W1
2059,31,371700,354800,726500,projection,G2L2W1
2059,32,374500,357600,732100,projection,G2L2W1
2059,33,378700,361600,740300,projection,G2L2W1
2059,34,386200,368800,755000,projection,G2L2W1
2059,35,400200,381400,781600,projection,G2L2W1
2059,36,414300,395700,810000,projection,G2L2W1
2059,37,437000,416700,853700,projection,G2L2W1
2059,38,464100,442900,907000,projection,G2L2W1
2059,39,457800,436300,894100,projection,G2L2W1
2059,40,462400,440900,903300,projection,G2L2W1
2059,41,469000,448400,917400,projection,G2L2W1
2059,42,474000,452700,926700,projection,G2L2W1
2059,43,477300,457400,934700,projection,G2L2W1
2059,44,467600,444600,912200,projection,G2L2W1
2059,45,463900,442700,906600,projection,G2L2W1
2059,46,450600,429100,879700,projection,G2L2W1
2059,47,450900,428300,879200,projection,G2L2W1
2059,48,444000,422400,866400,projection,G2L2W1
2059,49,452600,430900,883500,projection,G2L2W1
2059,50,447700,424200,871900,projection,G2L2W1
2059,51,458400,433000,891400,projection,G2L2W1
2059,52,460400,428400,888800,projection,G2L2W1
2059,53,459500,423100,882600,projection,G2L2W1
2059,54,466300,433400,899700,projection,G2L2W1
2059,55,472200,444200,916400,projection,G2L2W1
2059,56,460700,439700,900400,projection,G2L2W1
2059,57,469300,444400,913700,projection,G2L2W1
2059,58,483500,454900,938400,projection,G2L2W1
2059,59,508800,476000,984800,projection,G2L2W1
2059,60,515100,474400,989500,projection,G2L2W1
2059,61,519000,484400,1003400,projection,G2L2W1
2059,62,523600,493300,1016900,projection,G2L2W1
2059,63,505900,481800,987700,projection,G2L2W1
2059,64,488800,468800,957600,projection,G2L2W1
2059,65,483400,469400,952800,projection,G2L2W1
2059,66,486500,478500,965000,projection,G2L2W1
2059,67,485400,483000,968400,projection,G2L2W1
2059,68,487800,490900,978700,projection,G2L2W1
2059,69,517900,526300,1044200,projection,G2L2W1
2059,70,501100,515700,1016800,projection,G2L2W1
2059,71,501500,520100,1021600,projection,G2L2W1
2059,72,479800,504100,983900,projection,G2L2W1
2059,73,457700,491900,949600,projection,G2L2W1
2059,74,432600,469800,902400,projection,G2L2W1
2059,75,415300,458900,874200,projection,G2L2W1
2059,76,401000,450600,851600,projection,G2L2W1
2059,77,391900,447400,839300,projection,G2L2W1
2059,78,370400,433800,804200,projection,G2L2W1
2059,79,355300,422300,777600,projection,G2L2W1
2059,80,321600,389300,710900,projection,G2L2W1
2059,81,299900,369100,669000,projection,G2L2W1
2059,82,279300,349600,628900,projection,G2L2W1
2059,83,255000,328000,583000,projection,G2L2W1
2059,84,230100,302400,532500,projection,G2L2W1
2059,85,213400,288500,501900,projection,G2L2W1
2059,86,194400,269900,464300,projection,G2L2W1
2059,87,188900,269500,458400,projection,G2L2W1
2059,88,183900,269900,453800,projection,G2L2W1
2059,89,164900,250300,415200,projection,G2L2W1
2059,90,150500,235000,385500,projection,G2L2W1
2059,91,130500,212000,342500,projection,G2L2W1
2059,92,107900,183700,291600,projection,G2L2W1
2059,93,87100,155800,242900,projection,G2L2W1
2059,94,66600,125700,192300,projection,G2L2W1
2059,95,50100,101000,151100,projection,G2L2W1
2059,96,35600,76700,112300,projection,G2L2W1
2059,97,24100,55700,79800,projection,G2L2W1
2059,98,16100,39800,55900,projection,G2L2W1
2059,99,10100,27100,37200,projection,G2L2W1
2060,0,275100,261300,536400,projection,G2L2W1
2060,1,278700,264900,543600,projection,G2L2W1
2060,2,282700,268800,551500,projection,G2L2W1
2060,3,287000,273200,560200,projection,G2L2W1
2060,4,291400,277600,569000,projection,G2L2W1
2060,5,296000,282100,578100,projection,G2L2W1
2060,6,300300,286500,586800,projection,G2L2W1
2060,7,304600,290800,595400,projection,G2L2W1
2060,8,308500,294600,603100,projection,G2L2W1
2060,9,312000,298100,610100,projection,G2L2W1
2060,10,314800,300900,615700,projection,G2L2W1
2060,11,317100,303300,620400,projection,G2L2W1
2060,12,318900,305000,623900,projection,G2L2W1
2060,13,320200,306300,626500,projection,G2L2W1
2060,14,321200,307300,628500,projection,G2L2W1
2060,15,322300,308100,630400,projection,G2L2W1
2060,16,323800,308900,632700,projection,G2L2W1
2060,17,325600,309700,635300,projection,G2L2W1
2060,18,328400,312100,640500,projection,G2L2W1
2060,19,331800,315600,647400,projection,G2L2W1
2060,20,335600,319700,655300,projection,G2L2W1
2060,21,339300,323300,662600,projection,G2L2W1
2060,22,343000,327000,670000,projection,G2L2W1
2060,23,347400,331100,678500,projection,G2L2W1
2060,24,351900,335500,687400,projection,G2L2W1
2060,25,356600,340100,696700,projection,G2L2W1
2060,26,360000,343400,703400,projection,G2L2W1
2060,27,363200,346600,709800,projection,G2L2W1
2060,28,367300,350500,717800,projection,G2L2W1
2060,29,370000,353100,723100,projection,G2L2W1
2060,30,371700,354800,726500,projection,G2L2W1
2060,31,372700,355800,728500,projection,G2L2W1
2060,32,373300,356400,729700,projection,G2L2W1
2060,33,376000,359000,735000,projection,G2L2W1
2060,34,380100,362900,743000,projection,G2L2W1
2060,35,387500,370000,757500,projection,G2L2W1
2060,36,401400,382600,784000,projection,G2L2W1
2060,37,415400,396800,812200,projection,G2L2W1
2060,38,438100,417700,855800,projection,G2L2W1
2060,39,465000,443800,908800,projection,G2L2W1
2060,40,458600,437200,895800,projection,G2L2W1
2060,41,463100,441700,904800,projection,G2L2W1
2060,42,469600,449100,918700,projection,G2L2W1
2060,43,474500,453300,927800,projection,G2L2W1
2060,44,477700,457900,935600,projection,G2L2W1
2060,45,467800,445000,912800,projection,G2L2W1
2060,46,464100,443100,907200,projection,G2L2W1
2060,47,450600,429400,880000,projection,G2L2W1
2060,48,450800,428600,879400,projection,G2L2W1
2060,49,443700,422600,866300,projection,G2L2W1
2060,50,452200,430900,883100,projection,G2L2W1
2060,51,447200,424100,871300,projection,G2L2W1
2060,52,457700,432800,890500,projection,G2L2W1
2060,53,459500,428100,887600,projection,G2L2W1
2060,54,458400,422700,881100,projection,G2L2W1
2060,55,465000,432800,897800,projection,G2L2W1
2060,56,470600,443500,914100,projection,G2L2W1
2060,57,458900,438800,897700,projection,G2L2W1
2060,58,467200,443400,910600,projection,G2L2W1
2060,59,481100,453700,934800,projection,G2L2W1
2060,60,506000,474500,980500,projection,G2L2W1
2060,61,511800,472800,984600,projection,G2L2W1
2060,62,515200,482500,997700,projection,G2L2W1
2060,63,519300,491100,1010400,projection,G2L2W1
2060,64,501300,479300,980600,projection,G2L2W1
2060,65,483900,466100,950000,projection,G2L2W1
2060,66,477900,466300,944200,projection,G2L2W1
2060,67,480500,475100,955600,projection,G2L2W1
2060,68,478800,479200,958000,projection,G2L2W1
2060,69,480600,486600,967200,projection,G2L2W1
2060,70,509500,521200,1030700,projection,G2L2W1
2060,71,492200,510100,1002300,projection,G2L2W1
2060,72,491600,514000,1005600,projection,G2L2W1
2060,73,469500,497400,966900,projection,G2L2W1
2060,74,446900,484600,931500,projection,G2L2W1
2060,75,421300,462000,883300,projection,G2L2W1
2060,76,403400,450500,853900,projection,G2L2W1
2060,77,388300,441300,829600,projection,G2L2W1
2060,78,378200,437100,815300,projection,G2L2W1
2060,79,356200,422700,778900,projection,G2L2W1
2060,80,340200,410100,750300,projection,G2L2W1
2060,81,306400,376800,683200,projection,G2L2W1
2060,82,284000,355700,639700,projection,G2L2W1
2060,83,262700,335100,597800,projection,G2L2W1
2060,84,237900,312500,550400,projection,G2L2W1
2060,85,212700,285900,498600,projection,G2L2W1
2060,86,195000,270200,465200,projection,G2L2W1
2060,87,175400,250100,425500,projection,G2L2W1
2060,88,167800,246600,414400,projection,G2L2W1
2060,89,160600,243300,403900,projection,G2L2W1
2060,90,141200,222000,363200,projection,G2L2W1
2060,91,126000,204700,330700,projection,G2L2W1
2060,92,106600,180800,287400,projection,G2L2W1
2060,93,85800,153300,239100,projection,G2L2W1
2060,94,67300,126900,194200,projection,G2L2W1
2060,95,50000,99900,149900,projection,G2L2W1
2060,96,36500,78200,114700,projection,G2L2W1
2060,97,25200,57800,83000,projection,G2L2W1
2060,98,16600,40700,57300,projection,G2L2W1
2060,99,10800,28300,39100,projection,G2L2W1
2061,0,272600,258800,531400,projection,G2L2W1
2061,1,275700,262000,537700,projection,G2L2W1
2061,2,279300,265600,544900,projection,G2L2W1
2061,3,283200,269600,552800,projection,G2L2W1
2061,4,287500,273900,561400,projection,G2L2W1
2061,5,292000,278300,570300,projection,G2L2W1
2061,6,296500,282800,579300,projection,G2L2W1
2061,7,301000,287300,588300,projection,G2L2W1
2061,8,305200,291500,596700,projection,G2L2W1
2061,9,309200,295400,604600,projection,G2L2W1
2061,10,312600,298800,611400,projection,G2L2W1
2061,11,315500,301700,617200,projection,G2L2W1
2061,12,317800,304000,621800,projection,G2L2W1
2061,13,319500,305700,625200,projection,G2L2W1
2061,14,320900,307000,627900,projection,G2L2W1
2061,15,322200,308000,630200,projection,G2L2W1
2061,16,323700,308800,632500,projection,G2L2W1
2061,17,325500,309600,635100,projection,G2L2W1
2061,18,328100,311800,639900,projection,G2L2W1
2061,19,331200,315100,646300,projection,G2L2W1
2061,20,334700,318700,653400,projection,G2L2W1
2061,21,338400,322500,660900,projection,G2L2W1
2061,22,342400,326400,668800,projection,G2L2W1
2061,23,346300,330100,676400,projection,G2L2W1
2061,24,350500,334200,684700,projection,G2L2W1
2061,25,354900,338400,693300,projection,G2L2W1
2061,26,359400,342800,702200,projection,G2L2W1
2061,27,362500,345800,708300,projection,G2L2W1
2061,28,365500,348800,714300,projection,G2L2W1
2061,29,369400,352500,721900,projection,G2L2W1
2061,30,371900,355000,726900,projection,G2L2W1
2061,31,373400,356500,729900,projection,G2L2W1
2061,32,374300,357300,731600,projection,G2L2W1
2061,33,374800,357800,732600,projection,G2L2W1
2061,34,377400,360300,737700,projection,G2L2W1
2061,35,381400,364200,745600,projection,G2L2W1
2061,36,388700,371200,759900,projection,G2L2W1
2061,37,402500,383700,786200,projection,G2L2W1
2061,38,416400,397800,814200,projection,G2L2W1
2061,39,439000,418700,857700,projection,G2L2W1
2061,40,465800,444600,910400,projection,G2L2W1
2061,41,459400,437900,897300,projection,G2L2W1
2061,42,463800,442400,906200,projection,G2L2W1
2061,43,470100,449700,919800,projection,G2L2W1
2061,44,474900,453900,928800,projection,G2L2W1
2061,45,478000,458400,936400,projection,G2L2W1
2061,46,468000,445400,913400,projection,G2L2W1
2061,47,464100,443400,907500,projection,G2L2W1
2061,48,450500,429600,880100,projection,G2L2W1
2061,49,450500,428700,879200,projection,G2L2W1
2061,50,443400,422700,866100,projection,G2L2W1
2061,51,451600,430900,882500,projection,G2L2W1
2061,52,446500,424000,870500,projection,G2L2W1
2061,53,456800,432600,889400,projection,G2L2W1
2061,54,458400,427700,886100,projection,G2L2W1
2061,55,457100,422200,879300,projection,G2L2W1
2061,56,463500,432100,895600,projection,G2L2W1
2061,57,468800,442600,911400,projection,G2L2W1
2061,58,456900,437900,894800,projection,G2L2W1
2061,59,464900,442200,907100,projection,G2L2W1
2061,60,478500,452300,930800,projection,G2L2W1
2061,61,502800,472900,975700,projection,G2L2W1
2061,62,508100,470900,979000,projection,G2L2W1
2061,63,511000,480300,991300,projection,G2L2W1
2061,64,514600,488500,1003100,projection,G2L2W1
2061,65,496300,476500,972800,projection,G2L2W1
2061,66,478400,463100,941500,projection,G2L2W1
2061,67,472100,463000,935100,projection,G2L2W1
2061,68,474000,471300,945300,projection,G2L2W1
2061,69,471800,475000,946800,projection,G2L2W1
2061,70,472900,481900,954800,projection,G2L2W1
2061,71,500500,515600,1016100,projection,G2L2W1
2061,72,482600,504100,986700,projection,G2L2W1
2061,73,481200,507200,988400,projection,G2L2W1
2061,74,458500,490100,948600,projection,G2L2W1
2061,75,435300,476700,912000,projection,G2L2W1
2061,76,409300,453600,862900,projection,G2L2W1
2061,77,390800,441200,832000,projection,G2L2W1
2061,78,374900,431100,806000,projection,G2L2W1
2061,79,363800,425900,789700,projection,G2L2W1
2061,80,341100,410600,751700,projection,G2L2W1
2061,81,324100,397000,721100,projection,G2L2W1
2061,82,290300,363200,653500,projection,G2L2W1
2061,83,267300,341100,608400,projection,G2L2W1
2061,84,245200,319400,564600,projection,G2L2W1
2061,85,219900,295500,515400,projection,G2L2W1
2061,86,194400,267900,462300,projection,G2L2W1
2061,87,176000,250500,426500,projection,G2L2W1
2061,88,155900,229000,384900,projection,G2L2W1
2061,89,146700,222500,369200,projection,G2L2W1
2061,90,137600,216000,353600,projection,G2L2W1
2061,91,118300,193400,311700,projection,G2L2W1
2061,92,103100,174800,277900,projection,G2L2W1
2061,93,84900,151000,235900,projection,G2L2W1
2061,94,66500,125000,191500,projection,G2L2W1
2061,95,50600,101000,151600,projection,G2L2W1
2061,96,36500,77400,113900,projection,G2L2W1
2061,97,25900,58900,84800,projection,G2L2W1
2061,98,17400,42300,59700,projection,G2L2W1
2061,99,11100,29000,40100,projection,G2L2W1
2062,0,270400,256800,527200,projection,G2L2W1
2062,1,273200,259600,532800,projection,G2L2W1
2062,2,276300,262800,539100,projection,G2L2W1
2062,3,279900,266400,546300,projection,G2L2W1
2062,4,283800,270400,554200,projection,G2L2W1
2062,5,288000,274600,562600,projection,G2L2W1
2062,6,292500,279000,571500,projection,G2L2W1
2062,7,297100,283600,580700,projection,G2L2W1
2062,8,301600,288000,589600,projection,G2L2W1
2062,9,305900,292300,598200,projection,G2L2W1
2062,10,309800,296200,606000,projection,G2L2W1
2062,11,313200,299600,612800,projection,G2L2W1
2062,12,316100,302400,618500,projection,G2L2W1
2062,13,318400,304600,623000,projection,G2L2W1
2062,14,320300,306400,626700,projection,G2L2W1
2062,15,321900,307700,629600,projection,G2L2W1
2062,16,323600,308700,632300,projection,G2L2W1
2062,17,325400,309600,635000,projection,G2L2W1
2062,18,328000,311600,639600,projection,G2L2W1
2062,19,330900,314800,645700,projection,G2L2W1
2062,20,334100,318200,652300,projection,G2L2W1
2062,21,337400,321600,659000,projection,G2L2W1
2062,22,341500,325500,667000,projection,G2L2W1
2062,23,345600,329500,675100,projection,G2L2W1
2062,24,349500,333200,682700,projection,G2L2W1
2062,25,353500,337100,690600,projection,G2L2W1
2062,26,357700,341200,698900,projection,G2L2W1
2062,27,361900,345300,707200,projection,G2L2W1
2062,28,364800,348100,712900,projection,G2L2W1
2062,29,367600,350800,718400,projection,G2L2W1
2062,30,371300,354400,725700,projection,G2L2W1
2062,31,373700,356700,730400,projection,G2L2W1
2062,32,375100,358000,733100,projection,G2L2W1
2062,33,375800,358800,734600,projection,G2L2W1
2062,34,376200,359200,735400,projection,G2L2W1
2062,35,378700,361600,740300,projection,G2L2W1
2062,36,382700,365400,748100,projection,G2L2W1
2062,37,389900,372300,762200,projection,G2L2W1
2062,38,403500,384700,788200,projection,G2L2W1
2062,39,417400,398800,816200,projection,G2L2W1
2062,40,439800,419500,859300,projection,G2L2W1
2062,41,466500,445400,911900,projection,G2L2W1
2062,42,460000,438700,898700,projection,G2L2W1
2062,43,464300,443100,907400,projection,G2L2W1
2062,44,470500,450300,920800,projection,G2L2W1
2062,45,475200,454400,929600,projection,G2L2W1
2062,46,478100,458800,936900,projection,G2L2W1
2062,47,468000,445800,913800,projection,G2L2W1
2062,48,464000,443600,907600,projection,G2L2W1
2062,49,450200,429800,880000,projection,G2L2W1
2062,50,450200,428800,879000,projection,G2L2W1
2062,51,442800,422600,865400,projection,G2L2W1
2062,52,450900,430700,881600,projection,G2L2W1
2062,53,445600,423700,869300,projection,G2L2W1
2062,54,455700,432100,887800,projection,G2L2W1
2062,55,457100,427200,884300,projection,G2L2W1
2062,56,455600,421500,877100,projection,G2L2W1
2062,57,461700,431300,893000,projection,G2L2W1
2062,58,466800,441600,908400,projection,G2L2W1
2062,59,454700,436800,891500,projection,G2L2W1
2062,60,462400,440900,903300,projection,G2L2W1
2062,61,475500,450700,926200,projection,G2L2W1
2062,62,499200,471000,970200,projection,G2L2W1
2062,63,504000,468700,972700,projection,G2L2W1
2062,64,506400,477800,984200,projection,G2L2W1
2062,65,509500,485700,995200,projection,G2L2W1
2062,66,490800,473400,964200,projection,G2L2W1
2062,67,472700,459800,932500,projection,G2L2W1
2062,68,465800,459300,925100,projection,G2L2W1
2062,69,467200,467200,934400,projection,G2L2W1
2062,70,464300,470400,934700,projection,G2L2W1
2062,71,464600,476800,941400,projection,G2L2W1
2062,72,490900,509600,1000500,projection,G2L2W1
2062,73,472400,497500,969900,projection,G2L2W1
2062,74,470000,499800,969800,projection,G2L2W1
2062,75,446800,482100,928900,projection,G2L2W1
2062,76,423000,468000,891000,projection,G2L2W1
2062,77,396600,444300,840900,projection,G2L2W1
2062,78,377400,431100,808500,projection,G2L2W1
2062,79,360700,420100,780800,projection,G2L2W1
2062,80,348400,413700,762100,projection,G2L2W1
2062,81,325100,397500,722600,projection,G2L2W1
2062,82,307200,382700,689900,projection,G2L2W1
2062,83,273200,348300,621500,projection,G2L2W1
2062,84,249500,325100,574600,projection,G2L2W1
2062,85,226800,302100,528900,projection,G2L2W1
2062,86,201100,277000,478100,projection,G2L2W1
2062,87,175500,248500,424000,projection,G2L2W1
2062,88,156500,229400,385900,projection,G2L2W1
2062,89,136300,206700,343000,projection,G2L2W1
2062,90,125700,197500,323200,projection,G2L2W1
2062,91,115400,188300,303700,projection,G2L2W1
2062,92,96900,165300,262200,projection,G2L2W1
2062,93,82200,146100,228300,projection,G2L2W1
2062,94,65900,123300,189200,projection,G2L2W1
2062,95,50100,99600,149700,projection,G2L2W1
2062,96,37000,78400,115400,projection,G2L2W1
2062,97,26000,58400,84400,projection,G2L2W1
2062,98,17900,43200,61100,projection,G2L2W1
2062,99,11700,30200,41900,projection,G2L2W1
2063,0,268700,255100,523800,projection,G2L2W1
2063,1,271000,257600,528600,projection,G2L2W1
2063,2,273800,260400,534200,projection,G2L2W1
2063,3,276900,263600,540500,projection,G2L2W1
2063,4,280400,267100,547500,projection,G2L2W1
2063,5,284300,271100,555400,projection,G2L2W1
2063,6,288500,275300,563800,projection,G2L2W1
2063,7,293100,279800,572900,projection,G2L2W1
2063,8,297700,284300,582000,projection,G2L2W1
2063,9,302200,288800,591000,projection,G2L2W1
2063,10,306500,293000,599500,projection,G2L2W1
2063,11,310500,296900,607400,projection,G2L2W1
2063,12,313900,300300,614200,projection,G2L2W1
2063,13,316800,303100,619900,projection,G2L2W1
2063,14,319100,305300,624400,projection,G2L2W1
2063,15,321200,307100,628300,projection,G2L2W1
2063,16,323300,308400,631700,projection,G2L2W1
2063,17,325300,309500,634800,projection,G2L2W1
2063,18,327900,311600,639500,projection,G2L2W1
2063,19,330800,314600,645400,projection,G2L2W1
2063,20,333800,317900,651700,projection,G2L2W1
2063,21,336900,321000,657900,projection,G2L2W1
2063,22,340500,324600,665100,projection,G2L2W1
2063,23,344800,328600,673400,projection,G2L2W1
2063,24,348800,332500,681300,projection,G2L2W1
2063,25,352500,336100,688600,projection,G2L2W1
2063,26,356300,339900,696200,projection,G2L2W1
2063,27,360200,343600,703800,projection,G2L2W1
2063,28,364300,347500,711800,projection,G2L2W1
2063,29,366900,350100,717000,projection,G2L2W1
2063,30,369500,352700,722200,projection,G2L2W1
2063,31,373000,356100,729100,projection,G2L2W1
2063,32,375300,358200,733500,projection,G2L2W1
2063,33,376600,359500,736100,projection,G2L2W1
2063,34,377200,360100,737300,projection,G2L2W1
2063,35,377500,360400,737900,projection,G2L2W1
2063,36,379900,362700,742600,projection,G2L2W1
2063,37,383800,366500,750300,projection,G2L2W1
2063,38,390900,373300,764200,projection,G2L2W1
2063,39,404500,385600,790100,projection,G2L2W1
2063,40,418200,399600,817800,projection,G2L2W1
2063,41,440600,420300,860900,projection,G2L2W1
2063,42,467200,446100,913300,projection,G2L2W1
2063,43,460500,439300,899800,projection,G2L2W1
2063,44,464700,443600,908300,projection,G2L2W1
2063,45,470800,450800,921600,projection,G2L2W1
2063,46,475400,454800,930200,projection,G2L2W1
2063,47,478100,459100,937200,projection,G2L2W1
2063,48,467900,446000,913900,projection,G2L2W1
2063,49,463700,443800,907500,projection,G2L2W1
2063,50,449900,429900,879800,projection,G2L2W1
2063,51,449600,428700,878300,projection,G2L2W1
2063,52,442200,422500,864700,projection,G2L2W1
2063,53,450100,430400,880500,projection,G2L2W1
2063,54,444600,423300,867900,projection,G2L2W1
2063,55,454400,431600,886000,projection,G2L2W1
2063,56,455600,426500,882100,projection,G2L2W1
2063,57,453900,420700,874600,projection,G2L2W1
2063,58,459700,430400,890100,projection,G2L2W1
2063,59,464600,440500,905100,projection,G2L2W1
2063,60,452300,435500,887800,projection,G2L2W1
2063,61,459600,439400,899000,projection,G2L2W1
2063,62,472100,449000,921100,projection,G2L2W1
2063,63,495200,468900,964100,projection,G2L2W1
2063,64,499500,466400,965900,projection,G2L2W1
2063,65,501400,475100,976500,projection,G2L2W1
2063,66,503900,482600,986500,projection,G2L2W1
2063,67,484900,470100,955000,projection,G2L2W1
2063,68,466500,456200,922700,projection,G2L2W1
2063,69,459100,455400,914500,projection,G2L2W1
2063,70,459800,462800,922600,projection,G2L2W1
2063,71,456200,465500,921700,projection,G2L2W1
2063,72,455700,471300,927000,projection,G2L2W1
2063,73,480500,503000,983500,projection,G2L2W1
2063,74,461500,490300,951800,projection,G2L2W1
2063,75,458000,491700,949700,projection,G2L2W1
2063,76,434200,473400,907600,projection,G2L2W1
2063,77,410000,458500,868500,projection,G2L2W1
2063,78,383100,434200,817300,projection,G2L2W1
2063,79,363100,420200,783300,projection,G2L2W1
2063,80,345500,408200,753700,projection,G2L2W1
2063,81,332200,400600,732800,projection,G2L2W1
2063,82,308200,383300,691500,projection,G2L2W1
2063,83,289200,367200,656400,projection,G2L2W1
2063,84,255200,332100,587300,projection,G2L2W1
2063,85,230900,307600,538500,projection,G2L2W1
2063,86,207500,283300,490800,projection,G2L2W1
2063,87,181700,257000,438700,projection,G2L2W1
2063,88,156200,227600,383800,projection,G2L2W1
2063,89,136900,207200,344100,projection,G2L2W1
2063,90,117000,183600,300600,projection,G2L2W1
2063,91,105600,172400,278000,projection,G2L2W1
2063,92,94600,161000,255600,projection,G2L2W1
2063,93,77400,138300,215700,projection,G2L2W1
2063,94,63800,119400,183200,projection,G2L2W1
2063,95,49700,98300,148000,projection,G2L2W1
2063,96,36600,77400,114000,projection,G2L2W1
2063,97,26400,59200,85600,projection,G2L2W1
2063,98,18000,42900,60900,projection,G2L2W1
2063,99,12100,30900,43000,projection,G2L2W1
2064,0,267200,253800,521000,projection,G2L2W1
2064,1,269300,255900,525200,projection,G2L2W1
2064,2,271600,258400,530000,projection,G2L2W1
2064,3,274300,261200,535500,projection,G2L2W1
2064,4,277400,264300,541700,projection,G2L2W1
2064,5,280900,267900,548800,projection,G2L2W1
2064,6,284800,271800,556600,projection,G2L2W1
2064,7,289200,276100,565300,projection,G2L2W1
2064,8,293700,280600,574300,projection,G2L2W1
2064,9,298300,285100,583400,projection,G2L2W1
2064,10,302900,289600,592500,projection,G2L2W1
2064,11,307200,293800,601000,projection,G2L2W1
2064,12,311100,297600,608700,projection,G2L2W1
2064,13,314500,301000,615500,projection,G2L2W1
2064,14,317500,303700,621200,projection,G2L2W1
2064,15,320100,306000,626100,projection,G2L2W1
2064,16,322600,307800,630400,projection,G2L2W1
2064,17,325000,309200,634200,projection,G2L2W1
2064,18,327800,311500,639300,projection,G2L2W1
2064,19,330700,314600,645300,projection,G2L2W1
2064,20,333600,317800,651400,projection,G2L2W1
2064,21,336500,320700,657200,projection,G2L2W1
2064,22,340000,324100,664100,projection,G2L2W1
2064,23,343800,327700,671500,projection,G2L2W1
2064,24,348000,331700,679700,projection,G2L2W1
2064,25,351800,335500,687300,projection,G2L2W1
2064,26,355300,338900,694200,projection,G2L2W1
2064,27,358800,342300,701100,projection,G2L2W1
2064,28,362500,345900,708400,projection,G2L2W1
2064,29,366300,349600,715900,projection,G2L2W1
2064,30,368800,352000,720800,projection,G2L2W1
2064,31,371300,354400,725700,projection,G2L2W1
2064,32,374700,357600,732300,projection,G2L2W1
2064,33,376800,359700,736500,projection,G2L2W1
2064,34,378000,360800,738800,projection,G2L2W1
2064,35,378500,361300,739800,projection,G2L2W1
2064,36,378700,361600,740300,projection,G2L2W1
2064,37,381100,363800,744900,projection,G2L2W1
2064,38,384800,367500,752300,projection,G2L2W1
2064,39,391900,374300,766200,projection,G2L2W1
2064,40,405300,386500,791800,projection,G2L2W1
2064,41,419000,400400,819400,projection,G2L2W1
2064,42,441200,421100,862300,projection,G2L2W1
2064,43,467700,446800,914500,projection,G2L2W1
2064,44,461000,439900,900900,projection,G2L2W1
2064,45,465000,444100,909100,projection,G2L2W1
2064,46,471000,451200,922200,projection,G2L2W1
2064,47,475400,455100,930500,projection,G2L2W1
2064,48,478000,459300,937300,projection,G2L2W1
2064,49,467600,446100,913700,projection,G2L2W1
2064,50,463300,443800,907100,projection,G2L2W1
2064,51,449400,429800,879200,projection,G2L2W1
2064,52,449000,428600,877600,projection,G2L2W1
2064,53,441400,422200,863600,projection,G2L2W1
2064,54,449000,430100,879100,projection,G2L2W1
2064,55,443400,422800,866200,projection,G2L2W1
2064,56,453000,431000,884000,projection,G2L2W1
2064,57,454000,425800,879800,projection,G2L2W1
2064,58,452000,419800,871800,projection,G2L2W1
2064,59,457500,429300,886800,projection,G2L2W1
2064,60,462100,439200,901300,projection,G2L2W1
2064,61,449500,434000,883500,projection,G2L2W1
2064,62,456300,437700,894000,projection,G2L2W1
2064,63,468400,447000,915400,projection,G2L2W1
2064,64,490900,466500,957400,projection,G2L2W1
2064,65,494600,463700,958300,projection,G2L2W1
2064,66,496000,472100,968100,projection,G2L2W1
2064,67,497900,479200,977100,projection,G2L2W1
2064,68,478600,466400,945000,projection,G2L2W1
2064,69,459800,452300,912100,projection,G2L2W1
2064,70,451900,451100,903000,projection,G2L2W1
2064,71,451800,457900,909700,projection,G2L2W1
2064,72,447600,460100,907700,projection,G2L2W1
2064,73,446200,465200,911400,projection,G2L2W1
2064,74,469500,495700,965200,projection,G2L2W1
2064,75,449800,482400,932200,projection,G2L2W1
2064,76,445200,482800,928000,projection,G2L2W1
2064,77,420900,463800,884700,projection,G2L2W1
2064,78,396000,448100,844100,projection,G2L2W1
2064,79,368700,423200,791900,projection,G2L2W1
2064,80,348000,408300,756300,projection,G2L2W1
2064,81,329500,395300,724800,projection,G2L2W1
2064,82,315000,386300,701300,projection,G2L2W1
2064,83,290300,367800,658100,projection,G2L2W1
2064,84,270300,350200,620500,projection,G2L2W1
2064,85,236200,314300,550500,projection,G2L2W1
2064,86,211400,288600,500000,projection,G2L2W1
2064,87,187600,262900,450500,projection,G2L2W1
2064,88,161800,235600,397400,projection,G2L2W1
2064,89,136800,205700,342500,projection,G2L2W1
2064,90,117600,184200,301800,projection,G2L2W1
2064,91,98300,160300,258600,projection,G2L2W1
2064,92,86600,147500,234100,projection,G2L2W1
2064,93,75600,134900,210500,projection,G2L2W1
2064,94,60100,113100,173200,projection,G2L2W1
2064,95,48200,95300,143500,projection,G2L2W1
2064,96,36400,76500,112900,projection,G2L2W1
2064,97,26100,58600,84700,projection,G2L2W1
2064,98,18300,43500,61800,projection,G2L2W1
2064,99,12100,30700,42800,projection,G2L2W1
2065,0,266100,252700,518800,projection,G2L2W1
2065,1,267900,254600,522500,projection,G2L2W1
2065,2,269900,256700,526600,projection,G2L2W1
2065,3,272200,259100,531300,projection,G2L2W1
2065,4,274900,261900,536800,projection,G2L2W1
2065,5,278000,265000,543000,projection,G2L2W1
2065,6,281400,268500,549900,projection,G2L2W1
2065,7,285400,272600,558000,projection,G2L2W1
2065,8,289800,276800,566600,projection,G2L2W1
2065,9,294400,281300,575700,projection,G2L2W1
2065,10,299000,285900,584900,projection,G2L2W1
2065,11,303500,290300,593800,projection,G2L2W1
2065,12,307800,294500,602300,projection,G2L2W1
2065,13,311800,298300,610100,projection,G2L2W1
2065,14,315300,301600,616900,projection,G2L2W1
2065,15,318500,304400,622900,projection,G2L2W1
2065,16,321500,306700,628200,projection,G2L2W1
2065,17,324400,308600,633000,projection,G2L2W1
2065,18,327500,311200,638700,projection,G2L2W1
2065,19,330600,314500,645100,projection,G2L2W1
2065,20,333600,317700,651300,projection,G2L2W1
2065,21,336400,320600,657000,projection,G2L2W1
2065,22,339700,323800,663500,projection,G2L2W1
2065,23,343300,327200,670500,projection,G2L2W1
2065,24,347000,330800,677800,projection,G2L2W1
2065,25,350900,334600,685500,projection,G2L2W1
2065,26,354600,338200,692800,projection,G2L2W1
2065,27,357800,341300,699100,projection,G2L2W1
2065,28,361200,344500,705700,projection,G2L2W1
2065,29,364600,347900,712500,projection,G2L2W1
2065,30,368300,351400,719700,projection,G2L2W1
2065,31,370500,353600,724100,projection,G2L2W1
2065,32,372900,355900,728800,projection,G2L2W1
2065,33,376200,359100,735300,projection,G2L2W1
2065,34,378200,361000,739200,projection,G2L2W1
2065,35,379300,362100,741400,projection,G2L2W1
2065,36,379700,362500,742200,projection,G2L2W1
2065,37,379900,362700,742600,projection,G2L2W1
2065,38,382100,364900,747000,projection,G2L2W1
2065,39,385800,368400,754200,projection,G2L2W1
2065,40,392800,375100,767900,projection,G2L2W1
2065,41,406100,387300,793400,projection,G2L2W1
2065,42,419700,401200,820900,projection,G2L2W1
2065,43,441800,421700,863500,projection,G2L2W1
2065,44,468100,447300,915400,projection,G2L2W1
2065,45,461300,440400,901700,projection,G2L2W1
2065,46,465200,444500,909700,projection,G2L2W1
2065,47,471000,451500,922500,projection,G2L2W1
2065,48,475300,455300,930600,projection,G2L2W1
2065,49,477700,459500,937200,projection,G2L2W1
2065,50,467300,446200,913500,projection,G2L2W1
2065,51,462800,443800,906600,projection,G2L2W1
2065,52,448700,429700,878400,projection,G2L2W1
2065,53,448100,428300,876400,projection,G2L2W1
2065,54,440400,421800,862200,projection,G2L2W1
2065,55,447800,429500,877300,projection,G2L2W1
2065,56,442000,422200,864200,projection,G2L2W1
2065,57,451300,430200,881500,projection,G2L2W1
2065,58,452100,424900,877000,projection,G2L2W1
2065,59,449900,418800,868700,projection,G2L2W1
2065,60,455200,428100,883300,projection,G2L2W1
2065,61,459300,437700,897000,projection,G2L2W1
2065,62,446400,432300,878700,projection,G2L2W1
2065,63,452800,435800,888600,projection,G2L2W1
2065,64,464300,444800,909100,projection,G2L2W1
2065,65,486100,463900,950000,projection,G2L2W1
2065,66,489300,460800,950100,projection,G2L2W1
2065,67,490100,468800,958900,projection,G2L2W1
2065,68,491500,475500,967000,projection,G2L2W1
2065,69,471800,462500,934300,projection,G2L2W1
2065,70,452600,448000,900600,projection,G2L2W1
2065,71,444200,446400,890600,projection,G2L2W1
2065,72,443300,452700,896000,projection,G2L2W1
2065,73,438300,454200,892500,projection,G2L2W1
2065,74,436100,458500,894600,projection,G2L2W1
2065,75,457700,487700,945400,projection,G2L2W1
2065,76,437300,473700,911000,projection,G2L2W1
2065,77,431600,473100,904700,projection,G2L2W1
2065,78,406700,453300,860000,projection,G2L2W1
2065,79,381200,436800,818000,projection,G2L2W1
2065,80,353400,411300,764700,projection,G2L2W1
2065,81,331900,395500,727400,projection,G2L2W1
2065,82,312600,381300,693900,projection,G2L2W1
2065,83,296800,370800,667600,projection,G2L2W1
2065,84,271400,350800,622200,projection,G2L2W1
2065,85,250300,331500,581800,projection,G2L2W1
2065,86,216400,294900,511300,projection,G2L2W1
2065,87,191200,267900,459100,projection,G2L2W1
2065,88,167100,241100,408200,projection,G2L2W1
2065,89,141800,212900,354700,projection,G2L2W1
2065,90,117600,182900,300500,projection,G2L2W1
2065,91,98900,160900,259800,projection,G2L2W1
2065,92,80700,137300,218000,projection,G2L2W1
2065,93,69300,123700,193000,projection,G2L2W1
2065,94,58800,110500,169300,projection,G2L2W1
2065,95,45500,90400,135900,projection,G2L2W1
2065,96,35400,74200,109600,projection,G2L2W1
2065,97,26000,58000,84000,projection,G2L2W1
2065,98,18200,43100,61300,projection,G2L2W1
2065,99,12300,31300,43600,projection,G2L2W1
2066,0,265200,251800,517000,projection,G2L2W1
2066,1,266700,253500,520200,projection,G2L2W1
2066,2,268400,255300,523700,projection,G2L2W1
2066,3,270400,257500,527900,projection,G2L2W1
2066,4,272800,259900,532700,projection,G2L2W1
2066,5,275400,262600,538000,projection,G2L2W1
2066,6,278500,265700,544200,projection,G2L2W1
2066,7,282000,269300,551300,projection,G2L2W1
2066,8,286100,273300,559400,projection,G2L2W1
2066,9,290400,277600,568000,projection,G2L2W1
2066,10,295000,282100,577100,projection,G2L2W1
2066,11,299600,286600,586200,projection,G2L2W1
2066,12,304100,291000,595100,projection,G2L2W1
2066,13,308500,295200,603700,projection,G2L2W1
2066,14,312500,299000,611500,projection,G2L2W1
2066,15,316200,302300,618500,projection,G2L2W1
2066,16,319900,305200,625100,projection,G2L2W1
2066,17,323200,307500,630700,projection,G2L2W1
2066,18,326900,310600,637500,projection,G2L2W1
2066,19,330300,314200,644500,projection,G2L2W1
2066,20,333500,317600,651100,projection,G2L2W1
2066,21,336400,320500,656900,projection,G2L2W1
2066,22,339500,323600,663100,projection,G2L2W1
2066,23,342900,326900,669800,projection,G2L2W1
2066,24,346400,330200,676600,projection,G2L2W1
2066,25,350000,333700,683700,projection,G2L2W1
2066,26,353800,337400,691200,projection,G2L2W1
2066,27,357100,340700,697800,projection,G2L2W1
2066,28,360100,343600,703700,projection,G2L2W1
2066,29,363200,346600,709800,projection,G2L2W1
2066,30,366500,349800,716300,projection,G2L2W1
2066,31,370000,353100,723100,projection,G2L2W1
2066,32,372200,355200,727400,projection,G2L2W1
2066,33,374400,357400,731800,projection,G2L2W1
2066,34,377600,360400,738000,projection,G2L2W1
2066,35,379500,362300,741800,projection,G2L2W1
2066,36,380500,363200,743700,projection,G2L2W1
2066,37,380900,363600,744500,projection,G2L2W1
2066,38,380900,363700,744600,projection,G2L2W1
2066,39,383100,365800,748900,projection,G2L2W1
2066,40,386700,369300,756000,projection,G2L2W1
2066,41,393600,376000,769600,projection,G2L2W1
2066,42,406800,388100,794900,projection,G2L2W1
2066,43,420300,401800,822100,projection,G2L2W1
2066,44,442300,422300,864600,projection,G2L2W1
2066,45,468500,447800,916300,projection,G2L2W1
2066,46,461500,440800,902300,projection,G2L2W1
2066,47,465200,444900,910100,projection,G2L2W1
2066,48,470900,451700,922600,projection,G2L2W1
2066,49,475000,455400,930400,projection,G2L2W1
2066,50,477400,459500,936900,projection,G2L2W1
2066,51,466700,446100,912800,projection,G2L2W1
2066,52,462100,443600,905700,projection,G2L2W1
2066,53,447900,429400,877300,projection,G2L2W1
2066,54,447200,428000,875200,projection,G2L2W1
2066,55,439200,421400,860600,projection,G2L2W1
2066,56,446400,428900,875300,projection,G2L2W1
2066,57,440400,421400,861800,projection,G2L2W1
2066,58,449500,429300,878800,projection,G2L2W1
2066,59,450000,423800,873800,projection,G2L2W1
2066,60,447600,417600,865200,projection,G2L2W1
2066,61,452400,426600,879000,projection,G2L2W1
2066,62,456200,436100,892300,projection,G2L2W1
2066,63,443000,430400,873400,projection,G2L2W1
2066,64,448900,433600,882500,projection,G2L2W1
2066,65,459900,442300,902200,projection,G2L2W1
2066,66,480900,461000,941900,projection,G2L2W1
2066,67,483600,457600,941200,projection,G2L2W1
2066,68,483800,465200,949000,projection,G2L2W1
2066,69,484600,471500,956100,projection,G2L2W1
2066,70,464500,458100,922600,projection,G2L2W1
2066,71,445000,443400,888400,projection,G2L2W1
2066,72,435900,441300,877200,projection,G2L2W1
2066,73,434200,446900,881100,projection,G2L2W1
2066,74,428400,447700,876100,projection,G2L2W1
2066,75,425200,451200,876400,projection,G2L2W1
2066,76,445100,479000,924100,projection,G2L2W1
2066,77,424100,464200,888300,projection,G2L2W1
2066,78,417100,462500,879600,projection,G2L2W1
2066,79,391600,442000,833600,projection,G2L2W1
2066,80,365500,424600,790100,projection,G2L2W1
2066,81,337200,398500,735700,projection,G2L2W1
2066,82,315000,381600,696600,projection,G2L2W1
2066,83,294600,366100,660700,projection,G2L2W1
2066,84,277600,353800,631400,projection,G2L2W1
2066,85,251400,332200,583600,projection,G2L2W1
2066,86,229300,311100,540400,projection,G2L2W1
2066,87,195800,273900,469700,projection,G2L2W1
2066,88,170500,245800,416300,projection,G2L2W1
2066,89,146500,218000,364500,projection,G2L2W1
2066,90,121900,189500,311400,projection,G2L2W1
2066,91,99000,159900,258900,projection,G2L2W1
2066,92,81300,137900,219200,projection,G2L2W1
2066,93,64600,115200,179800,projection,G2L2W1
2066,94,54000,101400,155400,projection,G2L2W1
2066,95,44500,88400,132900,projection,G2L2W1
2066,96,33400,70500,103900,projection,G2L2W1
2066,97,25300,56300,81600,projection,G2L2W1
2066,98,18100,42700,60800,projection,G2L2W1
2066,99,12300,31000,43300,projection,G2L2W1
2067,0,264400,251100,515500,projection,G2L2W1
2067,1,265800,252600,518400,projection,G2L2W1
2067,2,267300,254300,521600,projection,G2L2W1
2067,3,269000,256100,525100,projection,G2L2W1
2067,4,271000,258200,529200,projection,G2L2W1
2067,5,273300,260600,533900,projection,G2L2W1
2067,6,275900,263300,539200,projection,G2L2W1
2067,7,279100,266500,545600,projection,G2L2W1
2067,8,282700,270100,552800,projection,G2L2W1
2067,9,286700,274100,560800,projection,G2L2W1
2067,10,291100,278400,569500,projection,G2L2W1
2067,11,295600,282900,578500,projection,G2L2W1
2067,12,300300,287300,587600,projection,G2L2W1
2067,13,304800,291700,596500,projection,G2L2W1
2067,14,309200,295800,605000,projection,G2L2W1
2067,15,313400,299700,613100,projection,G2L2W1
2067,16,317600,303000,620600,projection,G2L2W1
2067,17,321600,305900,627500,projection,G2L2W1
2067,18,325700,309500,635200,projection,G2L2W1
2067,19,329700,313600,643300,projection,G2L2W1
2067,20,333200,317300,650500,projection,G2L2W1
2067,21,336300,320400,656700,projection,G2L2W1
2067,22,339500,323600,663100,projection,G2L2W1
2067,23,342800,326700,669500,projection,G2L2W1
2067,24,346100,329900,676000,projection,G2L2W1
2067,25,349400,333200,682600,projection,G2L2W1
2067,26,352800,336500,689300,projection,G2L2W1
2067,27,356300,339800,696100,projection,G2L2W1
2067,28,359400,342900,702300,projection,G2L2W1
2067,29,362200,345600,707800,projection,G2L2W1
2067,30,365200,348500,713700,projection,G2L2W1
2067,31,368300,351500,719800,projection,G2L2W1
2067,32,371600,354700,726300,projection,G2L2W1
2067,33,373700,356700,730400,projection,G2L2W1
2067,34,375800,358700,734500,projection,G2L2W1
2067,35,378900,361700,740600,projection,G2L2W1
2067,36,380800,363400,744200,projection,G2L2W1
2067,37,381700,364300,746000,projection,G2L2W1
2067,38,382000,364600,746600,projection,G2L2W1
2067,39,381900,364700,746600,projection,G2L2W1
2067,40,384000,366700,750700,projection,G2L2W1
2067,41,387500,370200,757700,projection,G2L2W1
2067,42,394300,376700,771000,projection,G2L2W1
2067,43,407500,388700,796200,projection,G2L2W1
2067,44,420800,402400,823200,projection,G2L2W1
2067,45,442600,422800,865400,projection,G2L2W1
2067,46,468600,448300,916900,projection,G2L2W1
2067,47,461500,441100,902600,projection,G2L2W1
2067,48,465200,445100,910300,projection,G2L2W1
2067,49,470700,451900,922600,projection,G2L2W1
2067,50,474700,455500,930200,projection,G2L2W1
2067,51,476800,459400,936200,projection,G2L2W1
2067,52,466100,446000,912100,projection,G2L2W1
2067,53,461300,443300,904600,projection,G2L2W1
2067,54,446900,429000,875900,projection,G2L2W1
2067,55,446000,427500,873500,projection,G2L2W1
2067,56,437900,420800,858700,projection,G2L2W1
2067,57,444900,428100,873000,projection,G2L2W1
2067,58,438600,420600,859200,projection,G2L2W1
2067,59,447400,428200,875600,projection,G2L2W1
2067,60,447700,422600,870300,projection,G2L2W1
2067,61,444900,416200,861100,projection,G2L2W1
2067,62,449400,425000,874400,projection,G2L2W1
2067,63,452700,434200,886900,projection,G2L2W1
2067,64,439200,428300,867500,projection,G2L2W1
2067,65,444600,431200,875800,projection,G2L2W1
2067,66,455000,439500,894500,projection,G2L2W1
2067,67,475300,457800,933100,projection,G2L2W1
2067,68,477500,454100,931600,projection,G2L2W1
2067,69,477100,461300,938400,projection,G2L2W1
2067,70,477200,467100,944300,projection,G2L2W1
2067,71,456700,453400,910100,projection,G2L2W1
2067,72,436700,438400,875100,projection,G2L2W1
2067,73,427000,435700,862700,projection,G2L2W1
2067,74,424500,440500,865000,projection,G2L2W1
2067,75,417700,440600,858300,projection,G2L2W1
2067,76,413600,443100,856700,projection,G2L2W1
2067,77,431700,469400,901100,projection,G2L2W1
2067,78,409900,453900,863800,projection,G2L2W1
2067,79,401700,451000,852700,projection,G2L2W1
2067,80,375500,429700,805200,projection,G2L2W1
2067,81,348900,411400,760300,projection,G2L2W1
2067,82,320100,384500,704600,projection,G2L2W1
2067,83,297000,366400,663400,projection,G2L2W1
2067,84,275600,349400,625000,projection,G2L2W1
2067,85,257200,335100,592300,projection,G2L2W1
2067,86,230500,311900,542400,projection,G2L2W1
2067,87,207600,289100,496700,projection,G2L2W1
2067,88,174700,251400,426100,projection,G2L2W1
2067,89,149500,222400,371900,projection,G2L2W1
2067,90,126100,194200,320300,projection,G2L2W1
2067,91,102700,165800,268500,projection,G2L2W1
2067,92,81400,137200,218600,projection,G2L2W1
2067,93,65200,115800,181000,projection,G2L2W1
2067,94,50400,94500,144900,projection,G2L2W1
2067,95,40900,81200,122100,projection,G2L2W1
2067,96,32800,69000,101800,projection,G2L2W1
2067,97,23900,53600,77500,projection,G2L2W1
2067,98,17600,41600,59200,projection,G2L2W1
2067,99,12200,30800,43000,projection,G2L2W1
2068,0,263800,250500,514300,projection,G2L2W1
2068,1,265000,251900,516900,projection,G2L2W1
2068,2,266400,253400,519800,projection,G2L2W1
2068,3,267900,255000,522900,projection,G2L2W1
2068,4,269600,256900,526500,projection,G2L2W1
2068,5,271500,258900,530400,projection,G2L2W1
2068,6,273800,261300,535100,projection,G2L2W1
2068,7,276500,264100,540600,projection,G2L2W1
2068,8,279700,267300,547000,projection,G2L2W1
2068,9,283300,270900,554200,projection,G2L2W1
2068,10,287400,274800,562200,projection,G2L2W1
2068,11,291700,279100,570800,projection,G2L2W1
2068,12,296300,283600,579900,projection,G2L2W1
2068,13,300900,288000,588900,projection,G2L2W1
2068,14,305500,292400,597900,projection,G2L2W1
2068,15,310200,296500,606700,projection,G2L2W1
2068,16,314800,300400,615200,projection,G2L2W1
2068,17,319400,303800,623200,projection,G2L2W1
2068,18,324100,307900,632000,projection,G2L2W1
2068,19,328600,312500,641100,projection,G2L2W1
2068,20,332500,316700,649200,projection,G2L2W1
2068,21,336000,320100,656100,projection,G2L2W1
2068,22,339400,323500,662900,projection,G2L2W1
2068,23,342800,326700,669500,projection,G2L2W1
2068,24,346000,329800,675800,projection,G2L2W1
2068,25,349100,332900,682000,projection,G2L2W1
2068,26,352200,335900,688100,projection,G2L2W1
2068,27,355300,338900,694200,projection,G2L2W1
2068,28,358600,342100,700700,projection,G2L2W1
2068,29,361500,344900,706400,projection,G2L2W1
2068,30,364100,347500,711600,projection,G2L2W1
2068,31,366900,350200,717100,projection,G2L2W1
2068,32,369900,353000,722900,projection,G2L2W1
2068,33,373200,356100,729300,projection,G2L2W1
2068,34,375100,358000,733100,projection,G2L2W1
2068,35,377200,360000,737200,projection,G2L2W1
2068,36,380200,362800,743000,projection,G2L2W1
2068,37,381900,364500,746400,projection,G2L2W1
2068,38,382700,365400,748100,projection,G2L2W1
2068,39,382900,365600,748500,projection,G2L2W1
2068,40,382800,365600,748400,projection,G2L2W1
2068,41,384800,367500,752300,projection,G2L2W1
2068,42,388200,370900,759100,projection,G2L2W1
2068,43,394900,377400,772300,projection,G2L2W1
2068,44,407900,389400,797300,projection,G2L2W1
2068,45,421200,403000,824200,projection,G2L2W1
2068,46,442800,423300,866100,projection,G2L2W1
2068,47,468700,448600,917300,projection,G2L2W1
2068,48,461500,441400,902900,projection,G2L2W1
2068,49,465000,445300,910300,projection,G2L2W1
2068,50,470300,451900,922200,projection,G2L2W1
2068,51,474200,455400,929600,projection,G2L2W1
2068,52,476100,459300,935400,projection,G2L2W1
2068,53,465200,445700,910900,projection,G2L2W1
2068,54,460300,442900,903200,projection,G2L2W1
2068,55,445800,428600,874400,projection,G2L2W1
2068,56,444600,426800,871400,projection,G2L2W1
2068,57,436300,420000,856300,projection,G2L2W1
2068,58,443100,427300,870400,projection,G2L2W1
2068,59,436600,419600,856200,projection,G2L2W1
2068,60,445200,427000,872200,projection,G2L2W1
2068,61,445000,421200,866200,projection,G2L2W1
2068,62,441900,414700,856600,projection,G2L2W1
2068,63,446000,423200,869200,projection,G2L2W1
2068,64,448800,432100,880900,projection,G2L2W1
2068,65,435100,426000,861100,projection,G2L2W1
2068,66,439900,428600,868500,projection,G2L2W1
2068,67,449800,436500,886300,projection,G2L2W1
2068,68,469400,454300,923700,projection,G2L2W1
2068,69,470900,450300,921200,projection,G2L2W1
2068,70,469900,457000,926900,projection,G2L2W1
2068,71,469200,462300,931500,projection,G2L2W1
2068,72,448300,448300,896600,projection,G2L2W1
2068,73,427900,432800,860700,projection,G2L2W1
2068,74,417500,429500,847000,projection,G2L2W1
2068,75,414000,433600,847600,projection,G2L2W1
2068,76,406400,432800,839200,projection,G2L2W1
2068,77,401200,434300,835500,projection,G2L2W1
2068,78,417400,459000,876400,projection,G2L2W1
2068,79,394900,442600,837500,projection,G2L2W1
2068,80,385400,438500,823900,projection,G2L2W1
2068,81,358500,416400,774900,projection,G2L2W1
2068,82,331300,397100,728400,projection,G2L2W1
2068,83,301900,369300,671200,projection,G2L2W1
2068,84,277900,349700,627600,projection,G2L2W1
2068,85,255500,331000,586500,projection,G2L2W1
2068,86,235900,314700,550600,projection,G2L2W1
2068,87,208800,289900,498700,projection,G2L2W1
2068,88,185400,265400,450800,projection,G2L2W1
2068,89,153300,227600,380900,projection,G2L2W1
2068,90,128800,198200,327000,projection,G2L2W1
2068,91,106400,170000,276400,projection,G2L2W1
2068,92,84600,142400,227000,projection,G2L2W1
2068,93,65300,115300,180600,projection,G2L2W1
2068,94,50900,95100,146000,projection,G2L2W1
2068,95,38300,75800,114100,projection,G2L2W1
2068,96,30200,63500,93700,projection,G2L2W1
2068,97,23500,52500,76000,projection,G2L2W1
2068,98,16700,39600,56300,projection,G2L2W1
2068,99,11900,30000,41900,projection,G2L2W1
2069,0,263200,249900,513100,projection,G2L2W1
2069,1,264400,251300,515700,projection,G2L2W1
2069,2,265600,252700,518300,projection,G2L2W1
2069,3,267000,254200,521200,projection,G2L2W1
2069,4,268400,255800,524200,projection,G2L2W1
2069,5,270100,257600,527700,projection,G2L2W1
2069,6,272000,259600,531600,projection,G2L2W1
2069,7,274400,262100,536500,projection,G2L2W1
2069,8,277200,264900,542100,projection,G2L2W1
2069,9,280400,268000,548400,projection,G2L2W1
2069,10,284000,271600,555600,projection,G2L2W1
2069,11,288000,275600,563600,projection,G2L2W1
2069,12,292400,279800,572200,projection,G2L2W1
2069,13,296900,284200,581100,projection,G2L2W1
2069,14,301600,288700,590300,projection,G2L2W1
2069,15,306500,293100,599600,projection,G2L2W1
2069,16,311600,297300,608900,projection,G2L2W1
2069,17,316600,301200,617800,projection,G2L2W1
2069,18,321900,305800,627700,projection,G2L2W1
2069,19,326900,310900,637800,projection,G2L2W1
2069,20,331400,315600,647000,projection,G2L2W1
2069,21,335300,319500,654800,projection,G2L2W1
2069,22,339100,323200,662300,projection,G2L2W1
2069,23,342700,326600,669300,projection,G2L2W1
2069,24,346000,329800,675800,projection,G2L2W1
2069,25,349000,332800,681800,projection,G2L2W1
2069,26,351900,335600,687500,projection,G2L2W1
2069,27,354700,338400,693100,projection,G2L2W1
2069,28,357600,341200,698800,projection,G2L2W1
2069,29,360700,344100,704800,projection,G2L2W1
2069,30,363500,346800,710300,projection,G2L2W1
2069,31,365900,349200,715100,projection,G2L2W1
2069,32,368600,351700,720300,projection,G2L2W1
2069,33,371400,354500,725900,projection,G2L2W1
2069,34,374600,357500,732100,projection,G2L2W1
2069,35,376400,359200,735600,projection,G2L2W1
2069,36,378400,361100,739500,projection,G2L2W1
2069,37,381300,363900,745200,projection,G2L2W1
2069,38,383000,365600,748600,projection,G2L2W1
2069,39,383700,366300,750000,projection,G2L2W1
2069,40,383800,366500,750300,projection,G2L2W1
2069,41,383700,366400,750100,projection,G2L2W1
2069,42,385500,368300,753800,projection,G2L2W1
2069,43,388900,371600,760500,projection,G2L2W1
2069,44,395400,378000,773400,projection,G2L2W1
2069,45,408300,389900,798200,projection,G2L2W1
2069,46,421400,403400,824800,projection,G2L2W1
2069,47,442900,423600,866500,projection,G2L2W1
2069,48,468600,448800,917400,projection,G2L2W1
2069,49,461300,441500,902800,projection,G2L2W1
2069,50,464600,445300,909900,projection,G2L2W1
2069,51,469800,451900,921700,projection,G2L2W1
2069,52,473500,455300,928800,projection,G2L2W1
2069,53,475300,459000,934300,projection,G2L2W1
2069,54,464200,445300,909500,projection,G2L2W1
2069,55,459100,442400,901500,projection,G2L2W1
2069,56,444400,427900,872300,projection,G2L2W1
2069,57,443100,426100,869200,projection,G2L2W1
2069,58,434600,419200,853800,projection,G2L2W1
2069,59,441100,426300,867400,projection,G2L2W1
2069,60,434500,418400,852900,projection,G2L2W1
2069,61,442600,425600,868200,projection,G2L2W1
2069,62,442100,419700,861800,projection,G2L2W1
2069,63,438600,412900,851500,projection,G2L2W1
2069,64,442200,421200,863400,projection,G2L2W1
2069,65,444700,429700,874400,projection,G2L2W1
2069,66,430500,423400,853900,projection,G2L2W1
2069,67,435000,425700,860700,projection,G2L2W1
2069,68,444200,433200,877400,projection,G2L2W1
2069,69,463000,450600,913600,projection,G2L2W1
2069,70,463800,446200,910000,projection,G2L2W1
2069,71,462100,452400,914500,projection,G2L2W1
2069,72,460600,457100,917700,projection,G2L2W1
2069,73,439300,442700,882000,projection,G2L2W1
2069,74,418400,426700,845100,projection,G2L2W1
2069,75,407300,422800,830100,projection,G2L2W1
2069,76,402800,425900,828700,projection,G2L2W1
2069,77,394300,424200,818500,projection,G2L2W1
2069,78,387900,424700,812600,projection,G2L2W1
2069,79,402200,447700,849900,projection,G2L2W1
2069,80,378900,430400,809300,projection,G2L2W1
2069,81,368000,425000,793000,projection,G2L2W1
2069,82,340500,401900,742400,projection,G2L2W1
2069,83,312500,381400,693900,projection,G2L2W1
2069,84,282600,352600,635200,projection,G2L2W1
2069,85,257800,331500,589300,projection,G2L2W1
2069,86,234500,311000,545500,projection,G2L2W1
2069,87,213800,292600,506400,projection,G2L2W1
2069,88,186500,266300,452800,projection,G2L2W1
2069,89,162800,240400,403200,projection,G2L2W1
2069,90,132200,202900,335100,projection,G2L2W1
2069,91,108700,173600,282300,projection,G2L2W1
2069,92,87700,146000,233700,projection,G2L2W1
2069,93,68000,119700,187700,projection,G2L2W1
2069,94,51100,94800,145900,projection,G2L2W1
2069,95,38700,76400,115100,projection,G2L2W1
2069,96,28200,59300,87500,projection,G2L2W1
2069,97,21700,48400,70100,projection,G2L2W1
2069,98,16400,38900,55300,projection,G2L2W1
2069,99,11300,28600,39900,projection,G2L2W1
2070,0,262700,249500,512200,projection,G2L2W1
2070,1,263800,250700,514500,projection,G2L2W1
2070,2,265000,252100,517100,projection,G2L2W1
2070,3,266200,253400,519600,projection,G2L2W1
2070,4,267500,254900,522400,projection,G2L2W1
2070,5,269000,256500,525500,projection,G2L2W1
2070,6,270600,258300,528900,projection,G2L2W1
2070,7,272600,260400,533000,projection,G2L2W1
2070,8,275000,262800,537800,projection,G2L2W1
2070,9,277800,265600,543400,projection,G2L2W1
2070,10,281000,268800,549800,projection,G2L2W1
2070,11,284600,272400,557000,projection,G2L2W1
2070,12,288600,276300,564900,projection,G2L2W1
2070,13,293000,280500,573500,projection,G2L2W1
2070,14,297700,284900,582600,projection,G2L2W1
2070,15,302600,289400,592000,projection,G2L2W1
2070,16,307900,293800,601700,projection,G2L2W1
2070,17,313300,298000,611300,projection,G2L2W1
2070,18,319100,303200,622300,projection,G2L2W1
2070,19,324700,308800,633500,projection,G2L2W1
2070,20,329800,314100,643900,projection,G2L2W1
2070,21,334200,318500,652700,projection,G2L2W1
2070,22,338500,322600,661100,projection,G2L2W1
2070,23,342400,326300,668700,projection,G2L2W1
2070,24,345900,329700,675600,projection,G2L2W1
2070,25,348900,332700,681600,projection,G2L2W1
2070,26,351800,335500,687300,projection,G2L2W1
2070,27,354400,338100,692500,projection,G2L2W1
2070,28,357100,340600,697700,projection,G2L2W1
2070,29,359700,343200,702900,projection,G2L2W1
2070,30,362600,346000,708600,projection,G2L2W1
2070,31,365200,348500,713700,projection,G2L2W1
2070,32,367500,350700,718200,projection,G2L2W1
2070,33,370100,353200,723300,projection,G2L2W1
2070,34,372900,355800,728700,projection,G2L2W1
2070,35,375900,358700,734600,projection,G2L2W1
2070,36,377700,360400,738100,projection,G2L2W1
2070,37,379600,362200,741800,projection,G2L2W1
2070,38,382400,365000,747400,projection,G2L2W1
2070,39,384000,366500,750500,projection,G2L2W1
2070,40,384600,367200,751800,projection,G2L2W1
2070,41,384700,367300,752000,projection,G2L2W1
2070,42,384400,367200,751600,projection,G2L2W1
2070,43,386200,369000,755200,projection,G2L2W1
2070,44,389400,372200,761600,projection,G2L2W1
2070,45,395800,378600,774400,projection,G2L2W1
2070,46,408600,390400,799000,projection,G2L2W1
2070,47,421500,403800,825300,projection,G2L2W1
2070,48,442900,423900,866800,projection,G2L2W1
2070,49,468500,449000,917500,projection,G2L2W1
2070,50,461000,441600,902600,projection,G2L2W1
2070,51,464200,445300,909500,projection,G2L2W1
2070,52,469200,451800,921000,projection,G2L2W1
2070,53,472700,455000,927700,projection,G2L2W1
2070,54,474300,458600,932900,projection,G2L2W1
2070,55,463100,444800,907900,projection,G2L2W1
2070,56,457800,441800,899600,projection,G2L2W1
2070,57,442900,427200,870100,projection,G2L2W1
2070,58,441300,425200,866500,projection,G2L2W1
2070,59,432700,418200,850900,projection,G2L2W1
2070,60,438900,425100,864000,projection,G2L2W1
2070,61,431900,417000,848900,projection,G2L2W1
2070,62,439600,424100,863700,projection,G2L2W1
2070,63,438800,417900,856700,projection,G2L2W1
2070,64,435000,411000,846000,projection,G2L2W1
2070,65,438100,418900,857000,projection,G2L2W1
2070,66,440100,427100,867200,projection,G2L2W1
2070,67,425700,420500,846200,projection,G2L2W1
2070,68,429600,422500,852100,projection,G2L2W1
2070,69,438100,429700,867800,projection,G2L2W1
2070,70,456000,446500,902500,projection,G2L2W1
2070,71,456200,441700,897900,projection,G2L2W1
2070,72,453700,447300,901000,projection,G2L2W1
2070,73,451400,451400,902800,projection,G2L2W1
2070,74,429600,436500,866100,projection,G2L2W1
2070,75,408200,420100,828300,projection,G2L2W1
2070,76,396300,415300,811600,projection,G2L2W1
2070,77,390900,417600,808500,projection,G2L2W1
2070,78,381400,414900,796300,projection,G2L2W1
2070,79,373900,414300,788200,projection,G2L2W1
2070,80,386000,435400,821400,projection,G2L2W1
2070,81,361900,417200,779100,projection,G2L2W1
2070,82,349600,410300,759900,projection,G2L2W1
2070,83,321400,386200,707600,projection,G2L2W1
2070,84,292700,364300,657000,projection,G2L2W1
2070,85,262200,334200,596400,projection,G2L2W1
2070,86,236700,311500,548200,projection,G2L2W1
2070,87,212600,289200,501800,projection,G2L2W1
2070,88,191100,268900,460000,projection,G2L2W1
2070,89,163900,241300,405200,projection,G2L2W1
2070,90,140500,214500,355000,projection,G2L2W1
2070,91,111600,177900,289500,projection,G2L2W1
2070,92,89700,149300,239000,projection,G2L2W1
2070,93,70500,122900,193400,projection,G2L2W1
2070,94,53200,98500,151700,projection,G2L2W1
2070,95,38900,76200,115100,projection,G2L2W1
2070,96,28600,59800,88400,projection,G2L2W1
2070,97,20300,45300,65600,projection,G2L2W1
2070,98,15200,35900,51100,projection,G2L2W1
2070,99,11200,28100,39300,projection,G2L2W1
